:1000000080930020C9850000D7790200B5850000E3
:10001000B5850000B5850000B58500000000000032
:1000200000000000000000000000000079860000D1
:10003000B58500000000000025860000B5850000A1
:1000400031880000158B01003188000031880000E4
:1000500031880000318800003188000031880000BC
:1000600031880000318800003188000031880000AC
:10007000318800003188000031880000318800009C
:10008000318800003188000031880000318800008C
:10009000318800003188000031880000318800007C
:1000A000318800003188000031880000318800006C
:1000B000318800003188000031880000318800005C
:1000C000318800003188000031880000318800004C
:1000D000318800003188000031880000318800003C
:1000E000318800003188000031880000318800002C
:1000F000318800003188000031880000318800001C
:1001000090F800F06DE9024520F007016FF0000C57
:1001100010F0070491F820F040F049804FF00004FF
:100120006FF00700D1E9002391F840F000F10800DA
:1001300082FA4CF2A4FA8CF283FA4CF3A2FA8CF312
:100140004BBBD1E9022382FA4CF200F10800A4FA79
:100150008CF283FA4CF3A2FA8CF3E3B9D1E90423CD
:1001600082FA4CF200F10800A4FA8CF283FA4CF304
:10017000A2FA8CF37BB9D1E9062301F1200182FABE
:100180004CF200F10800A4FA8CF283FA4CF3A2FAC4
:100190008CF3002BC6D0002A04BF04301A4612BAD2
:1001A000B2FA82F2FDE8024500EBD2007047D1E9D5
:1001B000002304F00305C4F100004FEAC50514F064
:1001C000040F91F840F00CFA05F562EA05021CBF35
:1001D00063EA050362464FF00004A9E7000000004F
:1001E00001F0FF01102A2BDB10F0070F08D010F8E8
:1001F000013B013A8B422DD010F0070F42B3F6D1EC
:10020000F0B441EA012141EA014122F007047FF004
:1002100000070023F0E80256083C85EA010586EA5B
:10022000010685FA47F5A3FA87F586FA47F6A5FA97
:1002300087F68EB9EED1F0BC01F0FF0102F00702A3
:1002400032B110F8013B013A83EA010313B1F8D14E
:100250000020704701387047002D06BF354603382F
:10026000073815F0010F07D1013015F4807F02BF68
:10027000013015F4C03F0130F0BC0138704700BFB9
:10028000844641EA000313F003036DD1403A41D3A1
:1002900051F8043B40F8043B51F8043B40F8043B60
:1002A00051F8043B40F8043B51F8043B40F8043B50
:1002B00051F8043B40F8043B51F8043B40F8043B40
:1002C00051F8043B40F8043B51F8043B40F8043B30
:1002D00051F8043B40F8043B51F8043B40F8043B20
:1002E00051F8043B40F8043B51F8043B40F8043B10
:1002F00051F8043B40F8043B51F8043B40F8043B00
:1003000051F8043B40F8043B51F8043B40F8043BEF
:10031000403ABDD2303211D351F8043B40F8043B8F
:1003200051F8043B40F8043B51F8043B40F8043BCF
:1003300051F8043B40F8043B103AEDD20C3205D39F
:1003400051F8043B40F8043B043AF9D2043208D097
:10035000D2071CBF11F8013B00F8013B01D30B8809
:1003600003806046704700BF082A13D38B078DD0E7
:1003700010F003038AD0C3F10403D21ADB071CBFB9
:1003800011F8013B00F8013B80D331F8023B20F823
:10039000023B7BE7043AD9D3013A11F8013B00F85C
:1003A000013BF9D20B7803704B7843708B788370E4
:1003B0006046704781F0004102E000BF83F00043D7
:1003C00030B54FEA41044FEA430594EA050F08BFF0
:1003D00090EA020F1FBF54EA000C55EA020C7FEAB4
:1003E000645C7FEA655C00F0E2804FEA5454D4EB31
:1003F0005555B8BF6D420CDD2C4480EA020281EAFB
:10040000030382EA000083EA010180EA020281EA32
:100410000303362D88BF30BD11F0004F4FEA013184
:100420004FF4801C4CEA113102D0404261EB410193
:1004300013F0004F4FEA03334CEA133302D0524219
:1004400063EB430394EA050F00F0A780A4F10104D5
:10045000D5F1200E0DDB02FA0EFC22FA05F280180F
:1004600041F1000103FA0EF2801843FA05F35941F5
:100470000EE0A5F120050EF1200E012A03FA0EFC74
:1004800028BF4CF0020C43FA05F3C01851EBE3719E
:1004900001F0004507D54FF0000EDCF1000C7EEBBB
:1004A00000006EEB0101B1F5801F1BD3B1F5001FF9
:1004B0000CD349085FEA30004FEA3C0C04F1010418
:1004C0004FEA445212F5800F80F09A80BCF1004F41
:1004D00008BF5FEA500C50F1000041EB045141EAC3
:1004E000050130BD5FEA4C0C404141EB0101013C8C
:1004F00028BFB1F5801FE9D291F0000F04BF01467B
:100500000020B1FA81F308BF2033A3F10B03B3F14C
:1005100020020CDA0C3208DD02F1140CC2F10C02DC
:1005200001FA0CF021FA02F10CE002F11402D8BF3A
:10053000C2F1200C01FA02F120FA0CFCDCBF41EA06
:100540000C019040E41AA2BF01EB0451294330BDD5
:100550006FEA04041F3C1CDA0C340EDC04F11404B2
:10056000C4F1200220FA04F001FA02F340EA030089
:1005700021FA04F345EA030130BDC4F10C04C4F1CF
:10058000200220FA02F001FA04F340EA03002946AF
:1005900030BD21FA04F0294630BD94F0000F83F4F9
:1005A000801306BF81F480110134013D4EE77FEADC
:1005B000645C18BF7FEA655C29D094EA050F08BF28
:1005C00090EA020F05D054EA000C04BF1946104609
:1005D00030BD91EA030F1EBF0021002030BD5FEA4D
:1005E000545C05D14000494128BF41F0004130BD75
:1005F00014F580043CBF01F5801130BD01F00045C9
:1006000045F0FE4141F470014FF0000030BD7FEA3B
:10061000645C1ABF194610467FEA655C1CBF0B4636
:10062000024650EA013406BF52EA033591EA030F4D
:1006300041F4002130BD00BF90F0000F04BF002145
:10064000704730B54FF4806404F132044FF0000578
:100650004FF0000150E700BF90F0000F04BF0021F1
:10066000704730B54FF4806404F1320410F0004557
:1006700048BF40424FF000013EE700BF42004FEA52
:10068000E2014FEA31014FEA02701FBF12F07F43CF
:1006900093F07F4F81F06051704732F07F4208BF86
:1006A000704793F07F4F04BF41F40021704730B58D
:1006B0004FF4607401F0004521F000411CE700BFD9
:1006C00050EA010208BF704730B54FF000050AE05C
:1006D00050EA010208BF704730B511F0004502D55D
:1006E000404261EB41014FF4806404F132045FEA5F
:1006F000915C3FF4D8AE4FF003025FEADC0C18BF08
:1007000003325FEADC0C18BF033202EBDC02C2F1F9
:10071000200300FA03FC20FA02F001FA03FE40EA8B
:100720000E0021FA02F11444BDE600BF70B54FF08F
:10073000FF0C4CF4E06C1CEA11541DBF1CEA13556D
:1007400094EA0C0F95EA0C0F00F0DEF82C4481EAD5
:10075000030621EA4C5123EA4C5350EA013518BFF5
:1007600052EA033541F4801143F4801338D0A0FBE2
:1007700002CE4FF00005E1FB02E506F00042E0FB8F
:1007800003E54FF00006E1FB03569CF0000F18BF95
:100790004EF0010EA4F1FF04B6F5007F64F540743D
:1007A00004D25FEA4E0E6D4146EB060642EAC621D0
:1007B00041EA55514FEAC52040EA5E504FEACE2E3D
:1007C000B4F1FD0C88BFBCF5E06F1ED8BEF1004F40
:1007D00008BF5FEA500E50F1000041EB045170BDBC
:1007E00006F0004646EA010140EA020081EA030100
:1007F000B4EB5C04C2BFD4EB0C0541EA045170BDFC
:1008000041F480114FF0000E013C00F3AB8014F175
:10081000360FDEBF002001F0004170BDC4F10004BE
:10082000203C35DA0C341BDC04F11404C4F120053F
:1008300000FA05F320FA04F001FA05F240EA02009A
:1008400001F0004221F0004110EBD37021FA04F6D0
:1008500042EB06015EEA430E08BF20EAD37070BD8A
:10086000C4F10C04C4F1200500FA04F320FA05F0E9
:1008700001FA04F240EA020001F0004110EBD370EB
:1008800041F100015EEA430E08BF20EAD37070BD5B
:10089000C4F1200500FA05F24EEA020E20FA04F334
:1008A00001FA05F243EA020321FA04F001F00041E3
:1008B00021FA04F220EA020000EBD3705EEA430E54
:1008C00008BF20EAD37070BD94F0000F0FD101F083
:1008D0000046400041EB010111F4801F08BF013CBC
:1008E000F7D041EA060195F0000F18BF704703F0FA
:1008F0000046520043EB030313F4801F08BF013D81
:10090000F7D043EA0603704794EA0C0F0CEA13553C
:1009100018BF95EA0C0F0CD050EA410618BF52EAF6
:100920004306D1D181EA030101F000414FF00000FC
:1009300070BD50EA410606BF1046194652EA43060A
:1009400019D094EA0C0F02D150EA013613D195EA7E
:100950000C0F05D152EA03361CBF104619460AD1C6
:1009600081EA030101F0004141F0FE4141F47001D0
:100970004FF0000070BD41F0FE4141F4780170BDC0
:1009800070B54FF0FF0C4CF4E06C1CEA11541DBF25
:100990001CEA135594EA0C0F95EA0C0F00F0A7F827
:1009A000A4EB050481EA030E52EA03354FEA013154
:1009B00000F088804FEA03334FF0805545EA131367
:1009C00043EA12634FEA022245EA111545EA10652F
:1009D0004FEA00260EF000419D4208BF964244F1C6
:1009E000FD0404F5407402D25B084FEA3202B61AE5
:1009F00065EB03055B084FEA32024FF480104FF4B9
:100A0000002CB6EB020E75EB030E22BFB61A75462C
:100A100040EA0C005B084FEA3202B6EB020E75EBBF
:100A2000030E22BFB61A754640EA5C005B084FEA27
:100A30003202B6EB020E75EB030E22BFB61A7546F4
:100A400040EA9C005B084FEA3202B6EB020E75EBFF
:100A5000030E22BFB61A754640EADC0055EA060EC0
:100A600018D04FEA051545EA16754FEA06164FEA03
:100A7000C30343EA52734FEAC2025FEA1C1CC0D1AF
:100A800011F4801F0BD141EA00014FF000004FF03C
:100A9000004CB6E711F4801F04BF01430020B4F1FD
:100AA000FD0C88BFBCF5E06F3FF6AFAEB5EB030CB5
:100AB00004BFB6EB020C5FEA500C50F1000041EBB2
:100AC000045170BD0EF0004E4EEA113114EB5C047F
:100AD000C2BFD4EB0C0541EA045170BD41F4801152
:100AE0004FF0000E013C90E645EA060E8DE60CEA5A
:100AF000135594EA0C0F08BF95EA0C0F3FF43BAF77
:100B000094EA0C0F0AD150EA01347FF434AF95EA2D
:100B10000C0F7FF425AF104619462CE795EA0C0F11
:100B200006D152EA03353FF4FDAE1046194622E7DE
:100B300050EA410618BF52EA43067FF4C5AE50EAB8
:100B400041047FF40DAF52EA43057FF4EBAE12E7A8
:100B50004FF0FF3C06E000BF4FF0010C02E000BF89
:100B60004FF0010C4DF804CD4FEA410C7FEA6C5C6C
:100B70004FEA430C18BF7FEA6C5C1BD001B050EA0F
:100B8000410C0CBF52EA430C91EA030F02BF90EAFA
:100B9000020F0020704710F1000F91EA030F58BFB9
:100BA000994208BF90422CBFD8176FEAE37040F01B
:100BB000010070474FEA410C7FEA6C5C02D150EAB9
:100BC000013C07D14FEA430C7FEA6C5CD6D152EA74
:100BD000033CD3D05DF8040B704700BF8446104639
:100BE00062468C461946634600E000BF01B5FFF738
:100BF000B7FF002848BF10F1000F01BD4DF808ED08
:100C0000FFF7F4FF0CBF012000205DF808FB00BFD8
:100C10004DF808EDFFF7EAFF34BF012000205DF832
:100C200008FB00BF4DF808EDFFF7E0FF94BF01207F
:100C300000205DF808FB00BF4DF808EDFFF7CEFF80
:100C400094BF012000205DF808FB00BF4DF808EDBF
:100C5000FFF7C4FF34BF012000205DF808FB00BF90
:100C60004FEA410C7FEA6C5C02D150EA013C0AD1A8
:100C70004FEA430C7FEA6C5C02D152EA033C02D19A
:100C80004FF0000070474FF0010070474FEA4102FB
:100C900012F5001215D211D56FF47873B3EB6252CE
:100CA00012D94FEAC12343F0004343EA505311F0F5
:100CB000004F23FA02F018BF404270474FF0000087
:100CC000704750EA013005D111F0004008BF6FF0C5
:100CD000004070474FF00000704700BF4FEA4102EC
:100CE000B2F1E04324BFB3F5001CDCF1FE5C0DD98A
:100CF00001F0004C4FEAC0024CEA5070B2F1004FD4
:100D000040EB830008BF20F00100704711F0804FD6
:100D100021D113F13872BCBF01F00040704741F49B
:100D200080114FEA5252C2F11802C2F1200C10FA9F
:100D30000CF320FA02F018BF40F001004FEAC12383
:100D40004FEAD32303FA0CFC40EA0C0023FA02F327
:100D50004FEA4303CCE77FEA625307D150EA0133FD
:100D60001EBF4FF0FE4040F44000704701F00040CD
:100D700040F0FE4040F40000704700BF80F00040AB
:100D800002E000BF81F0004142001FBF5FEA410363
:100D900092EA030F7FEA226C7FEA236C6AD04FEA63
:100DA0001262D2EB1363C1BFD218414048404140A8
:100DB000B8BF5B42192B88BF704710F0004F40F45A
:100DC000000020F07F4018BF404211F0004F41F476
:100DD000000121F07F4118BF494292EA030F3FD042
:100DE000A2F1010241FA03FC10EB0C00C3F1200355
:100DF00001FA03F100F0004302D5494260EB4000E4
:100E0000B0F5000F13D3B0F1807F06D340084FEA4E
:100E1000310102F10102FE2A51D2B1F1004F40EB43
:100E2000C25008BF20F0010040EA030070474900AB
:100E300040EB0000013A28BFB0F5000FEDD2B0FA48
:100E400080FCACF1080CB2EB0C0200FA0CF0AABF6B
:100E500000EBC25052421843BCBFD0401843704709
:100E600092F0000F81F4000106BF80F4000001320F
:100E7000013BB5E74FEA41037FEA226C18BF7FEAE6
:100E8000236C21D092EA030F04D092F0000F08BF28
:100E90000846704790EA010F1CBF0020704712F00F
:100EA0007F4F04D1400028BF40F00040704712F14E
:100EB00000723CBF00F50000704700F0004343F0B3
:100EC000FE4040F4000070477FEA226216BF0846E9
:100ED0007FEA23630146420206BF5FEA412390EAAC
:100EE000010F40F4800070474FF0000304E000BFA2
:100EF00010F0004348BF40425FEA000C08BF704753
:100F000043F0964301464FF000001CE050EA010216
:100F100008BF70474FF000030AE000BF50EA01022B
:100F200008BF704711F0004302D5404261EB410118
:100F30005FEA010C02BF84460146002043F0B6433D
:100F400008BFA3F18053A3F50003BCFA8CF2083A62
:100F5000A3EBC25310DB01FA02FC634400FA02FC6B
:100F6000C2F12002BCF1004F20FA02F243EB020072
:100F700008BF20F00100704702F1200201FA02FCD4
:100F8000C2F1200250EA4C0021FA02F243EB0200C7
:100F900008BF20EADC7070474FF0FF0C1CEAD0520B
:100FA0001EBF1CEAD15392EA0C0F93EA0C0F6FD0CC
:100FB0001A4480EA010C400218BF5FEA41211ED0AA
:100FC0004FF0006343EA501043EA5111A0FB013196
:100FD0000CF00040B1F5000F3EBF490041EAD3716B
:100FE0005B0040EA010062F17F02FD2A1DD8B3F1E7
:100FF000004F40EBC25008BF20F00100704790F056
:10100000000F0CF0004C08BF49024CEA502040EAA7
:1010100051207F3AC2BFD2F1FF0340EAC25070476D
:1010200040F400004FF00003013A5DDC12F1190FAB
:10103000DCBF00F000407047C2F10002410021FA1D
:1010400002F1C2F1200200FA02FC5FEA310040F135
:10105000000053EA4C0308BF20EADC70704792F0AE
:10106000000F00F0004C02BF400010F4000F013AE6
:10107000F9D040EA0C0093F0000F01F0004C02BFE1
:10108000490011F4000F013BF9D041EA0C018FE750
:101090000CEAD15392EA0C0F18BF93EA0C0F0AD056
:1010A00030F0004C18BF31F0004CD8D180EA01007C
:1010B00000F00040704790F0000F17BF90F0004F15
:1010C000084691F0000F91F0004F14D092EA0C0FF7
:1010D00001D142020FD193EA0C0F03D14B0218BF8A
:1010E000084608D180EA010000F0004040F0FE40D0
:1010F00040F40000704740F0FE4040F4400070476C
:101100004FF0FF0C1CEAD0521EBF1CEAD15392EAEA
:101110000C0F93EA0C0F69D0A2EB030280EA010CDA
:1011200049024FEA402037D04FF0805343EA111173
:1011300043EA10130CF000408B4238BF5B0042F1D1
:101140007D024FF4000C8B4224BF5B1A40EA0C0076
:10115000B3EB510F24BFA3EB510340EA5C00B3EBA8
:10116000910F24BFA3EB910340EA9C00B3EBD10F96
:1011700024BFA3EBD10340EADC001B0118BF5FEAE8
:101180001C1CE0D1FD2A3FF650AF8B4240EBC25011
:1011900008BF20F0010070470CF0004C4CEA5020D2
:1011A0007F32C2BFD2F1FF0340EAC250704740F421
:1011B00000004FF00003013A37E792F0000F00F013
:1011C000004C02BF400010F4000F013AF9D040EA91
:1011D0000C0093F0000F01F0004C02BF490011F425
:1011E000000F013BF9D041EA0C0195E70CEAD1531D
:1011F00092EA0C0F08D142027FF47DAF93EA0C0F04
:101200007FF470AF084676E793EA0C0F04D14B02E7
:101210003FF44CAF08466EE730F0004C18BF31F099
:10122000004CCAD130F000427FF45CAF31F0004393
:101230007FF43CAF5FE700BF4FF0FF3C06E000BF2C
:101240004FF0010C02E000BF4FF0010C4DF804CD4F
:101250004FEA40024FEA41037FEA226C18BF7FEA5F
:10126000236C11D001B052EA530C18BF90EA010F61
:1012700058BFB2EB030088BFC81738BF6FEAE170F0
:1012800018BF40F0010070477FEA226C02D15FEA8C
:10129000402C05D17FEA236CE4D15FEA412CE1D0F8
:1012A0005DF8040B704700BF844608466146FFE7BF
:1012B0000FB5FFF7C9FF002848BF10F1000F0FBDA1
:1012C0004DF808EDFFF7F4FF0CBF012000205DF89A
:1012D00008FB00BF4DF808EDFFF7EAFF34BF01201F
:1012E00000205DF808FB00BF4DF808EDFFF7E0FFB8
:1012F00094BF012000205DF808FB00BF4DF808ED09
:10130000FFF7D2FF94BF012000205DF808FB00BF6B
:101310004DF808EDFFF7C8FF34BF012000205DF84D
:1013200008FB00BF4FEA4002B2F1FE4F0FD34FF06F
:101330009E03B3EB12620DD94FEA002343F0004342
:1013400010F0004F23FA02F018BF404270474FF0F0
:101350000000704712F1610F01D1420205D110F077
:10136000004008BF6FF0004070474FF0000070472A
:1013700042000ED2B2F1FE4F0BD34FF09E03B3EBFF
:10138000126209D44FEA002343F0004323FA02F02B
:1013900070474FF00000704712F1610F01D1420217
:1013A00002D14FF0FF3070474FF00000704700BF90
:1013B00053B94AB9002908BF00281CBF4FF0FF31BC
:1013C0004FF0FF3000F00CB8ADF1080C6DE904CE21
:1013D00000F008F8DDF804E0DDE9022304B070470E
:1013E000704700BF2DE9F04786468C460846089EA8
:1013F000154674461946002B40F0C2808542B2FA69
:1014000082F245D94AB1C2F1200300FA02FC2EFA59
:1014100003F3954043EA0C0C94404FEA154EA8B2F2
:10142000BCFBFEF8230C0EFB18CC08FB00F943EACA
:101430000C43994528D9EB1808F1FF3704D2994598
:1014400002D9A8F102072B44A3EB0903A4B2B3FB12
:10145000FEFC0EFB1C330CFB00F044EA0344A042EC
:1014600014D92C190CF1FF3304D2A04202D9ACF1EB
:1014700002032C44241A43EA07401EB1D44000233F
:1014800034607360BDE8F0874746DDE76346F1E707
:1014900092BB431B01214FEA154EAFB2B3FBFEFCDA
:1014A000200C0EFB1C330CFB07F840EA0343984565
:1014B00062D9EB180CF1FF3004D2984502D9ACF197
:1014C00002002B44A3EB0803A4B2B3FBFEFC0EFB0B
:1014D0001C330CFB07F744EA0344A7424ED92C19EE
:1014E0000CF1FF3304D2A74202D9ACF102032C4421
:1014F000E41B43EA0040C0E7C2F1200320FA03F1F5
:10150000954090402EFA03F303434FEA154EAFB2D5
:10151000B1FBFEFC0EFB1C10190C0CFB07F841EA9A
:101520000041884504FA02F422D969180CF1FF3011
:1015300004D2884502D9ACF102002944A1EB08018C
:101540009BB2B1FBFEFC0EFB1C110CFB07F743EA40
:1015500001439F420ED9EB180CF1FF3104D29F4298
:1015600002D9ACF102012B44DB1B41EA004192E7B6
:101570006046E3E76146F7E76046A3E76346B7E7FF
:10158000834206D916B9002108467BE7C6E900E088
:10159000F9E7B3FA83F78FB9834201D3724508D8CC
:1015A000BEEB020460EB030301209C461EB9002140
:1015B00068E73846FAE7C6E9004CF8E7C7F1200CBF
:1015C000BB4022FA0CF41C432EFA0CF120FA0CF367
:1015D000B84001434FEA14490EFA07F5B3FBF9F896
:1015E0001FFA84FE09FB18300B0C08FB0EFA43EAC5
:1015F00000439A4502FA07F240D9E31808F1FF3098
:1016000004D29A4502D9A8F102002344A3EB0A03AD
:1016100089B2B3FBF9F809FB183308FB0EFE41EA67
:1016200003418E452CD9611808F1FF3304D28E4551
:1016300002D9A8F10203214443EA0040A0FB02982A
:10164000A1EB0E014145CE46434602D306D14D459E
:1016500004D2B9EB020E68EB04030138002EA6D0C9
:10166000B5EB0E0261EB030101FA0CFC22FA07F361
:101670004CEA0303F940C6E9003198E74046C5E764
:101680004346D9E7000000002DE9F04F89B00590EE
:10169000274EB368039306AA5B680021304698473B
:1016A00000283EDBDDE9064A224BDFF88C80A4FBF4
:1016B00003B203FB0A23049304991BA3D3E9002379
:1016C0005846FFF775FE4FF0FF39049BD94578EB7C
:1016D00003034FF00007054623D3059BB4214FF4C5
:1016E0007A7213FB01F35343B3FBF1F313445343F7
:1016F000A3FB04B403FB0A4421460BA3D3E9002354
:101700005846FFF755FED94578EB0404034608D345
:10171000854206D3039A0097146839462A46304614
:10172000A04709B0BDE8F08F00CA9A3B0000000056
:10173000C8A50200002D3101FFC99A3B000000003E
:101740002DE9F34118A5D5E90045194FDFF864806C
:10175000002603F05DF803F073F8FEF76DFF2246F4
:101760002B46FEF7E3FF32463B46FEF7DFFFFFF76F
:10177000B5FA4146FFF7C4FC00900F48C268036AFF
:101780009A4204D10022002301A91EF019FE002272
:101790000023694608481EF0B5FD00214FF4804043
:1017A00028F011FDD5E700BF006F8104C58FA13F70
:1017B0000000E03F000048428813002000000000C5
:1017C0002DE9F843D0E90738856903EB08042F3485
:1017D000A5420F46164619D8DFF86C80A3FB080116
:1017E00017A3D3E90023FFF7E3FD0346601BA0FB2B
:1017F000080123F07F4412A3D3E90023FFF7D8FDAB
:1018000020F07F403C603060BDE8F883DFF838901E
:101810000BA3D3E90023A5FB0901FFF7C9FD20F0C5
:101820007F440A480A2106A3D3E90023E8FB090103
:10183000FFF7BEFD20F07F403C603060BDE8F883DC
:101840008D49FD1A0700000000CA9A3B00166BF193
:10185000002800F037812DE9F04FC54C94F86A302C
:10186000DA078DB000F1688194F8292094F83530BA
:1018700004EB820204EB8303D66A9F6B0EB33546FA
:1018800015F8020BC0F380100EF08CFC0368C6F84C
:1018900002308388AB8033785B0606D50621284664
:1018A0000CF0EAFF002800F049813D4615F8020BD4
:1018B000C0F380100EF076FC0368C7F8023083880E
:1018C000AB80337813F00E0F40F08E80236A1BB18B
:1018D0000C200DB0BDE8F08F0FF006FB814600280C
:1018E00000F039810FF00CFB8246002800F03081B7
:1018F00012F028FA0546002800F02F81806F4FF67D
:10190000FF732B8605F11C0B002800F01D8105F1EB
:101910006C0205F168010CF0BBFFB5F8643023F4EC
:10192000EF6323F0070343F48C7343F00103A5F83E
:10193000643095F8433003F03F0363F07F0385F88C
:10194000433095F87E3023F0070385F87E3095F814
:10195000483023F00F034FF0000885F848304FF46B
:10196000C023C5F878312846C5E91588C5F87880C0
:10197000A5F87C8085F84580A5F83680C5F83A80C2
:10198000C5F85C80A5F87E81A5F8748114F02EF866
:1019900085F84081C5F8449112F03AFC95F88431FD
:1019A00060F3020385F8843112F038FC95F8843135
:1019B00060F3C50385F8843195F8703168F341030D
:1019C00085F8703105F1C40013F002FEC4E9189ADD
:1019D000C4F820B0C5E9058885F80080ED6117F0EE
:1019E000D7FE002840F0AC8094F824300121C3F3E6
:1019F00042030DF12B008DF82B300DF0E5F8024677
:101A0000002861D07978304611F0AEFB3123594976
:101A1000A360594BB4F86870A0FB01010025C01801
:101A200041F1070150A3D3E90023C4E9055525700E
:101A30006560E560FFF7BCFC20610EF071FB00F112
:101A400009083FB9357805F00F05A5F10105B5FA8C
:101A500085F56D0994F82400236965F3000010F002
:101A6000010584F8240036D0444A09920020106011
:101A70000225434A434F04930BAE01930592032181
:101A8000CDE90200069443460090089607972A463F
:101A90000B950EF047FA31460FF0BAFAA0B93A4961
:101AA00005914AF2D8330093CDE90300CDE9010056
:101AB0000797089606944346012203210B950EF0E2
:101AC00015FA2EE011F0A2BA236A002B3FF400AF02
:101AD00011F058FAFCE6294A2C48049303F2471304
:101AE0000694029591211360A7FB000301FB0731C7
:101AF000244B0793224B05934FF6FF73099202275D
:101B000003930BAE18A3D3E900230B970896FFF7B6
:101B10004FFC4346CDE900503A46284603210EF0DB
:101B200001FA31460FF074FA0028CDD194F86A30EA
:101B300043F0010384F86A300020CAE61220C8E6A8
:101B400011F020FA0320C4E605F17000A867DEE674
:101B500048460FF0CFF90720BBE650460FF0D6F904
:101B600048460FF0C7F9F6E78D49FD1A0700000057
:101B70008436002000CA9A3B8C49FD1A7836002032
:101B8000E5310100BD020100E92C0100002AE784D3
:101B900070B590F824308AB0C3F342030D46044672
:101BA00001210DF1230016468DF823300DF00CF8BD
:101BB00071780246284611F0D7FA1F491F4AA0FB48
:101BC0000131981841F1070119A3D3E90023FFF768
:101BD000EFFB23699842054622D21B1A002201928C
:101BE000174A02930221174B0991A21ACA40A3FB7C
:101BF0000232D20800230A4409AE13490591CDE907
:101C000003330321D2B20696009318460EF0EAF988
:101C100031460FF0FDF938B9256100200AB070BDDA
:101C2000FBD9C21A0023DAE70C200AB070BD00BF4E
:101C30008D49FD1A0700000000CA9A3B8C49FD1A25
:101C400084360020F712DA4BBD02010000000000CC
:101C500038B5194C9DF810E094F834C01CF001051B
:101C600023D163F3420C400194F8203021854FEAE0
:101C7000CE0E0EF0180E00F0200040EA0E0023F009
:101C8000380303430D4884F820309121A2FB000360
:101C900084F834C001FB023105A3D3E90023FFF728
:101CA00087FBE0622063284638BD0C25284638BDF6
:101CB0008D49FD1A07000000A0220020002AE784B9
:101CC0002DE9F04F044600F1210190F8340094F81A
:101CD0002030454DDFF814A1C0F3400060F38613B7
:101CE0008DB084F820300EF06DFA94F82020238D0A
:101CF0003F48E46102F07902002784F82020912116
:101D0000A3FB0002C4E90577277001FB032134A37C
:101D1000D3E90023FFF74CFB651B226B354B676053
:101D2000ED08A3FB053502F109039842EDB298BF17
:101D30003A4605EB450B8CBF19460146E2624FEA75
:101D40008B0B3122A260E76021614AF80B10064636
:101D50000EF0E6F9B8460DF12C090AEB0B030993D6
:101D6000CDF820900694CDF80C80238D00F1090762
:101D70001F489121A3FB000201FB03212369049367
:101D80001D4B07931D4B059302230B9314A3D3E91B
:101D90000023FFF70DFB104619464FF47A7200231B
:101DA000FFF706FB0435EDB2CDE9016003213B46A8
:101DB0002A46CDF8008040460EF0B4F849460FF0B0
:101DC00027F940B994F8343043F0010384F83430F3
:101DD0000DB0BDE8F08F0C200DB0BDE8F08F00BF56
:101DE0008D49FD1A07000000A022002008370020BE
:101DF000002AE78425499224BD02010065370100CD
:101E00002DE9F04F06468DB08A4601200221994601
:101E1000154619F073FE00220B90022101200CF0F0
:101E200087FD3B494FF4C47230460CF011FD471D4D
:101E3000384B0093FFB201964B463A4601210020F1
:101E40000EF02AF910F0FD0F0ED0334A3349344812
:101E500040F68F0324F09FFE002383F31188BFF325
:101E60006F8F0323184602DF2E4CA5FB044526A3E3
:101E7000D3E9002320462946FFF79AFA08960696EA
:101E800033690493284B20F07F48A8FB0331E01A04
:101E9000264B07934FF00702254B059302FB0811D1
:101EA0004FF6FE7365EB010103934FF47A72002342
:101EB000FFF77EFA4FF0000BCDE90180CDF800A0CE
:101EC0004B463A46012158460EF010F810F0FD0F2F
:101ED0000DD0114A1149124840F6A40324F05BFECC
:101EE0008BF31188BFF36F8F0323184602DF0B9B20
:101EF00013B90DB0BDE8F08F0122022110460DB0DC
:101F0000BDE8F04F0CF014BD8D49FD1A070000002C
:101F1000D8220020E53C0100BCB7020080B80200D6
:101F20007CB0020000CA9A3B8D49FD1A853C010035
:101F3000FD870100000000002DE9F0418468228E39
:101F40004FF6FF739A428CB045D00546204613F0F9
:101F5000C1FF2B7D012B00F03B81022B00F02E8175
:101F6000002B00F00D8194F84061002E40F0298193
:101F70002B8A678F94F94320CDE90A6673B3002A50
:101F8000C0F273810023A4F87A31AA7C238FFD1854
:101F900002F003030135012BADB23BD0B4F87E3122
:101FA000002B00F01E819D4280F072815B1B9BB272
:101FB0000022062BA4F87E31628740F20F8194F94B
:101FC00043309342C0F26981002326E09DF8271038
:101FD000204612F001FA0CB0BDE8F081002AB8BF2B
:101FE00084F86561238FAA7CFD1802F00303013594
:101FF000012BADB20ED0B4F87A31002BCED0AB426B
:1020000040F255815B1BA4F87A31B4F87E31002B85
:10201000C9D102E00023A4F87E3194F8482063F38C
:10202000820284F8482029460DF12702204613F049
:1020300019FD7430CAD0B4F878312BB1AB4240F2FC
:1020400005815B1BA4F87831B4F874312BB1AB4235
:1020500040F2F3805B1BA4F87431658F16B9AF4270
:1020600000F0E2800135ADB294F8C13013F0010701
:1020700031D1DDE90A130A46002B40F0E580002942
:1020800000F0D4801F461846228EE4690694CDE9FC
:1020900003560532A64D0290CDE90017D2B20121B8
:1020A000002005950DF09EFF10F0FD0F93D00EF06F
:1020B000D9FF84428FD09F4A9F49A0484FF4AE6316
:1020C00024F069FD002383F31188BFF36F8F03238E
:1020D000184602DF7FE794F943206FF30003002ADC
:1020E00084F8C130C0F2988094F86400C0F3C00155
:1020F00000F0070017F068F994F8642094F8653050
:1021000002F003012831C2F34002C900D14003F0BC
:1021100003022832C3F34003D200DA40638D03F296
:102120003F13B1F5A07F2CBF5B1803F5A073B2F588
:10213000A07F2CBF9B1803F5A0730344804A8148FD
:102140000721E3FB0021104677A3D3E90023FFF723
:102150002FF9DDE90A1320F07F42206922619042C5
:1021600035BF171A801A002000270A46002B8BD192
:1021700057EA010C88D1002858D019461F4683E73A
:1021800094F87E3003F01803182B7FF4ECAEA18E88
:10219000B4F876218B1D9A42C4BF931F5B1AB4F822
:1021A0007211CCBF9BB21346994200F09C80A4F8F8
:1021B0007231A4F87431A4F87821D4E63D2684F86D
:1021C0004061314620460CB0BDE8F04112F004B940
:1021D0000023A4F87831A4F87431C4E6012633460C
:1021E0001BE7628E052A97BF013240F2E2434FF4AB
:1021F000FA7392B203FB02F2B4F87C3142F210712E
:1022000001FB0323013BB3FBF2F39BB2A4F87E3145
:10221000002B7FF4C8AE00E794F86500012100F0C0
:10222000070017F0D3F867E735461DE7002D43D0C8
:102230000027114638463B4626E70023A4F87431B0
:10224000204613F0B1FC08E738461DE70EF09EFE6D
:102250000146A0B30023A4F87831238EC3801B234A
:10226000037100680EF064FEEEE694F865316BB31E
:10227000013B84F8653104F1C408404613F0EAF9E3
:10228000B8B3404613F0E6F9B8B30023638779E6A4
:102290000821204612F0A0F89DE6A7B9D4F86831CD
:1022A0005A0813F0010336D1C4F868218CE63E21A8
:1022B000204612F091F88EE6002EB9D18BE601236C
:1022C000A4F87831C0E613460126A6E60AAA0BA9AF
:1022D0002846FFF775FADDE90A231343CBD02378AC
:1022E00084F86531C7E7B4F8781100297FF43BAE74
:1022F0005FE7FF2012F032F8C3E70246D4E91A0183
:102300000CF0DEFA0028C0D194F848301B0744BF17
:10231000A38E638736E642F000421E46C4F8682169
:102320003B467AE6AFF300808D49FD1A07000000B6
:10233000413C0100BCB70200CCB802007CB00200F6
:102340008C49FD1A00CA9A3B2DE9F04F87B0CDE9C0
:102350000423BDF8442003780292BDF84820BDF85C
:1023600040A0BDF84C90878F019104460392002B4A
:1023700000F0F380013FBFB2A368D4F8FCB0A7EB34
:10238000090292B2002B00920ADAE168626823F037
:10239000004391422CBF8B449344A360ABEB030BEF
:1023A00094F86400C0F3C00100F0070017F00CF8C7
:1023B000B4F83280B8F1050F40F2C580009B18FBDD
:1023C00003F81FFA88F840F2E246BAF1050F40F22E
:1023D000AE8094F8652094F8641002F0030328336B
:1023E000C2F34002DB00D34001F003022832B3F510
:1023F000A47FC1F340014FEAC20222FA01F238BFC2
:102400004FF4A473B2F5A47F2CBF9B1803F5A473FB
:1024100003F2D51303447C4A7C480721E3FB0021E7
:102420004FF09613A36296231046A38574A3D3E9B5
:102430000023FEF7BDFF554620F07F4040F2E24307
:1024400003FB05F516FB08F6B3B22061B3FBF5F804
:1024500015FB08F080B283421FFA88F659D26B4907
:10246000C01A80FB010166A3D3E90023FEF7A0FF99
:1024700020F07F408344E38EB4F804211344994450
:1024800094F84330A9EB07094E44DB09E6866BD18B
:102490005F4A6049604840F6671324F07CFB0027E0
:1024A00087F31188BFF36F8F0323184602DF2E4690
:1024B000029BA386039BA4F87C3129462046A4F8FE
:1024C00032A013F00BFB554BA18E2B44881DB3FBA0
:1024D000F5F39AB29042A4F8762104D2C1F57F4177
:1024E000FA310A4492B2019BA4F8722113B100237D
:1024F000A4F87E315B46324639462046FFF780FC21
:1025000094F8703143F0010384F8703107B0BDE8EE
:10251000F08F1B1A3D4883FB000139A3D3E9002348
:10252000FEF746FF20F07F40ABEB000BA3E74FF038
:1025300096130AF10105A3629623A385ADB20A2082
:102540004FF4FA737CE7009B08F1010818FB03F8CD
:102550001FFA88F84FF4FA7637E7C38E1F44B0F8B5
:1025600004311F44BFB207E7E26C0099636D274F47
:1025700002FB1133636517F05BF9064694F86401BA
:10258000C0F3420017F056F9064405FB06F6244B4B
:1025900006F5742606F23F26A3FB0636B60C636DDD
:1025A000E66406FB08F06A080344963A934228BFA3
:1025B0001346C4E91423049B40F2E24909FB03F3E8
:1025C000E3650023A0FB0701C4F86C310CA3D3E939
:1025D0000023FEF7EDFE134B059AABEB000BA3FBBC
:1025E0000230800A09FB00F0A0FB070104A3D3E935
:1025F0000023FEF7DDFEAE1B20F07F4758E700BF4B
:102600008D49FD1A070000008C49FD1A00CA9A3B4B
:10261000BCB7020054B102007CB002007FC3C90104
:1026200083DE1B435917B7D12DE9F04F13461546EA
:102630000A6853F8087BD2F80090B0F82EC0024622
:10264000044652F82EABD0F81E0094F81C800E46BB
:102650009178628CA5F808C09970D4F82A306B6024
:1026600091B0D4F83A30C5F82230ADF83C2094F857
:102670003E2085F826200E9010AA12E9030005F1ED
:1026800022030C90ADF83410184605210CF09CFA8A
:1026900095F8273000F03F0060F3050385F82730F8
:1026A00094F83F30C3F3040285F82820A28EEA8212
:1026B0000128C8F3801808D903F01F031B3303F067
:1026C0001F030B2B01D892B2BAB90022C9F814200B
:1026D00095F82C3062F3000385F82C300126E5686C
:1026E0002671504621460EF017FC28682E712946A7
:1026F00011B0BDE8F04F0EF01BBC336800215960EB
:10270000E38EB5F816B02B8340F2E24303FB0BFBDC
:102710003846638E0B9313F0F5F994F83F2097F841
:102720006411520962F3430187F8641117F080F8CD
:102730000A9097F86401C0F3420017F07BF80A9AF8
:1027400010440BFB00F0BA4A00F5742000F23F2061
:10275000A2FB00204FEA5B02800C963A28636A6372
:1027600094F8312040F2E24302FB03F36B64238FC1
:10277000A7F87C315946384613F0B0F9AD4BAE4A54
:10278000C7F880215B44B3FBFBF39AB2A7F876212C
:10279000298B881D824204DDC1F57F41FA310A444C
:1027A00092B2A7F872216B68C7F86831234613F814
:1027B0001C2FC2F340120A92DA0700F11281BDF811
:1027C0003430A4F823300C9884F81E804FF48073C2
:1027D000C4F81F00A383EB8AE3842B8B2385B7F80F
:1027E0007C31638597F86431C3F3420384F82C305D
:1027F000384611F0B3FAA882E0802146504674684A
:102800000EF08AFBAB8AE3801C2323710A9BD4F869
:102810000080002B40F0D9800A9B23772146404658
:102820000EF086FB95F8494095F8488004F00704BF
:102830000121204616F0CAFD08F00708824608F07C
:1028400003002830C8F3400804F00303C00020FA56
:1028500008F02833B0F5A47FC4F340044FEAC30363
:1028600038BF4FF4A470E340B3F5A47F2CBFC01869
:1028700000F5A470DFF8C481714B00F2D51050440C
:102880000721E0FB083118464FF09613C5E90333E2
:1028900000243123BB607C6063A3D3E90023FC6088
:1028A000FEF786FD20F07F4038610B99F3682D6BB1
:1028B00040F2E24202FB013303F2B341A1EB0A0A08
:1028C0002246022101200CF033F8484610F048FE61
:1028D0000246AAFB0801924653A3D3E90023FEF760
:1028E00067FDCDF80490B3685649009120F07F4809
:1028F0000AF102023A3BD2B24344012120460DF0D4
:10290000CBFB0128ABEB05057AD099F82430DB0727
:1029100053D4384611F022FA484BA5FB03A90446CC
:1029200041A3D3E9002350464946FEF741FD464BFB
:10293000B668464A079220F07F45A5FB0331BAEB03
:102940000300434B05934FF4F573069708933B69D7
:102950004FF0000BCDE903B34FF0070303FB051164
:1029600069EB01014FF47A720023FEF721FD053473
:102970003A3EE4B2CDE90150CDF80080334622461C
:10298000012158460DF0B2FA10F0FD0F0DD0314A7A
:102990003149324840F2EB1324F0FDF88BF31188F3
:1029A000BFF36F8F0323184602DF01220221104676
:1029B00011B0BDE8F04F0BF0BBBF00230122009324
:1029C000184611460DF026FBA3E795F8273043F093
:1029D000400385F82730281D16F026F801232885A6
:1029E0001BE71C4A1E491D48FD2324F0D4F8002390
:1029F00083F31188BFF36F8F0323184602DFDEE6EF
:102A00000EF030FB814580D0124A1649134840F23F
:102A1000922324F0C0F884F31188BFF36F8F03234F
:102A2000184602DF71E700BF8D49FD1A070000005C
:102A300083DE1B437FC3C901404B4C0000CA9A3B55
:102A40008C49FD1ABD8701008D49FD1A8987010057
:102A5000FD8701007CBD020080B802007CB002004E
:102A6000A4B40200D8BD0200F0B5C468636883B0A6
:102A70000546002B4FD118F029FC002018F04CFC23
:102A80000021084618F03AFC00222521082018F001
:102A900077FC3D4B019301A818F05EFC3B4940F2E6
:102AA0005B6018F013FD237AC3F3420262F306134E
:102AB0002372204617F0C2F827682E68384616F0B1
:102AC0001FFC06446A6806F10901012018F038FE6F
:102AD00018F026FF204610F051FD811C3246C9B285
:102AE000384616F01BFC054600BB204616F0A2FB3C
:102AF00010B9002003B0F0BD254A2649264840F20F
:102B0000294324F048F885F31188BFF36F8F03231E
:102B1000184602DFEDE793F82C309B07ABD01F4837
:102B2000214618F091FB18F07DFCE2E7184A1C4999
:102B3000194840F2114324F02EF81A4B0721A5FB47
:102B4000030301FB05310EA3D3E90023FEF730FC9C
:102B500015490246154824F01EF8002585F3118812
:102B6000BFF36F8F0323184602DF1148214618F088
:102B70006BFB18F057FC6FF08B00BBE7AFF30080E6
:102B800000CA9A3B00000000D6BE898E55555500FC
:102B9000C8BF02004CB202007CB00200A594010044
:102BA00054B102008D49FD1A78C002004CC00200E9
:102BB00041980100000000002DE9F041C46823792C
:102BC0006FF300038CB023710F46054618F07EFBAF
:102BD000002018F0A1FB0021084618F08FFB00220E
:102BE0002521082018F0CCFB01200EF0EFFA064654
:102BF000002800F0848006F11C0018F0EBFB5E4B0F
:102C00000B930BA818F0A8FB5C4940F25B6018F02E
:102C10005DFC2079C0F34100253016F091FB584847
:102C2000214618F011FB23799B062ED5962018F02B
:102C30007BFD00231A461946184618F0ADFCD4F85F
:102C400000802E68404616F05BFB06446A6806F179
:102C50000901002018F074FD18F062FE18F00CFD58
:102C6000204610F067FE011DC9B24046324616F0FC
:102C700055FB0546002851D157B1204616F0DAFA27
:102C800068BB00200CB0BDE8F08118F0E5FCD6E789
:102C90002369002BF1D03B4907913B49059140F254
:102CA000F31100930891CDE90377CDE901770694FC
:102CB0003346032239460DF019F910F0FD0FDCD030
:102CC000324A334933484FF4FA7323F064FF87F3F1
:102CD0001188BFF36F8F0323184602DFCDE72B4A1D
:102CE0002D492C4840F20B2323F055FF002383F39A
:102CF0001188BFF36F8F0323184602DFC1E7234A11
:102D0000264924484FF4C57323F045FF86F3118804
:102D1000BFF36F8F0323184602DF6CE71B4A20497D
:102D20001C4840F2E51323F036FF1E4B0721A5FB9C
:102D3000030301FB05310EA3D3E90023FEF738FBA3
:102D400019490246194823F026FF002585F311880A
:102D5000BFF36F8F0323184602DF1548214618F092
:102D600073FA18F05FFB6FF08B008BE7AFF3008016
:102D700000CA9A3B00000000D6BE898E555555000A
:102D800015A4010089A2010021A3010084C0020052
:102D9000E4B502007CB002004CB2020014C0020094
:102DA00054B102008D49FD1AD0C002004CC002008F
:102DB0004DA10100000000002DE9F041C468A28A85
:102DC0004FF6FF739A4282B000F0DF80054617F09D
:102DD00019FD2B89628B208CA3831A4492B2104474
:102DE00094F82730E28380B2411C21845E064FF0C4
:102DF0000001618304F1220100F1A18003F03F0092
:102E00000B4694F82810009004F1290015F0C4FD39
:102E10000646D4E90C31A28B02FB0333A26B1344A8
:102E2000E26B8B4294BFD21852188A4228BF0A46DE
:102E3000E263616C226C94F849301144616494F847
:102E4000622094F82C10C3F3020363F3061112F00E
:102E500004024FF0000384F82C10A363236478D09D
:102E600018F034FA002018F057FA201D18F074FA00
:102E70002389A17A40F25B6043EA014118F026FB06
:102E8000304616F05DFA2146594818F0DDF9A08960
:102E900018F04AFC94F8482094F84900C2F3C003A3
:102EA000002102F0070200F0070018F075FB204631
:102EB00017F052FD27682E68384616F021FA0644AE
:102EC0006A6806F10901002018F03AFC804618F003
:102ED000FBFC002018F012FDE36B94F8490003F1AD
:102EE0002F02636C00F00700012103EB420518F08C
:102EF00085FA4544054494F8490000F0070002288B
:102F000025D004280CBF4FF4BC73282301211D4495
:102F100018F076FA284418F0C9FCA18A0531324627
:102F2000C9B2384616F0FAF90546002834D12046D1
:102F300016F080F9D0B9002002B0BDE8F0810A4651
:102F400003F03F03218D15F073FD064661E718235A
:102F5000DCE7D4E913010BF0B3FC002880D194F82E
:102F6000623043F0040384F8623079E7214A224951
:102F700022484FF4B07323F00EFE85F31188BFF39F
:102F80006F8F0323184602DFD5E71D48214618F04E
:102F90005BF918F047FACEE7164A1A4917484FF47A
:102FA000AB7323F0F8FD184B0721A5FB030301FBCE
:102FB00005310DA3D3E90023FEF7FAF913490246C0
:102FC000134823F0E8FD002585F31188BFF36F8FC8
:102FD0000323184602DF0F48214618F035F918F090
:102FE00021FA6FF08B00A7E700CA9A3B00000000AF
:102FF000C1AB010064C102004CB202007CB002000F
:10300000A594010054B102008D49FD1AB8C1020017
:103010004CC00200859401002DE9F04F87B00546B1
:10302000039117461E46836804AA5B6898470028E8
:1030300031DBDDE9044AA7FB04B307FB0A37584636
:1030400019A3D3E900233946FEF7B2F9DFF860800F
:1030500002904FF0FF39D94578EB07031ED3A6FB4A
:1030600004B406FB0A4410A3D3E9002321465846C2
:10307000FEF79EF9D94578EB040403460ED3029976
:10308000AA6899420DD3BDF84010009114682846F3
:10309000DDE90221A04707B0BDE8F08F6FF08500A1
:1030A000F9E76FF01500F6E700CA9A3B0000000050
:1030B000FFC99A3B000000002DE9F04F016C9FB062
:1030C00016461F46CDE904672B9D039049B1426C1B
:1030D0004A600123934004468B6021F06BF8002383
:1030E0002364B7F10009B4BF012300232B60764BA2
:1030F000BCBF29F00049CDF8149033EA090300F071
:10310000AA80DDE904340022184621460023CDE9D7
:103110000801FDF773FD804668B12A9A0123136008
:103120002C9B13B12C9A694B1360694B0A930A9834
:103130001FB0BDE8F08F1CAB01931DAB009303984B
:10314000DDE9082321F06AFB5FEA1955824640F069
:103150009880DDE91C85454405F23243202B40F37D
:103160008383C3F1400309FA03F905F2124326FAF7
:1031700003F349EA0300FDF75FFA0123013DA1F1E2
:10318000F8711193534B0022FDF718F948A3D3E9C6
:103190000023FDF7CBFA48A3D3E90023FDF710F98C
:1031A000064628460F46FDF757FA45A3D3E9002304
:1031B000FDF7BCFA02460B4630463946FDF700F9EA
:1031C00006460F46FDF762FD002283460023304687
:1031D0003946FDF71DFD002840F01A83A8EB0508CD
:1031E000BBF1160F08F1FF3400F28B813A4D05EB6D
:1031F000CB05D5E90023DDE90801FDF709FD00282D
:1032000070D00023002C0BF1FF3B1093C0F27E81A5
:1032100000230B93BBF1000F6ADA0B9BA3EB0B03AC
:103220000B93CBF10003CDE90EB3289B092B4FF094
:10323000000B65D8052B40F31C83043B2893002525
:10324000289B023B032B00F22386DFE813F0600487
:103250005D04540438042A9AC9F3130942F20F7327
:1032600059EA060913601CD12C9B002B00F02B8619
:103270001A4B0A9308332C9A0A9813601FB0BDE8C2
:10328000F08FDDE90812C2F31303084643F07F51C3
:10329000CDF84480A5F2FF35DDF8708041F440118F
:1032A00070E72C9B002B40F0E7830D4B0A933EE721
:1032B00061436F63A787D23FB3C8608B288AC63F3C
:1032C000FB799F501344D33F0000F07F55B10200BB
:1032D00054B102000000F83F80AB020004C60200B7
:1032E00010C60200B8F1000F40F3608410900B90FC
:1032F00000230F93289BCDF838B0092B5C4499D953
:103300000023CDE9283301254FF0FF330C950693B8
:10331000039B00215964069B1893039820F024FF17
:103320000A90002800F0BD85039B0A9A1A64069B48
:103330000E2B00F21581002D00F012810E9A002A4A
:1033400040F33B84B24D02F00F0305EBC303D3E916
:10335000008913461511DA0540F1FA83AD4BDDE91A
:103360000801D3E90823FDF70BFBCDE9120105F0B5
:103370000F0503277DB1A74EEB0708D54046494608
:10338000D6E90023FDF7D2F90137804689466D1052
:1033900006F10806F0D142464B46DDE91201FDF781
:1033A000EFFA80468946109B43B19B4B0022404672
:1033B0004946FDF72DFC002840F0F1843846FDF722
:1033C0004BF942464B46FDF7B1F9944B0022FCF70E
:1033D000F7FF069B0646A1F15077002B00F0A9806D
:1033E0000E9B1993069B12930A9B894D49464046B2
:1033F000CDE914675E1CFDF749FC129905EBC1038A
:1034000053E902120746CDE91612FDF725F90246E7
:103410000B4640464946FCF7D1FF89460C993037A8
:10342000DDE916238046FFB2002900F053847C4971
:103430000020FDF7A5FADDE91423FCF7BFFF0A9D84
:1034400002460B46CDE914232F7042464B46FDF74A
:10345000FDFB002840F09784CDE91AB4CDF858A0C0
:10346000129DDDE914AB00272AE00137AF4280F25C
:10347000DE846C4B504659460022FDF757F9694BE4
:10348000002282468B4640464946FDF74FF9894661
:103490008046FDF7FBFB0446FDF7DEF802460B46CF
:1034A00040464946FCF78AFF303406F8014B524645
:1034B0005B4680468946FDF7ABFB002840F0B484AC
:1034C00042464B4654490020FCF778FF52465B4683
:1034D000FDF79EFB0028C8D0199BDDF858A00A9A7A
:1034E000374603F1010802E0974200F07C843E4633
:1034F00017F8013D392BF7D00133DBB23B7045465D
:1035000075E10123002C1093BFF682AEC8F10103D0
:103510000B9300247EE63846FDF79EF842464B4664
:10352000FDF704F93D4B0022FCF74AFF0646A1F1E6
:1035300050773D4B404649460022FCF73FFF32465C
:103540003B4680468946FDF781FB002840F05A84BF
:1035500040464946324607F10043FDF759FB28BB78
:103560001D9B002BC0F292800E9A0E2A00F38E80D3
:10357000274D0E9B05EBC305D5E90034CDE9043496
:10358000299B002B19DA069B002B16DC0ED1264B4B
:103590000022DDE90401FDF7C9F802460B46DDE92A
:1035A0000801FDF73FFB002800F02C844FF00009D4
:1035B0000A9E4F46299BDD4325E2DDE90445DDE90E
:1035C000088922462B4640464946FDF7D9F9FDF7C2
:1035D0005DFB0646FDF740F822462B46FDF7A6F8B0
:1035E0000A9F0B46024649464046FCF7E7FE06F1B5
:1035F000300307F8013B069B012B00F012830125E5
:10360000CDF818A09946DDE904ABA8462CE000BF30
:1036100080AB020058AB02000000F03F00001C40ED
:103620000000E03F000024400000144052465B468A
:1036300020462946FDF7A4F9FDF728FB0646FDF7CD
:103640000BF852465B46FDF771F808F101080B468E
:10365000024629462046FCF7B1FE06F13003C84574
:1036600007F8013B00F0DB82B94B0022FDF75EF862
:103670000022002304460D46FDF7C0FA0028D5D0ED
:103680000E9DDDF818A001353E46B0E00C9A002AE8
:1036900040F0D28000230F9D0B9E0C931F4656B125
:1036A000002C08DDA6420B9A3346A8BF2346D21A47
:1036B0000B92F61AE41A0F9B53B10C9B13B1002D19
:1036C00040F0E88251460F9A039820F003FF8246AB
:1036D0000398012120F01AFE8146BBF1000F40F053
:1036E000B681289B012B40F3CC810120204410F0AF
:1036F0001F0000F09A80C0F12003042B40F3DA8110
:103700000B9BC0F11C0003440B93064404440B9B29
:10371000002B05DD514603981A4620F035FF8246FE
:10372000002C05DD49460398224620F02DFF8146F6
:10373000109B002B40F07081069B002B40F34881CA
:103740000C9B002B40F0A4800E9D0135DDF82880F5
:10375000069CDDF80CB0012607E0514600230A2242
:10376000584620F031FD013682464946504620F049
:1037700015FBA64200F1300308F8013BEDDB069A89
:10378000002AC8BF16460A9AD8BF012602EB060BCC
:103790000024514601220398049320F0F5FE494687
:1037A000824620F069FF002840F3E3810A9A02E094
:1037B0005A4500F0E9815E460BF1FF3B16F8013CEB
:1037C000392BF5D001338BF80030DDF80C804946F9
:1037D000404620F0EFFC57B12CB1BC4203D021464B
:1037E000404620F0E7FC0398394620F0E3FC0398BC
:1037F000514620F0DFFC002333702A9B1D602C9B78
:10380000002B3FF494AC0A981E601FB0BDE8F08F07
:103810005846FCF721FF32463B46FDF7EFF90028FA
:103820007FF4DCAC0BF1FF3BD8E41C230B9A1A4469
:103830000B921E441C446AE7289A012A40F3A9818E
:10384000069A0F9B551EAB42C0F26B81002AA3EB78
:10385000050580F2DD820B9B069A9E1A03980121D2
:1038600020F054FD07461AE7C3F1200306FA03F0DF
:1038700081E40125E4E43946002303980A2220F07C
:10388000A3FC189B002B074640F3EF820E9506938E
:10389000002E00F33F81BBF1000F40F0DF81B846FE
:1038A0000A9E069C731E1C44049B0C9403F00103A7
:1038B000039C0F934946504620F070FA39468346E0
:1038C000504620F0D9FE424649460546204620F0A3
:1038D000F3FEC26801460BF13003002A3AD108908A
:1038E00050460B9320F0C8FE08990690204620F021
:1038F00061FC069A0B9B002A5AD1289A1AB90F9A92
:10390000002A00F09A82002D45DB0C9AB346B242A1
:103910000BF8013B00F0B981514600230A222046F2
:1039200020F052FC4745824639464FF000034FF0E5
:103930000A02204636D020F047FC414607460023C5
:103940000A22204620F040FC5E468046B2E700BFD7
:10395000000024400398069320F02CFC002D069BC9
:1039600006DB049A289902F001020D432A432AD16A
:10397000514601220398049320F006FE49468246F0
:1039800020F07AFE0028049B40F3E880392B00F0F9
:103990002F820BF131030E9D06F8013B3C460135A9
:1039A000474612E720F010FC5E460746804681E756
:1039B000002DC0F27D8228990D430F990D4300F030
:1039C0007782002AA1DD392B00F012820133E2E771
:1039D000289B022B7FF7B4AE069B002B40F01D8185
:1039E00049460522039820F0EFFB014681465046E8
:1039F00020F042FE002840F310810A9E0E9D3123E4
:103A000006F8013B013503984946013520F0D2FB09
:103A1000002F7FF4E8AEEAE64946504620F02CFE3F
:103A20000028BFF689AE5146002303980A2220F0F1
:103A3000CBFB0E9B5D1E0C9B8246002B7FF41BAFC5
:103A4000189B002B40F3FF810E9D06937EE60146F6
:103A50005A46039820F03EFD289B012B81466CDDE1
:103A60004FF0000BD9F8103009EB8303186920F0F0
:103A7000FBFBC0F1200039E6924B0A930333FFF7BA
:103A8000FABB049B002B7FF430AEDDE90412C2F3D5
:103A90001303002B7FF429AE8B4B134023B10B9BF8
:103AA00001330B9301340123BBF1000F40F0AE81D1
:103AB0009B461AE63FF42BAEC0F13C03B6E6012369
:103AC0000C93299B0E9A134418930133012B1E4625
:103AD0000693B8BF0126172E40F3D5810122042397
:103AE0005B0003F11400B042114602F10102F7D964
:103AF000039B596411E401230C93299B002B33DDB4
:103B0000189306931E46E6E700230C93D9E700239B
:103B10000C93F2E739460398324620F035FD07460C
:103B2000B9E60F9B069A0F95EB1A9B440B9B1E461A
:103B3000134414440B93002590E6049B002B8FD173
:103B4000DDE90401C1F313030A46002B88D1A3E782
:103B5000DDE908230227CDE912230BE47FF41BAF34
:103B6000DA077FF518AF11E7012329930693FFF7D2
:103B7000CFBB03D1049BDB073FF518AE5E461BF8B5
:103B8000013D302BFAD020E60A9A3123013513701B
:103B90001BE6119A002A00F0F98003F233430B9AD6
:103BA0000F9D16461A441C440B9257E6C8F10103B8
:103BB00004460B931090FFF79BBB00F0EB800E9B2D
:103BC000424D5E4206F00F0305EBC303D3E9002329
:103BD000DDE90801FCF7AAFD3511CDE9120100F07D
:103BE0004D813B4E0023022780468946E80709D5D0
:103BF000D6E9002340464946FCF798FD0137804648
:103C0000894601236D1006F10806EFD1002B7FF4E1
:103C1000CAABDDE91289FFF7C6BB0A9ECAE4DDF82C
:103C200018A00E9D02460B46FCF7CAFB02460B4647
:103C3000CDE906230135DDE90423A846FDF706F8A2
:103C400040B9DDE90423DDE90601FCF7D7FF18B12F
:103C5000F10701D50A9A4AE43E46C8E57968039817
:103C600020F082FA0546002800F026813B690233E5
:103C70009A0007F10C010C30FCF702FB039829466F
:103C8000012220F081FC80460AE60E9D3C4601356B
:103C900047467EE5DDF80C8039462A46404620F04E
:103CA00019FC524601460746404620F05DFB51464E
:103CB0008246404620F07EFA0F9B5B1B0F933FF439
:103CC00007ADFFE410C602000000F07F80AB0200E9
:103CD00058AB0200DDE91401FCF728FD0A9B1F70B8
:103CE000129B012BCDE90C0100F0C680129F0A9BAC
:103CF000CDF844B01F447C4B002240464946FCF7B7
:103D000015FD89468046FCF7C1FF8346FCF7A4FCFD
:103D10000BF1300B02460B4640464946FCF74EFB82
:103D200006F801BBB74280468946E4D1DDF844B0CD
:103D30006E4B0022DDE90C01FCF742FB02460B460C
:103D400040464946FCF782FF002867D1DDE90C2395
:103D500066490020FCF732FB02460B4640464946C6
:103D6000FCF756FF48B91D9B002BFFF693AC0E9B4A
:103D70000E2B3FF78FACFFF7FCBB3E46013F16F81A
:103D8000013C302BF9D0199D013530E51C9BC3F166
:103D9000360304E7DDE908890227FFF704BB069B29
:103DA000002B3FF4B8AB189B002B7FF7D9AB0E9AD2
:103DB0001293013A4C4B1992404600224946FCF7B7
:103DC000B5FC80468946781CFCF746FC42464B46CB
:103DD000FCF7ACFC464B0022FCF7F2FA0646A1F1D8
:103DE0005077FFF701BB08F101083123FFF786BBCD
:103DF0000E9D0A9AB34639233C460BF8013B013528
:103E00004746D8E44FF000094F46F6E59B4629E6C1
:103E10000B9B1E46134414440B931FE5199B0A9AEF
:103E200003F10108FFF763BBDDF858A0ABE7DDE95C
:103E30001AB4DDF858A0FFF793BB392BD8D0002D6A
:103E40003FF7A7ADA7E5289B022B0ADC189B06933A
:103E500049460E9D1FF0A2FF0A9A00F1300313702D
:103E60008DE4189B06930E95B6E5289B022BF8DC93
:103E7000189B0E9506930BE5374659E7DDE9128945
:103E80000227FFF790BA039B00215964FFF745BA58
:103E9000039B00255D642946184620F065F90A90C9
:103EA000A8B9144B144800224FF4D57120F004FE39
:103EB000002A7FF770AD5BE50E4B0F482A4640F2B3
:103EC000EA2120F0F9FD0D4B0A93FFF730B9039B6F
:103ED0000A9A1A644FF0FF330122299518930C9225
:103EE0000693FFF73DBB00BF000024400000E03F09
:103EF00000001C4014C6020028C6020004C60200CE
:103F000010B50D4822F0DDFD00F054FC00F094FBEC
:103F1000002006F009FA044620B10146074822F0C5
:103F2000D0FD10BD064822F0CCFD00F0A1F800F055
:103F300005FA2046F5E700BF98C702009EC70200B9
:103F4000BEC702002DE9F0473B483C4CDFF8F0903B
:103F5000DFF8F080DFF8F0A08AB022F0B2FD3B4B32
:103F600040F201121A8004225A6041F6FF12DC600E
:103F70001A814C232370002363700223A37015233E
:103F8000E37003AF4FF0FF324FF0FF33394648463E
:103F90001CF016FA00284AD12D4822F092FD07F0B5
:103FA000C1F80146002833D010F1780F02D029481B
:103FB00022F087FD284B294A03F1100153F8040B26
:103FC00042F8040B8B42F9D151460398244EFCF77A
:103FD000E3FFFDF7CDF9049BE375C0F307222275DB
:103FE000C3F30722C8236075A27523760FCE05ADF3
:103FF0000FC533682B60002314490093022205A8E3
:1040000007F05EF8014638B1164822F05AFDB8E7CD
:10401000154822F056FDCDE797E80600134822F038
:1040200050FD00214FF4804026F0CDF8A9E740462E
:1040300022F047FDA5E700BFD5C70200D24B002004
:10404000B8130020D9C802000000C8426027002031
:10405000FBC702002DC8020009C90200D64B002090
:10406000C0AA020071C8020052C8020097C802002C
:1040700000B589B000220023CDE9062300230622E3
:10408000CDE90323CDE9013300930549054B0648EB
:104090004FF480621CF0CCFD09B05DF804FB00BF5A
:1040A00080510020453F0000F01600201FB50B4A4C
:1040B0000B493023CDE9012301A80023039307F026
:1040C00043FB014628B1074822F0FBFC05B05DF830
:1040D00004FB054822F0F5FCF8E700BF0101600091
:1040E000ED4000001AC902003AC90200F0B51E46B0
:1040F000037893B0044607AD032B4AD8DFE803F0FA
:1041000002434547274928461DF0EAFF0595637895
:104110000493A3780393E37802932379019363795B
:104120000093A379204A1E210AA822F0D7FC356803
:10413000B78835B3182F24D900202C5C431C04B356
:104140001C44A7421DD3EB5CFF2B18D12E18B3786B
:104150004C2B14D13379022B11D17379152B0ED13D
:1041600006301249102228441DF056FE38B9F08A54
:10417000FCF7BEFE0E49FCF7C3FF0E4B1860A742CA
:104180000DD813B0F0BD0C49BDE70C49BBE70C4995
:10419000B9E70C4A0A21284622F0A0FCB6E72046DF
:1041A000CBE700BF4FC9020071C90200D1C90200AC
:1041B0000000C8427027002056C902005DC90200F5
:1041C00067C90200FDE902002DE9FF411D4C2046B0
:1041D00025F063FC054628B91B4804B0BDE8F04152
:1041E00022F06FBC2269A1681368184EDFF8608066
:1041F00043F4006313600B68164A0B21204698476E
:10420000002723690193A36803A95B6820469847A8
:1042100030B9019B1A68039B534013F400630ED01E
:1042200037B12F4600214FF4004025F0CCFFE8E7DE
:1042300000220023314640461CF064F8F1E71F4697
:10424000F0E700BF50A5020094C90200EB4B00202C
:10425000181400201100010008B5A0F12E03092B4D
:104260000FD9A0F12703062B0DD9463802280AD909
:10427000064B07491868FDF74BF820B1054800F0D8
:1042800097F9002008BD0120FCE700BF702700203F
:1042900000004842AEC9020070B5224D224C234EA8
:1042A00086B04FF0FF324FF0FF330DF10301284687
:1042B0001CF086F80028F4D19DF80300FFF7CCFF2E
:1042C00020702178304622F0FCFB207800F08CF939
:1042D00015491748002200231CF014F815484FF028
:1042E000FF324FF0FF3301A91CF06AF830B9019892
:1042F000FCF7C4F900F088F9019B0293237803933B
:104300000D48C268036A9A4204D10022002304A91E
:104310001CF056F80022002302A907481BF0F2FF08
:10432000BFE700BF58130020EB4B0020BBC90200C1
:10433000E813002088130020B8130020F0B50026F1
:1043400089B0002700240725CDE90667CDE903548D
:10435000CDE90144134B144900944FF48062134893
:104360001CF066FC0623CDE90243CDE90667CDE9E2
:1043700000440F4B0F4904944FF480620E481CF028
:1043800057FC0E4B0E490094CDE90667CDE9035466
:10439000CDE901444FF480620A481CF049FC09B0A1
:1043A000F0BD00BFAD400000405E0020701800204E
:1043B000C9410000005A0020F01700209942000077
:1043C000C055002070170020F0B52A4F91B0044668
:1043D000A3685B6D002B41D1A3681B6D002B43D1FB
:1043E0003B78002BF4D1A3685B6C1BB12046984747
:1043F0000028EDD0204A53685169D2695B1AD21A5D
:104400003F2A0BD85AB9A368DB6B0BB120469847FB
:1044100001231A483B7022F054FBD9E74022A368DD
:104420009B6A0BB91648F6E7694620469847051E71
:10443000F8DBCDD010482A46694622F0ADFFA842ED
:10444000064603DA291A0F4822F03BFB0E48314694
:1044500022F037FB0D481CF00FF9B9E720469847CA
:104460000028B9D111B0F0BD204698470028B7D137
:10447000F8E700BF6C4C002078270020E1C902005B
:1044800001CA02001ACA02003ACA020090140020AF
:10449000024883689B6B03B11847704764A502000C
:1044A0002DE9F3473548364E364D22F00AFB002100
:1044B00041F69A1025F087FE4FF0FF324FF0FF33A0
:1044C00030461CF013F9304F2F4801220DF1030143
:1044D00022F082FF012810D02C4C2378002BE6D04C
:1044E0007B687A699A1AFB699B1AB3F5807FDED9DB
:1044F000FFF7CEFF00232370D9E72B687E2B1CD853
:104500009DF80320224C591C0A2AE2542960DBD171
:10451000002262541F48E254214622F0D2FA20467B
:104520001D49DFF87880DFF87890DFF878A01DF07B
:1045300047FE04463CB92C60C6E71B4822F0C1FA8E
:1045400000232B60C0E72146404622F0BAFA2046FD
:104550001DF092F90190002201A9002348461BF0AA
:10456000D1FE019940B1114822F0ABFA0A4900206E
:104570001DF026FE0446DDE75046F5E754CA02006A
:104580009014002074270020782700206C4C002015
:10459000EC4B00209ECA0200B5CA0200B7CA020056
:1045A00058130020FBCA020075CA0200C6CA0200E6
:1045B000F8B5044698B1FBF7A3FD094F0646002560
:1045C000B54205DB21460748BDE8F84022F079BA3C
:1045D000615DBB680248DB6998470135F0E7F8BDCB
:1045E00064A5020026CB020000B589B00346054A47
:1045F000202168461DF030FD6846FFF7D9FF09B05D
:104600005DF804FB39CB020000B5094989B0FCF71D
:10461000C3FCFCF787FE074A0346202168461DF0CD
:104620001BFD6846FFF7C4FF09B05DF804FB00BF3F
:104630000000C84244CB0200F0B58BB0434825F0DF
:104640002CFA38B9424822F03CFA4FF0FF342046A9
:104650000BB0F0BD002002F0B7FE044620B10146C9
:104660003C4822F02EFAF0E73B4B384E58604FF4AE
:104670008062C3E90200C3E90500DA611861374AC4
:1046800037481A6022F01DFAB568274609972B6E45
:104690001BB109AA042130469847099B002B49D039
:1046A000304822F00EFAB368DB6D002B48D00821A9
:1046B000264801229847014610B12B4822F001FA02
:1046C000B368DB6D002B3ED01021204801229847B3
:1046D000014610B1254822F0F4F9002140F6CD4002
:1046E00025F071FD00220023CDE9062300250723D4
:1046F000CDE90335CDE901551D4B1E491E480095F6
:104700004FF480621CF094FAB3682BB19B6D1BB11F
:104710001A490E482A469847FFF7BAFE184822F071
:10472000D0F900214FF4804025F04DFD1548FFF7EA
:104730003FFF8CE7002140F6CD4025F044FDA5E782
:104740006FF05701B9E76FF05701C3E764A50200A6
:104750004DCB020066CB0200782700206D4C002074
:104760007FCB020092CB0200B8CB0200CECB02007E
:10477000A144000080620020F0180020C94300001E
:10478000E4CB020012CC020013B5094C4FF0FF320B
:104790004FF0FF330DF1070120461BF011FE18B951
:1047A0009DF80700FCF770FFC82021F026FFEDE719
:1047B0001814002010B5144C206825F06EF920B9AB
:1047C000BDE81040114822F07CB920680269816878
:1047D000136823F4803313600B684FF4C022102158
:1047E00098472068002121F026FF2068026981682F
:1047F000136823F4004313600B68BDE810404FF4C6
:1048000080320F21184700BF880D00203DCC0200E8
:1048100010B50A4C0021206821F00DFF022025F080
:1048200037F92068012121F006FF0A2025F030F930
:1048300020680021BDE8104021F0FDBE880D002059
:1048400038B50C4D286821F0E8FE0028FAD024F095
:10485000F6FF0446286821F0E0FE0128FAD024F093
:10486000EEFF054B001BA0FB0303C00B40EA4340D7
:1048700038BD00BF880D002040420F002DE9F04FE9
:1048800091B08407009302F004030293C2F3C203C1
:1048900003F10103DDF86880039205460E46059397
:1048A00040F0BA81041D30B1072909D86FF01B0010
:1048B00011B0BDE8F08F01F007063444C6F10806D8
:1048C000009B4FF00009591E4FF0040A4FF0FF33D0
:1048D0000193CDF810904F46CB4653460DB1009A48
:1048E00022600598002800F3E8809848009A8242E8
:1048F00003D397488242C0F0E080039AA4EB050EF0
:1049000092074FEA9E0000F103810F2F00F2B18061
:10491000002D00F0058107F140020DEB020C019A19
:104920000CF8200C0CF8102C049801300490E7E0EF
:104930007A285DD84B280ED8472859D829282DD851
:10494000252852D054D820287AD02338D0F1000B13
:104950004BEB000B74E04C382E2849D8DFE800F010
:104960007048484848484848484848484B4848489C
:10497000484848484859484B4B595959704B6D481D
:104980007048184B184848827F4B48484B487F0076
:1049900000204FF0000B4FF0040A38E02A38C0B274
:1049A000012202FA00F010EA0E0F49D110F0625C09
:1049B0002FD110EA020B43D06046013C5444B4FBB3
:1049C000FAF40AFB04F4002D61D0A3EB050CA44417
:1049D000B4453FF66BAF002868D1042B47D158F897
:1049E000043B2360043404232AE0019A013A019233
:1049F0004FF0000B24E011F8010C6C2834D111F8B1
:104A0000023C00206C2B8346C5D14FF0080A534668
:104A1000D3E708F1070828F007080734F8E802ABE5
:104A200024F0070435B106982044B0423FF63EAF6B
:104A3000C4E900AB08344FF0000B4FF0080A5346AE
:104A400011F8010F002878D0BBF1000F7FF470AF90
:104A50002528F5D1019B013301934FF0010B4FF055
:104A6000040AECE7584694E700208346A5E7082BA4
:104A700002D06FF015001BE708F1070828F00708BF
:104A8000F8E80223C4E9002308340823D8E768B90A
:104A9000042B02D108F10408A4E7082BE9D108F19E
:104AA000070828F0070808F10808EDE7059A013A19
:104AB000059258F8042B009210E7039A900720D52E
:104AC000A4EB050E4FEA9E004FF0010CBEF5007FEF
:104AD000CFD20F2FCDD8F5B107F140020DEB020E6A
:104AE000C0B2019A0EF8200C0EF8102CBCF1000F89
:104AF0003FF41AAF60F07F000EF8200C09F10109B5
:104B00000137C5F10802043406924FF6DA7E97E7C2
:104B10004FF0000CDAE7BCF1000F01D00136EFE7EF
:104B2000029802360028EBD10098CDE90631FBF758
:104B3000E7FADDE906310644E2E7631BB3F5806F6F
:104B400097D23DB9A6F10804E018B1E670A40200BE
:104B500094EE0200029A28609B082B709DF810309A
:104B6000C2B1EB7085F80290B9F1000F05D008A82A
:104B70000022C5F1010C97420ED1C5F101030DF1E0
:104B800020084FF0000A01930DF1300B574512D168
:104B9000601B8DE66B70E5E710F8013B190608D540
:104BA0000CEB040EB64503F07F033FF67FAE04F82E
:104BB000013B0132DFE7B9F1000F03D098F9002083
:104BC000002A17DB029BD3B11AF80B2004F8012B43
:104BD0000022019B18191044B0423FF667AE98F8C6
:104BE000000004F8010B009903922046FBF748FBF4
:104BF000039A14440AF1010A08F10108C6E798F87B
:104C0000002055F822300093029B45F8223000988E
:104C1000FBF776FA421CDCE76FF00D0048E600BFB8
:104C20002DE9F04F97B000AF90F802A0D7F880B010
:104C30003B62CBF3C0030446FA62BB61894641B9CB
:104C4000457800780AEB800020444D4517D8A0EB4A
:104C50000409E378FB61BAF1000F02D01BF0010FE9
:104C600016D1FB6953BBFB6A1BB13A6A4946204621
:104C700098474D4628465C37BD46BDE8F08F461C38
:104C80003046FBF73DFA0130304409F10109DCE719
:104C9000237862687A62FA6A9900796104EB830189
:104CA000002A40F000814D460E4601EB0A094FF004
:104CB00000084E454CD101EB0A0610E01BF0020F34
:104CC000D1D023789A007A6162687A62FA6A04EB3A
:104CD0008301002A77D14D4601EB0A0690461BF06E
:104CE000050F0CBF02230123FB62FB6906EB430A9D
:104CF0000BF00203BB625645BCD016F8021B16F837
:104D0000013C54F82390994B994502D3984B99450F
:104D100036D3BB69002B40D0786A21F097FE00287B
:104D20003BD0E9468AB06A46924B53617B6AC2E93E
:104D300006314FF4007313848F4B42F8103F8F48B5
:104D400000234FF4125101F0FFFB023DCD46D2E7A4
:104D500016F8013BF96254F82300FBF7D1F9D7F8B4
:104D60008430F96A01304BB1D7F8883098453EBF9E
:104D7000D7F8843023F8180008F10108054498E7B3
:104D8000BB6923B1786A21F061FE0028C9D11BF00C
:104D9000010F05D1FB6AED1AADE7BB6A002BAAD063
:104DA0004846FBF7ADF9D7F8843053B1D7F88830CF
:104DB00098453FBFD7F88420431C22F8183008F1EB
:104DC0000108054497E7BAF1000F72D01BF0040602
:104DD00072D0D046002607F1480052463B61B962C6
:104DE000FBF74EFAB96A3B6901EB0A02BA62FA694B
:104DF000F9695200FA60BA6A02EB41023A610BF0BB
:104E00000202BA603A69B96A8A4257D162787A6214
:104E10001BF0020F32440CBF4FEA580100211BF077
:104E2000010FD2B240F09F801BF0040F14BF404628
:104E30000020BB616270A070E1703A6A7969FB6A18
:104E400020469847051EFFF615AFBB6923707B6AA5
:104E50006370FB69E37041463A6AFB6A84F802A01A
:104E600007F148009847B0F10008C0F2BB807B69A9
:104E70003A6AA9EB0A01C91AFB68C91AD7E90A03F9
:104E800098470028C0F2B080A84408EB00054FF016
:104E9000000B07F1380AB34572D300213A6AFB6A66
:104EA00008469847E6E656464FF0000807F13800F6
:104EB00093E75646D04697E7B04695E7BA6A12F8A8
:104EC000021BBA6212F8015C284A54F8250090428D
:104ED00002D3274A90421ED3BA6932B1786A7B6006
:104EE00021F0B4FD7B6800288CD1BA6802BB08F1C0
:104EF000280207F1300C08F10100944407F1580230
:104F000052FA80F008F102080CF8101C5FFA88F8D9
:104F100000F8105C76E7BA693AB1786A7B6021F0F4
:104F200095FD7B6800287FF46DAF1BF0010F09D061
:104F300006F1280207F13000711C161806F8205CF3
:104F4000CEB25FE71BF0040F3FF45CAF08F128021C
:104F500007F1300008F1010102EB000808F8105CCD
:104F60005FFA81F84EE7002063E700BF70A40200FB
:104F700094EE020064CC020004000001F8A90200D3
:104F80001BF80A3087F8373054F82390D7F884306C
:104F90002BB3D7F888309B4521D2D7F8843033F82B
:104FA0001B803A6AFB6A012107F137009847002805
:104FB0001ADB0544B8F1000F06D14846FBF7A0F80C
:104FC00000F101081FFA88F83A6AFB6A4146484630
:104FD0009847002808DB05440BF1010B5BE74FF015
:104FE0000008DEE7454645E6054643E6014B186006
:104FF000704700BF8C0D002030B587B00025CDE98B
:1050000003010446009503A90548059500F06EF8D4
:10501000DDE904309842B8BF255407B030BD00BF69
:105020009B6A0200F0B5094E016802460A2700207B
:105030000B4601311C78355D6D0701D41360F0BD5E
:1050400007FB0043A3F13000F2E700BFA1C4020058
:105050002DE9F84F15469A46D378234A12F803B043
:105060006F2B81460F460BF0030B2BD026D8582B05
:105070000CBF10260A26DDF8288032460023484659
:105080003946FCF795F9092A08F1FF38D4B21ED841
:105090003034B145E4B277F1000788F8004001D31D
:1050A000D04511D82B789B0605D5082E15D1AB78A5
:1050B00043F00803AB704046BDE8F88F03F0F703F8
:1050C000702BD5E70826D6E781460F46D5E7BBF11A
:1050D000010F0CBF37345734DBE7102EEBD1AB7820
:1050E00043F01003E6E700BFA1C402002DE9F04F32
:1050F0009FB08246039117461C460025387810B9A8
:10510000284600F0A0BD252809D00399D0470028E3
:10511000C0F299857B1C01350593059FEEE71822A7
:10512000002110A81CF028FF7B78252B00F0BA8006
:105130000023791C98469E469C4618460E4611F858
:10514000012B2B2A00F0E18000F2D880202A00F009
:10515000DF80232A00F0DF802BB19DF8483043F038
:1051600040038DF84830B8F1000F05D09DF8483065
:1051700043F020038DF84830BEF1000F05D09DF8B4
:10518000483043F010038DF84830BCF1000F05D0D3
:105190009DF8483043F008038DF8483028B19DF859
:1051A000483043F004038DF848309DF8483003F050
:1051B0004401442903D16FF386138DF848309DF8DC
:1051C00048300E9643F080032A2A8DF8483040F08C
:1051D000A7809DF8493043F001038DF84930731CD6
:1051E0001A782E2A9DF849200CBF0121002161F375
:1051F00041028DF849200CD15A1C0E925A782A2A65
:1052000040F09E809DF8492042F004028DF849202C
:1052100002331A786C2A00F0BF8000F2A180682A5D
:1052200000F0A7806A2A00F0C0804C2A00F0C580F8
:1052300013F8012B0593782A8DF84B2000F2058195
:105240006D2A00F2C780692A00F2FF80572A00F217
:10525000DE80412A04D0A2F14503022B00F2F58042
:105260009DF84A3002F0DF020421A2F1410661F309
:10527000020372429DF849108DF84A30724162F380
:10528000C7110A068DF84910CBB200F11D8103F059
:105290007802182A40F007816FF3C6038DF8493071
:1052A0000023F6E08DF84B30BB1C05939DF8492098
:1052B0009DF84A30D10703F0070040F1078154F808
:1052C000041B0491002908DA9DF8481041F00401FC
:1052D0008DF84810049949420491560740F1FE8028
:1052E00054F8046B002E80F2FD809DF849206FF386
:1052F00041028DF849204FF0FF36F3E02D2A0DD002
:10530000302A7FF429AF012318E74FF0010C15E78D
:105310004FF0010E12E74FF001080FE701200DE7F3
:105320000EA8FFF77FFE0E9BB3423FF459AF9DF8E6
:1053300048201390C00F60F341028DF848204FE7DA
:105340000EA8FFF76FFE9DF848301490C3F340029B
:1053500042EAD07262F341038DF848300E9B58E761
:10536000742A26D07A2A7FF463AF9DF8492006215B
:105370000CE05A78682A9DF8492006D1012161F392
:10538000C6028DF84920023352E7022161F3C602BA
:105390008DF8492001334BE75A786C2A9DF8492053
:1053A00001D10421EBE70321F0E79DF84920052115
:1053B000ECE79DF849200721E8E7BDF8482022F4F2
:1053C000F04222F0020242F4804242F00202ADF8C2
:1053D0004820DFE76E3AD3B201229A4040F282437E
:1053E0001A429DF8493037D112F0240F5FD1D1070E
:1053F0002BD59DF84A2003F07803A3F14000032148
:1054000061F3020243428DF84A20434141E0A2F198
:105410005801C9B2012000FA01F111F4624F7FF482
:105420001FAF40F6010319429DF849301AD111F41B
:10543000043F0AD09DF84A2060F3020203F078038B
:10544000402B8DF84A207FF42BAF9DF8483043F075
:1054500001038DF8483023E79DF84A20022161F3CB
:105460000202EBE79DF84A10022003F0780360F394
:105470000201402B8DF84A1002BF9DF8481041F000
:1054800001018DF84810632A7FF40AAF003B18BF72
:1054900001239DF84820C2F340010B4363F341020E
:1054A0008DF8482002E713F0380FCED1F8E69DF8CA
:1054B0004A20032113F0780F61F302028DF84A208D
:1054C00014BF01230023E4E70123E2E79DF948101C
:1054D0000029B4BF13994FF0FF31FDE691077FF526
:1054E0000AAF149E9DF8491000220428CDE913222A
:1054F00007D18A0705D49DF94920002AACBF0626AA
:105500000D2603F00703012BC1F3C30132D1CB1EDB
:10551000042B04D8DFE803F0204545202000236851
:1055200001294FEAE372CDE910321BD19DF94030D9
:10553000DA17CDE9103204349DF8483006939B0702
:105540004FD0059B03993A46504621F00DFB0028A9
:10555000C0F279830544E0E554F8043BDA17CDE95D
:105560001032E9E70229E6D11AB243F3C033CDE99C
:105570001023E0E7022B24D1CB1E042B04D8DFE854
:1055800003F0181010181800012954F8043B4FF0CC
:10559000000214D00229CDE91032CDD19BB2109374
:1055A000CAE7073424F00704F4E80223CDE9102306
:1055B000C2E754F8043B109300231193BCE7DBB21D
:1055C000CDE7042B08D1073424F00704D4E90023E5
:1055D0000834CDE91023AFE7032BADD154F8043BD9
:1055E000DDE79DF84B80B8F1780F3FF696ADB8F146
:1055F000570F5CD8B8F1250F00F0A480B8F1240F44
:105600007FF68BADB8F1410F04D0A8F14503022B12
:105610003FF683ADDDE91023002BC0F24D810699E2
:10562000080700F14C81C1F300194FEA4919C3F38F
:105630000A51C3F31303002940F0448152EA0300E6
:1056400014BF4FF0010C4FF0000CD80240EA52504A
:10565000D702CDE90C70B8F1460F47EA010740EADE
:10566000E17008BF4FF06608384300F0B881BCF124
:10567000000F10D01B0343EA125317033A46184693
:105680004FF0000C002880F25681BCF1000F40F072
:105690005981CDE90C730D9B43F00043A1F2FE3B11
:1056A0000D930021DDE90C230F46052060E1A8F1F0
:1056B0005803202B3FF631AD01A252F823F000BF72
:1056C0008B5800001B5100001B5100001B510000B3
:1056D0001B5100001B5100001B5100001B5100001A
:1056E0001B510000155600001B51000037580000E8
:1056F0004B580000155600001556000015560000C6
:105700001B5100004B5800001B5100001B510000B2
:105710001B5100001B510000915800008B580000E5
:10572000DB5700001B5100001B51000055570000C3
:105730001B5100008B5800001B5100001B51000042
:105740008B58000003994046D0470028C0F27B8266
:105750000135E2E4002E109F3BDB314638461CF059
:105760001DFD002F3FF4D9AC3E18F31B4FF000098C
:105770009DF84A2012F01001069100F05982023380
:1057800012F04002DDF84C80089218BF149ACDF850
:105790001C80434418BF9B18049A002A40F363827C
:1057A000D31A9DF8482004935007C2F3800B00F1F0
:1057B0005A82510640F14A82B9F1000F07D003998D
:1057C0004846D0470028C0F23E820135D9463022F3
:1057D0003DE23846FAF794FCC6E71098002800F03E
:1057E00022820DF17503009312AA17AB0021FFF777
:1057F0002FFCBDF84A3003F0EF0343F4F04343F0CD
:1058000010030746ADF84A304FF00009002E0CDBBC
:105810009DF848200DF17503DB1B6FF386129E4245
:105820008DF8482001D9F31A1393002F3FF475AC7B
:105830000DF175066DE0109B8DF85C304FF000099E
:105840000DF15D0617AF012392E7069B1F0758BFB6
:10585000C3F30019DDE9102354BF4FEA49194FF093
:105860002B09002B06DA524263EB4303CDE91023E8
:105870004FF02D090DF175030093DDE9100117AB11
:1058800012AAFFF7E5FB0746C0E74FF00009F1E772
:10589000109B07293FF641ACDFE801F00C04060C31
:1058A00008080C0C1D7038E41D8036E4EA17C3E9C3
:1058B000005232E41D6030E44FF02D09B7E64FF09E
:1058C0002B09B4E640F2FF70814231D108F10108A2
:1058D000A1495FFA88F8134311F8081001F0030199
:1058E0001ED101290BBF492369234E216E210CBF14
:1058F000462266228DF85C309DF848308DF85D10A8
:105900006FF386138DF85E208DF848300DF15F0639
:1059100017AFF31BB9F1000F3FF42AAF013327E7AC
:10592000012915BF6E234E23612141211A46E1E76B
:105930004FF0000C89E6921801F1FF3140414FF021
:10594000010C9FE6CDE90C20A5E6520842EAC3729D
:105950005B08B3F1333F59460BF1010BF5D200FB65
:1059600003FCA2FB002301F1020B6344013F012170
:105970001BF1020FE9DB09B1CDE90C23BBF1000FEC
:10598000DDE90C322EDCCBF10401A1F120000BF19A
:105990001C0B02FA0BFB22FA00F0CA40CB40079224
:1059A00008F0DF0243EA0B03472A43EA00037ED1F3
:1059B000F91C01DBBE422BDAA8F10208002E5FFAC7
:1059C00088F87DDD9DF84820920606F1FF3677D4F1
:1059D000B6F1000B18BF4FF0010B721C27E04FF01F
:1059E000000B5EE6023342F100020CA8CDE90C3256
:1059F00021F08BF8DDE90C320BF1FF3B0137DB18AE
:105A00005241002A0BF1FF3BF9DACDE90C32B5E740
:105A10009DF848209006A6EB07064ED4B6F1000B81
:105A200018BF4FF0010BF2194FF066084BD4102A43
:105A3000A8BF102210200B904FF000610020CDE98C
:105A40000E01DDE90E01002A3FD1079A1B1842EB37
:105A50000101B1F1805F47D2CDE90C31069BB8F16D
:105A6000660F03F0200240F0BE80002F47DC302399
:105A70008DF85C30002A71D1002E40F3B7812E23BF
:105A80008DF85D3087B17B42B342A8BF33469DF8A5
:105A90004A201393002BA6EB0306D4BF0023012357
:105AA00063F345128DF84A200DF15E0340E0B8F132
:105AB000660F4FF0000BB6D08FE74FF0000BB2E748
:105AC0004FF0000B89E70022B4E7400840EAC170BC
:105AD0004908CDE90E010EA8CDE9082321F015F8FB
:105AE000089A099B013AACE75B0843EAC1730CA82A
:105AF0004908CDE90C31013721F007F8AEE717ABC3
:105B00000B9900290BDD0BA90CA8CDE9063221F079
:105B100014F8069B079A03F8010B013FF0D1139785
:105B2000AAB9002E40F360812E2103F8011B002743
:105B3000002E1CDD0B9A002A19DD0BA90CA8069378
:105B400020F0FBFF069B013E03F8010BF0E72E223D
:105B500003F8012BEBE700BFA0C402002E238DF851
:105B60005D30002FA0D0002E8DDC0DF15E03BBF167
:105B7000000F4CD114961E4608F0DF03452B21D1AF
:105B8000002FBABF7F422D232B23632FC8BF64226F
:105B90007370C2BFB7FBF2F303F1300102FB13775E
:105BA0004FF00A0286F80080CABFB1700236033691
:105BB000B7FBF2F303F1300102FB137330333170A2
:105BC00073700236139B002B2BDC149B002BD4BF6D
:105BD000002301239DF84A2063F3861200238DF8E9
:105BE0004A20337094E60BA90CA8069220F0A5FF7A
:105BF000069A8DF85C00302818BF07F1FF3712B9FC
:105C0000002E40F3F3802E238DF85D304CE71E46C6
:105C1000013B16F8012C302AF9D02E2A08BF1E4667
:105C2000AAE70123D6E7734E8146771F05239FE538
:105C3000110748BF0133A3E5104609920399D047E5
:105C40000028099A05DA1FB0BDE8F08F2022DDF8A0
:105C500010B0594600290BF1FF3BEDDC049BCDF859
:105C600010B02B445D1AB9F1000F05D003994846D6
:105C7000D0470028E7DB0135089B002B79D09DF940
:105C80004930002B29DBDFF870913B46187819F872
:105C9000002052079B4603F101033FD49DF84A3090
:105CA000EF1B98065F4407D44246002A08F1FF38EC
:105CB0003BDC079B3B449F1A9BF800002E280AD12F
:105CC0000399D0470028BEDBB8F1000F07F10107A8
:105CD00031DC0BF1010B5D4638E0B94699F8000064
:105CE0007028C84609F1010913D1EF1B149D4744E0
:105CF0003D44EB1B002B34DC0399334642465046AF
:105D000020F032FF00289EDB3844049E05460644FE
:105D100065E00399D0470028E0DA94E706930399F9
:105D2000D0470028069BB1DA8DE703993020D04791
:105D30000028B9DA87E703993020D04708F1FF3807
:105D4000C0E70399D0470028FFF67DAF287819F8FF
:105D500000305907A84605F10105F2D4A7EB0B075F
:105D6000C4E703993020D0470028FFF66CAF013715
:105D7000BFE79DF84A30DA0601D41B0706D5039920
:105D80003020D0470028FFF65EAF0135069B3BB1BF
:105D900003999DF84B00D0470028FFF654AF01351A
:105DA000A84406E003993020D0470028FFF64BAF07
:105DB0000135A8EB0503002BF4DC039933463A4682
:105DC000504620F0D1FE0028FFF63DAF28449CE766
:105DD00003992020D0470028FFF635AF0135731B0B
:105DE000002BF5DCFFF799B91746C0E60DF15D030E
:105DF000BDE600BF1DCD0200A1C402002DE9F047A1
:105E0000058B04462807904611D4022905F00705A2
:105E100040F0CC80204621F050F978B10138218B38
:105E2000042811D8DFE800F0C2106D859500012923
:105E30000CBF45F0100545F02005258388F3118837
:105E4000BFF36F8FBDE8F08701F0070AAA4500F0A5
:105E5000A5800027B9463E46A368002B00F0BC8011
:105E600041F00801218388F31188BFF36F8FA16887
:105E7000002900F0BA800D68002900F0B680D1F842
:105E80000480334652462046C047002D76D02B680A
:105E900029461D46F0E701F007035A1F012A1BD8C7
:105EA000002221F00701062B276889B2C4E90022ED
:105EB00009D13B4603E0628B013262831B68002BF1
:105EC000F9D141F002012183204621F0F6F80028A3
:105ED0007AD041F0200176E0042B0AD121F00701AD
:105EE00089B22183204621F0E8F810B141F0200169
:105EF0002183218B01F0070AAA454FD00027B9461C
:105F0000AAE7236921F0070141F00601062DD3F825
:105F1000009021832DD1B9F1000F3FD041F008014D
:105F2000218388F31188BFF36F8F3A492046C84711
:105F300029E021F00701236941F0040189B2042D11
:105F4000D3F804902183E6D000273E464FF0040AA0
:105F500082E721F00701236941F0050189B2052D8F
:105F6000D3F808902183D6D000273E464FF0050A8B
:105F700072E700273E464FF0060A6DE72B4687E79B
:105F8000B9F1000FD1D1EFF31188202383F31288E8
:105F9000BFF36F8F238B23F008032383258BEA063F
:105FA0002ED525F01003238305F007056669218BA4
:105FB000002EBFF670AF00232768C4E9003321F03C
:105FC000070141F001012183218B01F0070AAA4555
:105FD0004FF000097FF440AF002F9CD041F0080142
:105FE000218388F31188BFF36F8F002FC8D03D68DD
:105FF000394633465246204621F08BF82F46F4E7C7
:10600000AB067FF51BAF25F02003238305F00705C2
:1060100000E700BF3F7102002DE9F047DFF858802C
:10602000044607464FF0010914B93846BDE8F08729
:1060300094FAA4F5B5FA85F509FA05F32E0108EBF3
:1060400005156FEA030A24EA03042B7B002BEBD02F
:1060500058F806301B694BB9464404227368284639
:10606000196807EA0A0721F00EFADDE72846984783
:106070000028D9D1F0E700BFA0AA020030B510492E
:10608000104889B0002224F05EF90F4D0F4900221C
:106090000023CDE9062300240E23CDE90334CDE906
:1060A00001440B4B00944FF4407228461AF0C0FD97
:1060B0000849284623F0D5FF204609B030BD00BF6F
:1060C000D9600000F81E0020701A0020406F0020E8
:1060D000F56300001ECD020001481AF0CDBA00BFE2
:1060E000601400202DE9F84F804624480F4621F027
:1060F000AAF90646002839D000252846BDE8F88FC1
:10610000A4EB0B0362681B1101331371237B83B172
:106110002368DB680BB120469847636883F80690D4
:1061200023681B69D3B9636804221968204621F0EB
:10613000AAF9013610345445E2D3B8F1000FDCD08F
:10614000002DD9D02846FFF767FF0546002FF7D06E
:1061500000214FF4A47024F036F8F1E72046984768
:106160000028E0D009FA06F31D43E2E7044CDFF80B
:1061700014A00546A3464FF00109DCE7A82700203C
:10618000A0AA0200C0AA0200014B53F820007047E9
:106190005CAC020008B5034608462BB1044A136004
:1061A00000F06CFC002008BD6FF01500FBE700BF9D
:1061B000900D002010B5044C237813B903481AF051
:1061C0005BFA0123237010BD6D5000206014002085
:1061D00010B504460B4821F036F95CB1BFF35B8F74
:1061E000094B53E8001F013943E80012002AF8D197
:1061F000BFF35B8F054824F0B2F80548BDE81040B6
:106200001AF03ABAA0270020A4270020F81E002088
:10621000601400200020064BBFF35B8F014653E85B
:10622000000F43E80012002AF9D1BFF35B8F7047DB
:10623000A027002070B5FFF7EDFF084C084E05467B
:10624000B44200D370BD63685B792BB123685B688F
:1062500013B12946204698471034F1E7A0AA02005E
:10626000C0AA020010B5044C0449204620F0A3FD4A
:10627000034B1C6010BD00BF6812002048AC020038
:1062800098270020084A094808B500231370084AD7
:106290001360084A4FF400411360FFF77BFFBDE82D
:1062A0000840FFF7DFBF00BF6E50002043740200BC
:1062B000A0270020A4270020014600220148002337
:1062C00020F09ABD68120020014820F033BE00BFC4
:1062D00068120020024B0146186820F07FBE00BF04
:1062E00098270020014820F0B4BE00BF68120020AB
:1062F00070B5294B187800284DD0FFF7E5FF05460B
:10630000002845D1254B264C1B68002B19DD23F0B6
:10631000D3FF4FF47A72A0FB020302FB0131C30BDF
:10632000D4E9002043EA41439B1A4FEAD13140F2BD
:10633000E93261EB0001934271F1000101D3FFF7F3
:1063400079FFD4E9003213F57A7342F10002C4E90F
:106350000032BDE87040FFF7C5BF63685B7923B1C9
:10636000236829461B68204698471034B442F4D36A
:106370002846FFF7AFFFBFF35B8F0A4B53E8001FC0
:10638000013943E80012002AF8D1BFF35B8FB9E767
:10639000054C064EEAE770BD6D500020A027002096
:1063A000F01E0020A4270020A0AA0200C0AA02001C
:1063B00070B50D4D297861B90120FFF793FE0B4CA4
:1063C0000B4EB44206D3FFF793FF0028FBD1012305
:1063D0002B7070BD63685B791BB1236820469B6896
:1063E00098471034EDE700BF6E500020A0AA0200CD
:1063F000C0AA020000212DE9F0470846FFF772FE0F
:10640000044648B340F267684FF000091AF0CCFE2A
:106410001A4B186030B11A4B1B68092B02DD194862
:106420001AF02AF9184FDFF85CA0002544B1204685
:10643000FFF7F2FD044618B94FF0FF384FF0FF396F
:10644000FFF756FF064628B9B5B942464B465046B7
:106450001AF04CF93546E9E74FF0FF384FF0FF39B5
:10646000D4E72B689B691BB1002211462846984748
:106470001035BD42F5D3E8E7044DFAE79C2700202C
:10648000A427002060140020C0AA0200A0AA0200D5
:1064900013B5184820F0D7FF174B1B7873B1EFF3F3
:1064A0001184202383F31288BFF36F8FFFF720FF3F
:1064B00084F31188BFF36F8F02B010BD0F4B1B68C0
:1064C000002BF9D050B900220023CDE900230C485D
:1064D0004FF4004200231BF047F9EDE70928EBD108
:1064E000074823F03CFF074802B0BDE810401AF00F
:1064F000C3B800BFA42700206E5000209C270020B6
:10650000F81E00206014002010B5064B1B680446DE
:1065100098472146A060044820F0EDFCBDE81040FB
:10652000FFF7B6BF900D002068120020044A054B0B
:106530009B1AB1EBD30F34BF52F8310000207047E3
:1065400080A90200A0AA02002DE9F04F8FB004AF8D
:10655000C1F34A28B8600D4691467B600C0DB8F136
:10656000000F63D0002607F114034FF0040B4FF027
:106570000A0AC7F80C80C7E907667E620193CDF866
:1065800008B0CDF800A007F11C03F9683246484670
:10659000FEF746FBB0F5006F03461CD36C468AB08D
:1065A000D9F8041004AB2648C3E9050140F2FF7195
:1065B000D9611A464FF400711984224B42F8103FFA
:1065C000214833464FF41251FFF7BEFFA5462C3742
:1065D000BD46BDE8F08FC0F30A0804F11700184467
:1065E00020F0070080083B60FFF766FE68F3532544
:1065F000044690B13B68154AC7E9083600F110011E
:1066000007F11403F961CDE900A3CDF808B0F968EA
:1066100007F11C034846FEF703FB68F353257B682C
:10662000B9682A46204620F04DFFD0E704F1170054
:1066300020F007008008FFF73FFE0446EDE700BFAB
:1066400033CD02000400000118AA02009974020070
:106650002DE9F04F87B0DDE91279DDE9105A0446E3
:10666000039193469846BFB1CDF800903B46524601
:1066700010210020CDF81490FEF700F9B0F5006F5E
:1066800006460AD3184A194840F2FF73022107B0A0
:10669000BDE8F04F20F06FBF3E4605F117003044D3
:1066A00020F0070004F007048008FFF705FE0BF058
:1066B000070BE40044EA8B1444EA462444EA0554F8
:1066C000054640B13FB1CDF800903B4652463146B9
:1066D0001030FEF7D3F8039943462246284607B008
:1066E000BDE8F04F20F0EEBE72CD020018AA020005
:1066F000406820B1034BC01A40F3CF0070474FF001
:10670000FF30704780A902000EB403B503AB014609
:1067100053F8042B0448019320F05EFF02B05DF8AB
:1067200004EB03B0704700BFE7750200CA0605D44A
:106730008B064CBF02490349FFF7E6BF704700BF15
:106740001CCC02001BCC02002DE9F04F89B09A4608
:10675000149B06939DF84CB0159B0593169B179EB2
:10676000049304460D469046BBF1000F00F09D8057
:1067700006F48073079320F084FE06F002090246B7
:1067800000283ED092492046FFF7BEFF0746B9F1E8
:10679000000F08D016F0440F35D18E492A46204606
:1067A000FFF7B2FF074406F0010353B18A4B8B4950
:1067B00053F82B208A4B2046002A08BF1A46FFF7C1
:1067C000A3FF06F48073002B49D006F00803002BCA
:1067D00063D1B8F1000F66D0824942462046FFF7E8
:1067E00093FF0546069B3D44002B6DD1049B002B77
:1067F00073D1F30700F1E58031462046FFF796FF9D
:10680000D9E00746C3E7784B18680028CAD0774B11
:106810004FF47A791B68B5FBF3F54FF46163B5FB70
:10682000F0F100FB115509FB05F54FF03C0CB1FBF5
:10683000F3F203FB1211B5FBF0FEB1FBFCF300FB1E
:106840001E550CFB131109FB05F50091B5FBF0F586
:106850006749CDE901E52046FFF756FFA2E706F0BC
:106860000803EBB1634B644953F82B202046FFF734
:106870004BFF0546B8F1000F05D05A494246204665
:10688000FFF742FF0544BAF1000FABD05B49524617
:106890002046FFF739FF0544A4E74FF0000AE1E77F
:1068A00006F00805E6E745469CE7BAF1010F069BAE
:1068B00006D1002B65D1049B002B7CD000250CE079
:1068C000002BF8D04E485DE04E48069B4E492246CC
:1068D00020F08BF8049B002B69D0DFF83081DFF8C3
:1068E0003091049F3146102F204628BF1027FFF714
:1068F0001DFF4FF0000A554546DC059B49461A78B6
:106900002046FFF701FF4FF0010A1AF0070F03D1ED
:1069100041462046FFF7F8FE57453CD9059B4946BE
:1069200013F80A202046FFF7EFFE0AF1010ABAF138
:10693000100FEAD1374920464FF0000AFFF7E4FE76
:106940005246059B9A5C344B995C11F0970F08BF37
:106950002E2232492046FFF7D7FE0AF1010ABAF18A
:10696000100F1DD01AF0070F03D141462046FFF744
:10697000CBFE57455246E4D841462046FFF7C4FEB9
:10698000EBE720485D46A0E741462046FFF7BCFE06
:106990000AF1010AAFE722492046FFF7B5FEC4E736
:1069A000059B3B440593049BDB1B049399D1BBF1EE
:1069B000000F7FF41EAF204609B0BDE8F04F20F075
:1069C000FEBD074A05492046FFF79EFE14E700BFBB
:1069D000AFCD0200B3CD02006CAC0200C7DA0200FA
:1069E000AACD0200D8CD0200B0270020AC2700209D
:1069F000BCCD020080AC0200DCCD0200E2CD020082
:106A00001D760200E7750200D9750200EFCD020085
:106A1000E7CD0200F1CD0200A1C40200F3CD0200D7
:106A2000EDCD020073B542F20F738B4228BF0B46C7
:106A300005680F4A04460521684620F04FF8636850
:106A40000C495B6806460B22284620F0AAFD6368C5
:106A50003246694628465B6820F0A3FD6368064914
:106A60005B681B22284620F09CFD02B070BD00BF71
:106A70007CCB020012CE0200F6CD0200074A0021B4
:106A80000123904206D8064A01B901231360054B41
:106A90001860704740085B000121F2E740420F0098
:106AA000AC270020B0270020014B01221A7070474C
:106AB0006F500020014B002019607047C82700204C
:106AC0000148FFF7AFBF00BFB0AC020010B5064BE6
:106AD00018680C46FFF758FB21460346BDE81040F6
:106AE00002480F22184700BFC8270020B0AC0200A0
:106AF000F8B5094D094B0A4ED5E9004701221A7035
:106B00000CB92C60F8BD214630463A4600F01EF81C
:106B1000241A0644F4E700BFBC2700207050002070
:106B20007150002010B9074B18707047064B1B7846
:106B30001BB141F2883022F0ABBFA420002123F02A
:106B400042BB00BF6F500020705000202DE9F0477D
:106B5000DFF878901E4F80460E46042499F80050C6
:106B6000A5B922F088FF324682464146284619F0F0
:106B700063F90546504622F086FFE5B101233B70DC
:106B800099F8003073B93046BDE8F0873246414687
:106B9000002019F051F90546EFE72046FFF7C2FF44
:106BA000651E2C46002019F08BF90028EBD03B78AD
:106BB000002BF2D1E7E73B78002BE4D0013C2046E4
:106BC000FFF7B0FF3B78002BC8D1DCE77050002006
:106BD0006F500020F8B5074F0D4604464618B442E2
:106BE00001D12846F8BD14F8011BBB680148DB69D8
:106BF0009847F4E7A0A50200014B0360002070470E
:106C0000F4AC0200F0B40C4B0C4E5F6A0C4BB34278
:106C100003D36FF08500F0BC70475D68BD4209D3B7
:106C20001C693CB195F802C00579AC4502D12346F8
:106C3000F0BC18472433EAE7F8270020F0160020BC
:106C4000CC1600202DE9F047134CDFF85080DFF818
:106C5000509005460E461746444503D36FF0850015
:106C6000BDE8F0876268D9F824309A4212D3A3694C
:106C700083B190782979884205D13A463146284631
:106C8000BDE8F04718475279012A03D13A46314608
:106C9000284698472434DFE7CC160020F016002061
:106CA000F82700202DE9F0410B4CDFF83080054635
:106CB0000E461746444502D36FF0850009E063692C
:106CC0000BB92434F6E73A4631462846984700285F
:106CD000F7D1BDE8F08100BFCC160020F0160020EF
:106CE000024B00221A605A60704700BFB328002090
:106CF00070B50B4B0B4CA34201D3002070BD196A39
:106D00001E7F00220439D5B2AE4201D82433F2E707
:106D1000013211F832508542F5D10120EEE700BF73
:106D2000CC160020F016002008B509480378C3F3FC
:106D300041130A3350F823303BB100F1080200F14F
:106D400010019847C043C00F08BD1846FCE700BFBC
:106D5000F827002073B5C4B263060D468DF80740CE
:106D600007D02046FFF7C4FF78B10D4B93F8BA0067
:106D700058B10B4E204655B115F0D8FCF3691BB144
:106D80000DF1070108209847012002B070BD15F0F1
:106D9000FFFCF369002BF7D00DF107010920F2E7A2
:106DA000F827002008B50346034A0448012120F0D3
:106DB000E2FB002008BD00BF68CE020088AA0200E6
:106DC00004282DE9F74FDFF89C9004460F4615D0B4
:106DD00001282FD1DFF8908098F8B93053B300F034
:106DE00083FE224D4D4522D22A6A4FF0000A2B7FA6
:106DF0005FFA8AF6B34204D82435F3E7FFF770FF51
:106E0000E8E702EBC6060192307922F0C1F9834629
:106E1000307920F07FFCD8F8C430019A23EA0003CF
:106E2000BBF1000FC8F8C4300AF1010ADFDA002311
:106E300088F8B9300D4D4D4508D30B4B1B6A6BB12B
:106E40003946204603B0BDE8F04F1847EB681BB148
:106E50003A462146284698472435ECE703B0BDE87A
:106E6000F08F00BFF0160020F8270020CC1600207D
:106E700038B5054622F08CF910F1780F044608D099
:106E800038B10A4A0A482B46012120F074FB2046FB
:106E900038BD284620F03EFC064AD2F8C43023EA2A
:106EA0000003C2F8C4300024F1E700BF83CE020023
:106EB00088AA0200F827002073B5044680788DF870
:106EC000000023796279214D43EA0223ADF80230B4
:106ED000E37803F003038DF8043020F01BFCD5F8B1
:106EE000C430184206460CD0A478204600F0DEFDDF
:106EF0002046FFF7BDFF23F0AEF810B996201AF038
:106F000011F9684615F0E6FB10F1780F9DF8003096
:106F100008D038B10E4A0F48012120F02CFB002088
:106F200002B070BD184615F06FFC10F1780F04D058
:106F300018B19DF80030084AEDE7D5F8C4300120BB
:106F4000334385F8B900C5F8C430E9E7F8270020D5
:106F5000A5CE020088AA0200C9CE02002DE9F047A2
:106F6000A34EB36904460F461546FBB9237803F0D8
:106F70001F03012B00F09D80022B00F0048133BB26
:106F800094F900002A686178002834DA062912D0C2
:106F900008292BD0D9B901231370517096F8C3304A
:106FA0005B0043F00103137002232AE19847002895
:106FB000DCD100200DE06288100A011F01298446FF
:106FC00005D9072803D8716AD2B20C781CB96FF0C2
:106FD0001500BDE8F0874E78664503D19A4200F06F
:106FE0000B8101332144F0E70B780AE196F8BA30BF
:106FF0001370012305E101390829E8D801A353F8EA
:1070000021F000BF9D700000CF6F0000AB7000004A
:10701000CF6F000029700000CF6F0000CF6F00001D
:10702000CF6F000035700000A07815F01FFB00281E
:10703000BFD0CCE76388756A63BBFFF751FE6388F6
:1070400086F8BA30F369002BB3D06A490320984719
:10705000AFE76B78042B10D0052B11D0022B04D195
:107060006F796388BB4208BF01202B781D442B78C1
:10707000002BEED10028AAD0DFE795F80380F4E7D3
:107080006388BB42F1D1B8F1000FEED12846FFF77B
:1070900013FFEAE7FF270020B846E8E76388012BE3
:1070A00095D1002386F8C33083E76388012B8ED106
:1070B000F8E796F8BA30D5F800C0002B87D0756A8B
:1070C000A38894F804E02A46107800283FF47FAFA4
:1070D0005178022904D192F80480F04500F293809F
:1070E0000244F1E78CF800208CF80120396060E759
:1070F000154494E00B2A7FF46AAF00274FF0FF0895
:10710000C146BA4606E06B78042B0FD0052B21D080
:107110002B781D442B78002BF5D1F36913B1514620
:1071200007209847002F7FF444AF50E795F802807E
:10713000A38895F803909845EAD163889945E7D1EB
:10714000B8F1070F1CD806EB0803AA4683F8BB90DA
:107150000127DDE7A3884345DAD1A3784B450AD060
:10716000AF78384600F0A2FC3846FFF781FEB0FA4F
:1071700080F77F09CCE72846FFF79EFE0746C7E762
:10718000AA460027C4E794F900206378002A18DA99
:10719000002B7FF41CAF24792D6863060AD02046AB
:1071A000FFF7A6FD00283FF412AF96F8BA30002B87
:1071B0003FF40DAF2946204615F00AFB00236B7003
:1071C000F2E6012B08D0032B7FF401AF6388002B7C
:1071D0007FF4FDAE012103E0618800297FF4F7AE62
:1071E000A088FFF7B7FD00287FF4E3AEEFE600BF0D
:1071F000F8270020B2280020022829607FF4F4AE8E
:107200004B883B60D5E694F9000062780028BFF611
:1072100071AF002A3FF466AF0A2A7FF4D8AE2A780D
:10722000002A3FF4D4AE697804297FF461AFA978CD
:107230008B427FF45DAF072B96BF9B19002393F819
:10724000BB308CF80030D4E613B5164C237DF3B96F
:10725000E268A168019201AB802020F069FA019AEE
:10726000A3681344A360E3689B1AE3606BB962B13F
:107270002369E2889A4208DD94F8C82093FBF2F172
:1072800002FB11330BB90123237502B010BD00239B
:107290001A4619468020237502B0BDE8104015F04B
:1072A000DDBA00BFF82700207FB500230D4601930B
:1072B0000646002862D100293AD108220B460DEB80
:1072C000020121F07EFF002804DA802015F02EFA5A
:1072D00004B070BD2E4C029A2260039A626004F1E1
:1072E0003802A2609DF90820BDF80E302575002AED
:1072F000C4E903550FDB802B09D9264A2648012112
:1073000020F030F9802015F011FA2846DEE713B19D
:10731000C4E90333DCE7FFF707FD0028D5D0E28896
:1073200023699A42D4BFE260E360FFF78DFFCFE7A5
:10733000174CD4E90212002A01AB05DC024621F009
:1073400040FF0028C4DAC0E721F03BFF002804DA40
:10735000802015F0EBF93046B8E7019AA368134492
:10736000A360E3689B1AE360002BB1D104F13803FA
:10737000A360FFF7D9FC0028D7D1A6E78028A7D1C2
:10738000034BDA68002AD0D11B7D002BCDD19FE7BB
:10739000F8270020EACE020088AA0200054B064A20
:1073A0009A62064ADA62064A1A63064A58629A6183
:1073B00000207047F82700205D6F0000056C00007A
:1073C000A56C0000456C00002DE9F34104464B4DCF
:1073D0004B484FF0FF334FF0FF3219F053F895F858
:1073E000B830002B40F086806B6A9BB900F0DCF867
:1073F000FFF7D4FF6B6A6BB9424A4348012120F082
:10740000B1F84FF0FF343E4819F0B4F8204602B00E
:10741000BDE8F0813D482C62E8616E6A15F060FBC2
:1074200015F0F2F8041EEEDB00F080FB041EEADB30
:107430007378012B01D1F3793BB9354A32480121E8
:1074400020F090F86FF01504DDE70026684685F817
:10745000C830ADF802308DF804608DF8006015F08A
:1074600039F9041ECFDB802768468DF8007015F0CF
:1074700031F9041EC7DB2749304615F01DFB041EF9
:10748000C1DB2449384615F017FB041EBBDB224C38
:10749000DFF8888044451AD3002015F0B5F9041EA2
:1074A000B1DBD5F8C430802043F00103C5F8C43007
:1074B00015F0AAF9041EA6DBD5F8C43043F48033D6
:1074C000C5F8C430012385F8B83000249BE7276A4B
:1074D0000026227FF3B29A4201D82434DAE707EB80
:1074E000C30257F83310107915F0E6FA0136002878
:1074F000EFD086E76FF0770485E700BFF82700201C
:107500004413002003CF020088AA0200C16D0000CE
:1075100028CF0200A9720000CC160020F01600202F
:1075200030B51F4B8BB005AA03F1100518685968D8
:10753000144603C40833AB422246F7D11B782370AC
:107540001022002101A81AF017FD1222002115486F
:107550001AF012FD102101A821F03AFF00281BDDCE
:107560000828B8BF0820093801AB0E491A180020B6
:1075700012F8013F0AAC04EB131403F00F03283395
:107580006B44013014F8144C13F8143C0C700828A8
:107590004B7001F10201EBD102480BB030BD00BFCE
:1075A00062CF0200835000202DE9F04F834B87B05B
:1075B00093F800B000AFBBF1000F04D080481C3737
:1075C000BD46BDE8F08F7E4C00264FF0011AB04654
:1075D0003546B14623783BB97A4B02349C42F3D10D
:1075E000764A01231370E9E76378052B1DD8DFE89D
:1075F00013F0AC000600E200AC001F005000402376
:1076000087F810B07B8287F814B007F1100015F0EE
:107610003FF840B108237B8207F1100015F038F8DD
:1076200008B1A7F812B07B8AE37123781C44D1E734
:10763000E378002BF9D1A37813B308F101085FFABE
:1076400088F8F2E76B689C421CD024355E4B9D4263
:10765000F8D36D4688B06A465C4BC2E90534032313
:1076600042F8103F5A4800234FF4C251FEF76CFF16
:10767000AD465748574A01211FF074FF00209EE78E
:10768000554DE3E7AB68002BD7D0414620469847DD
:10769000D3E7002D57D1514A4D4801211FF062FF19
:1076A000E7E72B6AA27803EBC103FB601B799A42E0
:1076B00005D001312B7F9942F3D3494AECE70123EE
:1076C000E07800F003003875207994F805C040EAAE
:1076D0000C20788294F902000028DAB228DA03F14B
:1076E00010004FF0010C0CFA00F010EA0A0F26D13E
:1076F00042F08000387407F11000C7E90032B96029
:1077000014F0C6FFD7E901213B68C0B9397CF8689D
:10771000A17011F0800F18BF1032017118BFD2B2E2
:107720004FF0010114BF914099404AEA010A7CE7F9
:107730000120984010EA0A0F01D11046DAE7013320
:10774000102BBDD1B5E70021B4E7032E1AD1FFF706
:10775000E7FEF86050B1F8F7D3FC024630B11028CC
:10776000F968A8BF1022A01CF8F78AFD23786FF0F3
:107770000201E218091B04EB5303D14209D501367B
:10778000F6B252E7002EF1D1B9F1000F08D1154A37
:1077900082E702F801BC13F8010902F8020DECE7D8
:1077A000A4EB090389F80230C3F3072389F80330F7
:1077B00089F80480E3E7A14637E700BF8250002044
:1077C0000C160020CB160020F016002073CF02000C
:1077D00080AA02000ED00200CC16002093CF020037
:1077E000D4CF0200F1CF020010B5094B00211A4698
:1077F0001C78844205D15C681CB1482303FB01203E
:1078000010BD0131042903F14803F1D10020F7E74D
:10781000C42800202DE9FF4150F8303C10F8346CAA
:10782000103304460AD1036950F8282C98073DD537
:10783000D2B9590715D5002344F8303C54F8303CF0
:1078400010330BD054E9097554F81C8C22F003FC5A
:10785000002857D03248214622F0ADFB04B0BDE8E5
:10786000F08143F00403236103AB54F82C1C304631
:107870001FF05EFF034640B12A4A2B4800960121C3
:107880001FF083FE6FF01503D6E7039A54F82C3CE3
:10789000134444F82C3C54F8283C9B1A44F8283CE8
:1078A00054F8243C134444F8243CC7E703AB54F891
:1078B0002C1C304615F05CF803460028DCD1039DF3
:1078C00054F82C3C2B4444F82C3C54F8283C5B1BCB
:1078D00044F8283C54F8243C2B4444F8243C002D24
:1078E000A9D0304615F002F9B5FBF0F303FB1055B3
:1078F000002DA0D154F8283C002B9CD0304615F028
:107900008DF89BE744F8200CA4F1180018F0B4FEA1
:10791000002DA3D0424639463046A8479EE700BF17
:10792000301F00203CD0020098AA02004B1E012B01
:1079300073B506460D4614D8FFF756FF044690B9B6
:10794000012D0ED101AB01220DF10301304615F0DE
:107950000FF8019B002BF5D10C4A0D4801211FF0B7
:1079600001FE02B070BD22F076FB04F1340108B1D3
:10797000012D05D1084602B0BDE87040FFF74ABFAF
:10798000044802B0BDE8704022F015BB59D0020097
:1079900098AA0200301F00202DE9F74F06460191FA
:1079A000174698461FF00CFF044600286FD1EFF3EE
:1079B00011830093202383F31288BFF36F8FDFF8C6
:1079C000D49000220023484618F090FEA0B9DFF8BA
:1079D000C8A0482262430AEB020BDBF8045015F101
:1079E000100F1ED12D4A2E48334601211FF0C3FD32
:1079F000484618F041FE0BE00134042C09F1480917
:107A0000DFD1284A264801211FF0ACFD6FF00B059D
:107A1000009B83F31188BFF36F8F284603B0BDE846
:107A2000F08F0AF802600C9A019BCBF814200D9A93
:107A3000CBF81000CBF8182030466FF00F02CBE9DE
:107A40000237CBF84480CBF8042015F04FF868B12A
:107A5000304615F04BF8B7FBF0F202FB10772FB170
:107A6000DBF8442042F00402CBF8442018F0020F67
:107A700008D0482303FB04A10B48343122F09BFAC1
:107A80000025C5E7304614F0C9FF0546C0E76FF092
:107A90000F05C2E7E0280020C42800208ED0020095
:107AA00098AA020073D00200301F002010B5EFF337
:107AB0001184202383F31288BFF36F8FFFF794FEA6
:107AC00050B14368103307D16FF08B03436000F16E
:107AD0003401044822F06FFA84F31188BFF36F8FEA
:107AE00010BD00BF301F0020F8B50E4C0425202724
:107AF000EFF3118687F31288BFF36F8F636810333B
:107B000007D16FF08B030848636004F1340122F061
:107B100052FA86F31188BFF36F8F013D04F14804D8
:107B2000E6D1F8BDC4280020301F002070B50A4CF3
:107B30000A4E00253146204622F021FA0122A4F106
:107B400018001146013522F097F9042D04F148047C
:107B5000F0D1002070BD00BFF8280020157800008B
:107B60000169012381F84B300B6833B191F849303A
:107B70001BB10248083122F01EBA7047301F0020A6
:107B80000169012381F84A300B6833B191F848301C
:107B90001BB10248083122F00EBA7047301F002096
:107BA00070B50569EFF31186202383F31288BFF3C4
:107BB0006F8FD5F890001FF0EFFB044686F3118815
:107BC000BFF36F8F30B104480022002305F1180184
:107BD00018F08CFF204670BD301F002070B50123C7
:107BE00082F8483013680D4614463BB192F84A308B
:107BF00023B10E4802F1080122F0DDF9D4F89030EB
:107C00009A681B699A4205D17DB904F1180140F6C2
:107C1000CD4204E004F11801002DF8D00022BDE8A7
:107C200070400248002318F061BF70BD301F002073
:107C30000D4A03460021A0F848101068C3F89400CC
:107C400090889279A3F8980083F89A2083F89C1082
:107C500083F89B10A3F89E1083F8A010402203F134
:107C60004C001AF089B900BF3CAB020080B500AFF0
:107C700088B06A46064BC2E90530032342F8103F3C
:107C8000044800234FF4C451FEF75EFCBD4680BD9E
:107C9000C4D0020078AA020010B504690023C4F819
:107CA000A8300C4BC4F8A400596804F1A80269B9C3
:107CB000C3E9002204F10800074922F060F904F149
:107CC0001800064922F0A8F9002010BD0A605A6089
:107CD000F0E700BFE4290020EB770200A97D000057
:107CE00030B54FF40033426805690D4C85B042F25F
:107CF000A100CDE90103002385F89D30106AADF89D
:107D00000C1000790A2201A91FF012FD95F89D3090
:107D100023B9012021F0BCFE013CF7D105B030BDF4
:107D2000A186010073B504698DF80710002384F85B
:107D300048302025EFF3118685F31288BFF36F8F4B
:107D40000122D4F890000DF107011FF025FB86F306
:107D50001188BFF36F8F01280FD022F07CF910B982
:107D600094F8A13093B90C4D2B7833B90B4A0C48D9
:107D700002211FF0F7FB01232B702122002304F1C5
:107D80001801084818F0B2FE02B070BD0021212091
:107D900022F019FACEE700BF95500020E5D002008E
:107DA00078AA0200301F0020F0B5D0F88C305B6854
:107DB0001B6A1F7D85B0054638461FF001FD06464B
:107DC00048BB95F8863033B3A86F0146836851F8F5
:107DD000102F9B1AB3F5806F28BF4FF4806303AA5E
:107DE0001FF090FA0446B0B18306A5F1180308BF4E
:107DF00000F1FF3485F830600193084B039900933C
:107E0000224602233846FFF7C7FDA86F224600F13D
:107E100010011FF0ABFA05B0F0BD00BFDD7B000024
:107E20000346024A024802211FF0A5BB04D102000A
:107E300078AA020010B50146044606481FF0AAFCC5
:107E400020B92046BDE81040FFF7EABF012300F843
:107E5000073C10BDE429002070B504460E460179A8
:107E6000184815461FF088FC40B9A3881648174AE1
:107E700002211FF080FB6FF0120070BD94F900200A
:107E80006378002A16DB202B04D0222B0ED06FF053
:107E90008500F2E72B681A6840F8102C9A8820F8C1
:107EA0000C2C9B7900F80A3C0020E6E7638800F878
:107EB000093CF9E7212BEAD1103807232860336009
:107EC000F2E700BFE429002078AA02002AD10200CC
:107ED00073B50D1E0646144629DDD4F88C002A46DB
:107EE00004F14C011FF058FA854205D9174A2B1AA4
:107EF000012117481FF03FFB012384F84930236814
:107F00003BB194F84B3023B1124804F1080122F040
:107F100052F8D4F88C104B684A699A1ACB699B1AAC
:107F20003F2B04D8012384F8A03002B070BD94F830
:107F30009E30002BF9D0084B00930194012340227E
:107F400004F14C013046FFF727FDEEE751D1020066
:107F500078AA0200301F0020D17E0000F7B5054648
:107F60000E4601462C481FF0FBFB044628B9284664
:107F700003B0BDE8F040FFF779BE0546711E55F825
:107F8000A4395F68052920D8DFE801F0261F032106
:107F90002C350321214A22481FF0E4FA14F8061C6C
:107FA00099B9012304F8063C3B6A2A46187BFFF77F
:107FB0008FFF14F85C2C42B93B6A187D194B009373
:107FC000019502231146FFF7E7FC03B0F0BD164A06
:107FD000134803211FF0C6FA284603B0BDE8F0405D
:107FE000FFF726BE114A0E4803211FF0BBFA0123FA
:107FF00004F8053CE9E70E4A094803211FF0B2FAEC
:1080000014F8053C002BE0D00A4A054803211FF074
:10801000A9FA0023ECE700BFE429002072D1020096
:1080200078AA0200DD7B000084D1020098D1020012
:10803000A9D10200B8D1020037B5094D0949002481
:1080400000944FF0FF334FF48062284618F010FD83
:108050000549284622F005F8204603B030BD00BF90
:10806000301F002080720020E4D102002DE9F0478B
:10807000064600AF0C46002936D0E9468AB0D1E961
:108080000012A3686D462148A8464FF0050AC5E9CD
:108090000501C5E9072348F810AF1D4842460023F3
:1080A0004FF42151FEF750FACD46D4E9031263692B
:1080B000AD461848C5F810A0C5E90501C5E9072374
:1080C0001348002342464FF42151FEF73DFACD46B6
:1080D000E369114A0E4801211FF04DFAA3690F4AC6
:1080E0000B4801211FF047FA012E07D1EFF305835A
:1080F0000B4A0748103B31461FF03DFA21463046F7
:1081000017F014FFBD46BDE8F08700BFEDD10200B7
:1081100050AA02001CD202004BD202005AD2020026
:1081200088D2020030BFFFF7FDBF00BF054B5A6980
:108130009B689A421FBF044A536843F080535360C0
:10814000704700BF404B002000ED00E070B5294CA7
:1081500006460D46284829491FF044FCA36AD90465
:108160003CD5254826491FF03DFC1720A36A1A0577
:1081700004D5214823491FF035FC18201D4CA36A63
:108180009B0512D51C4820491FF02CFCA36BA26A4A
:10819000100409D51D4A184801211FF0ECF91EB141
:1081A000A36A23F40043A3621920124CA36A590561
:1081B00004D5114816491FF015FC1A20A36ADA05E8
:1081C0000ED50D4813491FF00DFC1B20094A936A78
:1081D00043F47F43936200232B7070BD1620C5E7E4
:1081E000A36A9B04F2D504480B491FF0FBFB1C203B
:1081F000ECE700BF00ED00E050AA02009BD20200B5
:10820000B1D20200C2D20200D5D20200EED20200E8
:1082100003D302001ED3020036D3020010B5204C57
:10822000204921481FF0DEFBA36A990136D51E487C
:108230001E491FF0D7FB1E20A36ADA0104D51A4895
:108240001B491FF0CFFB1F20154CA36A1B0304D54D
:10825000154818491FF0C6FB2120A36A590304D50D
:10826000114815491FF0BEFB22200D4CA36A9A034A
:1082700004D50D4811491FF0B5FB2320A36ADB0389
:1082800004D509480E491FF0ADFB2420044A936A27
:108290006FEA03436FEA1343936210BD1D20CBE7DF
:1082A00000ED00E065D3020050AA02007DD3020079
:1082B00090D30200AAD30200C8D30200EDD302007B
:1082C00007D402002DE9F843364D804689463648EA
:1082D000364917461FF086FBAB6ADE0627D53449C0
:1082E00031481FF07FFB1124AB6A1D0704D53149CB
:1082F0002D481FF077FB12242A4DAB6A980718D53A
:108300002D4929481FF06EFB6E6BAB6A190646D5E6
:108310002A4A2548334601211FF02DF9B9F1000FF3
:1083200003D0AB6A23F08003AB62132403E0102474
:10833000DAE76FF015061B4DAB6ADA0704D5204962
:1083400019481FF04FFB1424AB6A9B0604D51D4946
:1083500015481FF047FB1524124B9A6AD50602D424
:108360009A6A90070AD55B68190507D541463046D9
:1083700000F01CFA10B180F309880224094B9A6AB4
:10838000920642BF5A6A22F400525A629A6A42F036
:10839000FF029A6200233B702046BDE8F8836FF02D
:1083A0001506C2E700ED00E050AA020032D4020038
:1083B00048D40200C2D202007BD4020093D402004F
:1083C000A9D4020036D302002DE9F041664B8AB0F1
:1083D000D3F8048000AF0446C8F30805002686F3EE
:1083E0001188BFF36F8F02F07F43B3F17F4F07D146
:1083F00002F00C03082B12D15C495D481FF0F2FA21
:10840000002634460023FB71EB1E092B00F28A8004
:10841000DFE803F00A80837C8888888888861007D4
:108420004CBF0C460126EDE7524951484E4D1FF016
:10843000D9FA0023FB71EB6A9A0705D54E494C48DF
:108440001FF0D0FA002332E0EB6A002B01DA4B492F
:10845000F5E7EB6A5B00F5D5494945481FF0C2FADC
:108460006B69A26943F480736B61BFF34F8FBFF3F5
:108470006F8F6B6932F8022C23F480736B61BFF34A
:108480004F8FBFF36F8F4DF602739A4208D0AB6ADD
:10849000DBB273B3FA1D01212046FFF713FF37E06B
:1084A0002368384A324801211FF065F82368FA79B9
:1084B000DAB907F1080504F1200C206861682A4642
:1084C00003C2083464451546F7D17A6A002E45D0B8
:1084D000C2F3080121B96FEA52226FEA42227A629E
:1084E00007F108011846FFF7C1FD2837BD46BDE872
:1084F000F081AB6A13F47F4F04D0F91D0120FFF720
:1085000025FE05E0AB6AB3F5803F9BD3FFF786FEFF
:108510000346CCE7FA1D0021BEE7F91D0020EEE777
:1085200019498CE7194A1A4B18F4F87FE8468AB0C3
:1085300018BF13466A461749C2E905134FF4007382
:108540001384103D144BD56142F8103F08480023B6
:108550004FF41151FDF7F8FFC54673E722F4FF729F
:1085600022F00102BBE700BF00ED00E0F6D40200FC
:1085700050AA020021D5020038D5020059D50200C8
:1085800067D5020086D50200A2D50200DDD4020024
:10859000C8D40200C6D5020004000001044B5A6989
:1085A00042F010025A615A6922F008025A6170477B
:1085B00000ED00E0EFF30880EFF3098101B57246AA
:1085C000FFF702FF01BD00BF16F0D6FB202080F3AD
:1085D000118808484FF40461401880F30988EFF3CC
:1085E00014800221084380F31488BFF36F8F00F0DA
:1085F0009DF80000C0850020084B9B6883420BD18A
:10860000EFF3058343B1064B5A6842F080525A603B
:108610005A6A22F400425A6218F0CCBD404B002046
:1086200000ED00E012498A684FF030001044EFF38B
:10863000098C80E8F01F202080F31288BFF36F8F31
:108640000C4F4FF000664A698A603E60906F0023CD
:10865000936780F3118804B5104600F007F9BDE870
:10866000044002F1300090E8F01F8CF30988704755
:10867000404B002004ED00E01EF0040F0CBFEFF3B0
:108680000880EFF30980816911F8021C0229FFD0EC
:1086900001B572461FF09BF901BD00BF40B2002832
:1086A00007DB044A4109012300F01F00834042F820
:1086B0002130704700E100E040B200280CDB4309A4
:1086C000064900F01F0020330122824041F8232098
:1086D000BFF34F8FBFF36F8F704700BF00E100E023
:1086E000054B420900F01F0053F82220012303FA32
:1086F00000F01040704700BF00E100E040B20028E9
:10870000A8BF00F1604001F10101B8BF064B4FEA7C
:108710004111ACBF00F5614000F00F00C9B2B4BF19
:10872000195480F80013704714ED00E00F4A08B5A3
:108730000F4B22F07F029A60BFF34F8FBFF36F8F12
:10874000D3F8882022F47002C3F88820EFF3148352
:1087500023F0040383F31488BFF36F8F17F0D2FC68
:1087600018F05CFE00F058F817F010FD0000000053
:1087700000ED00E042F8203C009B42F81C3C0A4916
:10878000019B42F8183C029B42F8143C21F0010185
:108790004FF0807342F8043C42F8081C0023203A52
:1087A00002658367704700BFF76A0200094A034603
:1087B000906870B113F1160F806E05D0A0F14002E1
:1087C0009A4205D8834203D2814228BF00207047D5
:1087D00000207047404B002008B5094B0E46154657
:1087E000986000F043F82C4686F309880020054B7A
:1087F00098472046002100220023034C204700BF59
:10880000404B0020F5790200F76A0200014B10226C
:108810001A61704700ED00E0044800232021C218CF
:108820000133302B82F80013F9D1704700E100E0EA
:1088300008B5EFF30583064A103B02EBC30152F87B
:10884000330049688847BDE80840FFF76FBC00BFA8
:1088500004A60200024B034A0348012100F08AB833
:108860000000042000000020F4AC0200826E054BE2
:10887000403A1A60044A4021C3E901121846012116
:1088800000F082B8EC29002000000B1508B5034663
:108890001048D0F89020C2F30722013A934207D93A
:1088A0000D480E4A01211EF066FE6FF0150008BD4E
:1088B000C0F898300A6822F01F021A4342F01002F2
:1088C000C0F89C208A6842F00102C0F8A020184637
:1088D000EDE700BF00ED00E030AA0200DDD50200A8
:1088E000F0B50E4685B01F4604460025B5420DDAA8
:1088F000606810B397B1431E18420AD0104A11485D
:108900002B4601211EF037FE6FF01502104605B010
:10891000F0BD1F28F2D921680B42EFD123680193E3
:108920001FF08BF8A36801A90343D0B20393FFF7AC
:10893000ADFF10F1160FE7D0421C01350C34D5E71E
:1089400003D6020030AA0200044B0522C3F894208B
:10895000BFF34F8FBFF36F8F704700BF00ED00E094
:10896000BFF35F8F024B0022C3F89420704700BF13
:1089700000ED00E010B5034C01232278FFF7B0FFB3
:10898000207010BD9650002008B50B4A00231278C5
:10899000FFF7A6FF10F1160F07D0084A0021D2F802
:1089A0009030C3F30723984200DB08BDC2F898005B
:1089B000C2F8A0100130F2E79650002000ED00E070
:1089C0002DE9F04357485849D0F890300D68C3F36B
:1089D00007239D4285B000F2A180FFF7C1FF4968DF
:1089E0000022954201F10C011AD1504C504F2570D4
:1089F0006846FEF701F9DFF83C81DFF83C91064656
:108A00000025AE421FD1237846490020D1F890209E
:108A1000C2F3072293427BDBFFF796FF00204CE076
:108A2000C0F8982051F80C3C23F01F03134343F087
:108A30001003C0F89C3051F8043C43F00103C0F827
:108A4000A0300132CDE7009800EB05114FEA051C7C
:108A5000CB683B40B3F5000F44D00AD8B3F5001FF4
:108A60002ED0B3F5800F34D0B3F5801F10D0013570
:108A7000C7E7B3F1807F3ED0B3F1007FF7D150F864
:108A80000C3088684A681EF0D8FF40F4802009E066
:108A900050F80C3088684A681EF0CFFF40F08850CC
:108AA00040F43020039001A92078CDE90123FFF79D
:108AB000EDFE002828DA6FF0150005B0BDE8F08360
:108AC00050F80C3088684A681EF0B7FF40EA08008A
:108AD000E8E750F80C3088684A681EF0AEFF40EABC
:108AE0000900DFE750F80C3088684A681EF0A5FFDF
:108AF00040F08270D6E750F80C3088684A681EF063
:108B00009CFF40F08870CDE7237801332370AEE7F7
:108B1000C1F89830C1F8A000013377E74FF0FF307B
:108B2000CBE700BF00ED00E000AD02009650002052
:108B30000000F0FF0000081100000207014B186060
:108B4000704700BFF80D0020F8B5084F06460D46E7
:108B50000024AC4208DA3B6898470A28305504F1F3
:108B6000010401D00D28F4D12046F8BDF40D0020F9
:108B7000F8B50A4F0D46461EC0F10104A3199D42E7
:108B800001DC2846F8BD73780A2B02D13B680D2022
:108B900098473B6816F8010F9847EFE7F80D00205B
:108BA00010B5074C2368C2180648C0F1005101F502
:108BB00080218A423ABF2260C0184FF0FF3010BDBA
:108BC000F829002098AD002008B505481DF079FF70
:108BD000002383F31188BFF36F8F0423184602DF4D
:108BE00035D6020070B54169867A0B4D044659B1FD
:108BF000437ADB0706D42C2303FB06535B6A1B680E
:108C00009B689847002363612C20214606FB005097
:108C1000BDE8704021F022B9D8140020024B2C226C
:108C200002FB0030704700BFD8140020827A064B48
:108C30002C2101FB02339A6A1B7F1B33801A23F01D
:108C40000303B0FBF3F07047D814002038B5074B8E
:108C5000827A2C2404FB02335B6AD3E901240C6082
:108C60001568FFF7E3FF04FB005038BDD81400205F
:108C70002DE9F04385B005466846039190461C46B1
:108C800021F01CFBDDE90067EFF31189202383F35A
:108C90001288BFF36F8F6B8B002B41D02A8B9A42C7
:108CA00025D900220023284617F0B4FC0446F0B171
:108CB00089F31188BFF36F8F039B002B41D032469D
:108CC0003B46684621F01EFBA27A264B2C2101FB75
:108CD000023320465B6A1B6803A91D68DDE9002397
:108CE000A847606170BB2046FFF77CFF24E0698BDA
:108CF0004B1E6B8389F31188BFF36F8F2B7F2A8BF9
:108D0000AC6A1B3323F00303521A02FB0344154BD6
:108D1000154AEB1A9B105343A3722B7FE372CBE7E8
:108D200089F31188BFF36F8F23464246284617F018
:108D300071FC04460028BFD10024204605B0BDE8E0
:108D4000F0836361012300252381039B6382E27A20
:108D50006560294604F1180019F00EF9636925824F
:108D6000E360EAE7D8140020A38B2EBA70B50C4C50
:108D70002C2500B970BD037A4668013BDBB2037253
:108D8000002BF7D1C3604360837A05FB03431B6A62
:108D900013B198473046ECE7FFF724FFFAE700BF2E
:108DA000D81400200E4A0123C2F840354FF080420B
:108DB0004FF08051C2F87835D1F83001082808D139
:108DC000D1F83411052904D80648415C09B1C2F82C
:108DD00038364FF080430122C3F8802500207047C9
:108DE00000E0014055D6020020B1034B800143F062
:108DF00001031847704700BF50AB020008B5044894
:108E000020F04BFE00280CBF6FF01200002008BDC0
:108E100078A502000E4B402970B528BF40210D4CAB
:108E200046181D46B04203F1020304D1002305F8A1
:108E30001130074870BD02781209A25C03F8022CB9
:108E400010F8012B02F00F02A25C03F8012CE9E7F5
:108E5000B550002079D6020030B503788BB00446B7
:108E600007AD032B21D8DFE803F0021A1C1E1249BC
:108E7000284619F035F9059563780493A378039390
:108E8000E37802932379019363790093A3790B4AE2
:108E90000B481E211DF022FE09480BB030BD0949C8
:108EA000E6E70949E4E70949E2E7094A0A212846D1
:108EB0001DF014FEDFE700BF4FC9020071C90200B8
:108EC0009750002056C902005DC9020067C9020020
:108ED000FDE902000378012B30B513D0022B27D017
:108EE0007BB9194B0A4603F1100453F8045B42F8AE
:108EF000045BA342F9D11B78137043884B731B0AA0
:108F00008B7330BD104B0A4603F1100453F8045B19
:108F100042F8045BA342F9D11B78137043684B738A
:108F2000C3F307221B0CCB731B0A8A730B74E8E78D
:108F300000F1100350F8042B41F8042B9842F9D1AA
:108F400003780B70DDE700BF8AD6020008B51EF07B
:108F5000E0FE18F013F8044B1B680BB10A20984789
:108F6000BDE8084018F01EB8FC29002038B50546B9
:108F700005481EF0ACFD044620B101210C301EF066
:108F800007FE2576204638BDB41500200F2810B501
:108F90000ED80D280ED90B481EF099FD044628B1B5
:108FA00001210C301EF0F4FD02232376204610BD73
:108FB0001328F0D009B10448EEE7BDE810400220C4
:108FC000FFF7D4BFE015002030150020C368034A26
:108FD0001B78034802211EF00CBF00BFAAD6020076
:108FE000D0A9020070B5C6683378B6F8014083B9DD
:108FF0000F21204602F090FFF378054650B90A4A47
:10900000118831B96FEA04506FEA10501080074A96
:10901000137070BD4372012102F09EFE2846BDE828
:10902000704002F06FBE00BFB04B002036510020F0
:1090300070B5C3681D78BDB9B3F801600F21304623
:1090400002F06AFF044638B93346084A0848BDE8CA
:10905000704001211EF0CDBE294602F07DFE204663
:10906000BDE8704002F04EBE70BD00BFD2D6020017
:10907000D0A9020010B5C368B3F801400121204611
:1090800002F04AFF38B92346054A0648BDE81040B9
:1090900001211EF0AEBEBDE8104002F033BE00BF9D
:1090A000F8D60200D0A9020010B501210C301EF044
:1090B000A1FDBDE810400378024A034801211EF0DB
:1090C00098BE00BF1CD70200D0A90200014610B50F
:1090D00008481EF000FD0849084820F06CFF031EF8
:1090E00006DABDE81040064A064801211EF081BE9E
:1090F00010BD00BFBC0600200C0E0020D01F0020B9
:109100003ED70200D0A9020010B5084C0146062245
:1091100094F86F0003F0B8F938B994F86F00044977
:10912000BDE81040052203F0AFB910BD7005002066
:109130005FD60200024A034801211EF058BE00BF5C
:109140005BD70200D0A90200B0B50B460D8A00AF74
:1091500004462946D868FFF75DFE8AB06A46094B87
:10916000C2E9053440F202439384074BC2E9075039
:109170004FF4325142F8103F04481EF04BFEBD46FA
:10918000B0BD00BF75D7020005000001D0A90200E4
:1091900070B5C568B5F801600121304602F0BCFE2B
:1091A000044638B933460D4A0D48BDE870400121E8
:1091B0001EF01FBE2B783BB9D5F80330C0F89530B0
:1091C000D5F80730C0F89930201D4FF480311EF0DB
:1091D00012FE2046BDE8704002F094BDF8D60200B1
:1091E000D0A90200B0B53C2800AF04461AD101F066
:1091F00027FE6FF0800110301EF00FFE0020FFF7F9
:1092000083FF054630B9124A124801211EF0EFFDD6
:10921000BD46B0BD4472002102F09EFD284602F01A
:1092200071FDF5E76D468AB06A460B4BC2E9053021
:109230000A4BD36140F201331384094B42F8103FCB
:1092400004484FF412511EF0E5FDAD46E0E700BFC3
:1092500097D70200D0A90200B8D702001DCC0200A7
:109260000400000137B502EBC303044608469A42E6
:1092700002D16FF05E0010E0114611F8085BA542C4
:1092800011D1038A5178994209D90848084A0094B3
:1092900001211EF07AF96FF0150003B030BD53685C
:1092A00098470020F9E70A46E1E700BFD0A902008D
:1092B000D4D7020073B53D481EF022FC04460028B6
:1092C00072D0017E022948D008296AD1038A032B73
:1092D00005D8374A374801211EF08BFD13E00421E1
:1092E0000C301EF087FCFF23428806886376238AB1
:1092F000C6F30B009A42A08309D02E4800920121A8
:109300002D4A1EF042F92046FFF730FD12E00F21F2
:1093100002F002FE054610B9A38B284ADAE702F0F4
:109320003BFE320B60762146284602F0B7FB28460A
:1093300002F0E8FC224BD3F84C31002B34D0214909
:10934000214820F038FE031E2EDA204A1948012158
:1093500002B0BDE870401EF04CBD038A012B01D85D
:109360001B4AB7E70C301EF045FC054600781EF09E
:109370002CFD10F002060DD1164A1749174840F689
:10938000D3331DF008FC86F31188BFF36F8F0323DE
:10939000184602DF124A2878042321461EF049FDB0
:1093A000B1E7104A0B4695E702B070BDBC0600203D
:1093B000F6D70200D0A9020017D802003BD802005D
:1093C000700500200C0E0020D01F00203ED70200A8
:1093D0005DD8020079D80200ADD80200DBD80200C7
:1093E000BCAD0200F8D8020010B5012104460C30D3
:1093F0001EF000FC2146034A0078BDE81040072318
:109400001EF017BDDCAD0200F8B5012100AF044627
:109410000C301EF0EFFB0678114A0023214630463F
:10942000FFF720FF5F3018D1258AE0682946FFF753
:10943000F1FC6C468AB06A460A4BC2E9053640F236
:1094400002439384084BC2E907504FF4325142F86B
:10945000103F06481EF0DEFCA546BD46F8BD00BF25
:1094600014AE02000CD9020005000001D0A90200D0
:109470002DE9F74FDFF82CA1BFF35B8F80468946BB
:10948000174600235AE8004F4AE80032002AF9D173
:10949000BFF35B8F264644B9434A44484346012103
:1094A00003B0BDE8F04F1EF0A4BC2046FFF7BEFBA2
:1094B0003F4D4FF00C0B0BFB0050438843451FD032
:1094C0002046FFF7B3FB0BFB00504388394A00935B
:1094D0003648434601211EF058F8BFF35B8F5AE827
:1094E000003F4AE80062002AF9D1BFF35B8F002BEE
:1094F00054D01E46304603B0BDE8F04FFFF736BCEF
:10950000A7420FD020461EF0DDFA04F10C0802231A
:109510000121404623761EF03BFB3A8AF96840461B
:109520001EF047FB2046FFF781FB0C2707FB00508E
:109530004368ABB1B9F1000F12D12046FFF776FBBB
:1095400007FB005001214268D2E90003127A03F0C0
:109550001F07B9405B09DAB100EB83001EF04BFC3A
:109560002046FFF763FB0C2707FB00508368002BA6
:10957000C0D02046FFF75AFB784305F800902046FC
:10958000FFF754FB07FB0055A86817F075F8B1E723
:10959000C94300EB83001EF040FCE1E703B0BDE8E7
:1095A000F08F00BFB80600203ED90200D0A902000B
:1095B000002A002066D902002DE9F84FD0F80C806F
:1095C000018A98F80040012303EB84038B4200AF2B
:1095D0005FD96D468AB06A463048C2E90731052333
:1095E000C2E905044FF4215142F8103F2C481EF007
:1095F00011FCAD46BD46BDE8F88F2A4A28484B46C7
:1096000001211EF0F6FB013598F800309D42F1DA99
:1096100008EB85030F21B3F80190B3F803604846C7
:1096200002F07AFC04460028E7D000F1C0095EB1E0
:10963000204602F0D7F917F01FF8636943B91848BC
:109640005A4601211EF0D3FB204602F05BFBDAE70D
:10965000A1691A6862618B4208BFA261C3F800A0C9
:10966000226A9AB9C4E90733BFF35B8F59E8003F18
:10967000013B49E80032002AF8D1BFF35B8F00219B
:109680002046013E02F0BAF9B6B2D0E71360236279
:10969000EAE70025DFF810B0AA46B5E799D902003D
:1096A000D0A90200C3D90200DFD9020073B5C56892
:1096B000B5F801600121304602F02EFC044640B9A5
:1096C0003D4A3E483346012102B0BDE870401EF0DD
:1096D00090BB2B781A2B00F1040619D1C378012B0B
:1096E0004ED14FF4804130461EF085FB42040FD42A
:1096F000D4F8883000936946D4F89030019320461E
:1097000003F09EF9204602B0BDE8704002F0FABABC
:109710002B78ABBBB5F80320A4F8862093B2B5F83C
:109720000520A4F88C20B5F80720A4F88E209A1FF5
:1097300092B240F67A418A4204D9214A1F48022156
:109740001EF057FBB4F88C30B3F5FA7F04D31D4AF2
:109750001A4802211EF04DFBB4F88E30A3F10A0224
:1097600092B240F676418A4204D9174A1348022140
:109770001EF03FFB6FF4805130461EF04EFB17E0A9
:10978000BFF35B8F6368BFF35B8FDB04F2D52B788D
:10979000202BEFD194F89430002BEBD0013B84F8D0
:1097A00094304FF42032002304F1400017F0C8F940
:1097B000204602F067FDA5E7F8D60200D0A9020016
:1097C000F6D902001EDA020045DA020010B5C1E93E
:1097D00000239DF808300B720C46FFF727FA034B65
:1097E0000C2202FB00335C6010BD00BF002A002089
:1097F0002DE9F0474FF0FF3206464FF0FF3318488F
:1098000088461EF064F9044638B300F10C070121C4
:1098100038461EF0BDF9012323762046FFF706FAED
:10982000104D4FF00C0909FB00504FF0000A468024
:109830002046FFF7FBF909FB0050C0F808A02046BE
:10984000FFF7F4F909FB005503213846C5F804A0D9
:109850001EF0A9F9068080F802802046BDE8F08756
:1098600088150020002A002070B50C4D06460FCD4B
:1098700090B001AC0FC40FCD0FC40FCD0FC495E84D
:1098800007000E2E84E807009BBF10AB03EB860693
:10989000034856F83C0C10B070BD00BFD4AA0200BB
:1098A00071DA0200034B0146D3F86C0182689268BA
:1098B000104700BF700500202DE9F843044600F171
:1098C0000C0630461EF0AEF9B4F81080B8F1010F66
:1098D00005460AD81A4A1B48434601211EF089FA58
:1098E0002046BDE8F843FFF741BA304602211EF09A
:1098F00081F9074600781EF068FA10F00109064663
:109900000DD1114A1149124840F6F2731DF043F986
:1099100089F31188BFF36F8F0323184602DF0523F5
:109920000C4A387821461EF084FAB307D8D563690B
:10993000A4F8108013FA85F5E560BDE8F88300BF50
:109940005DD80200D0A9020079D8020079DA0200BD
:10995000DBD8020094AD020038B50C4617F00EFBC0
:10996000237E022B05D0082B14D12046FFF7AEFB37
:109970000BE0E36818781EF028FAC207054602D506
:109980002046FFF799FFAB07EFD4002417F00AFB3E
:10999000204638BD054A064801211EF02AFA204615
:1099A000FFF7E4F96FF01504F0E700BF92DA020068
:1099B000D0A902002DE9F84F3E4C3F483F4D00AF83
:1099C00004211EF018FA01F0A3FDE2793C4B204679
:1099D000012A88BF1D466E46FFF73EFA8AB06A46E6
:1099E000384BD061C2E90535374B1362374B42F82B
:1099F000103F3748DFF8DC80DFF8D4904FF4235174
:109A00001EF008FAB546344EA3460125E3799D427F
:109A10000BF1070B38DB94F870502846FFF724FF52
:109A20006E468CB0B4F87210B4F876306A46DFF83F
:109A3000ACC05362C2E90751294B4FF40075C2E92B
:109A400005C015854FF4535142F8103F20481EF0D1
:109A5000E1F9B54694F871603046FFF705FF8AB02A
:109A6000B4F874306A461F499584C2E907631E4BF7
:109A7000C2E9051042F8103F15484FF433511EF06B
:109A8000C9F9BD46BDE8F88F5846FFF7E5F9EA4643
:109A90008AB06A4640F20133C2E90565D061138499
:109AA0004FF4135142F8108F48461EF0B3F90135B8
:109AB000D546ABE770050020440600201DCC02000F
:109AC000A6DA0200AADA0200000201030400000282
:109AD000D0A9020004000001B9DA0200CADA0200CB
:109AE0000600000108DB0200050000010048704785
:109AF0001DCC0200014816F0B5BF00BFFC0D0020D0
:109B000038B505460C4619B9FFF772FE0446D8B1C0
:109B100040F635439D420FD12046FFF7C3FE054670
:109B200040B103460A4A0B4801211EF062F9204663
:109B3000FFF71CF9284638BD0748214620F083F975
:109B40000025FFF7D7FFF5E76FF06805F2E700BFE4
:109B50002FDB0200D0A90200C406002073B5C36841
:109B6000D9789A781E8842EA0122ADF80020597906
:109B70001A7942EA0122ADF80220D9799A7942EAAB
:109B80000122ADF804201A7A5B7AB4B242EA0323C8
:109B900001212046ADF8063002F0BEF9054658B95D
:109BA0001C481D4A012123461EF023F902212046AC
:109BB0001EF075F902B070BD694602F0ADFB38B910
:109BC0001E2120461EF06BF9284602F09BF8F1E7B3
:109BD0000E2142F22000FFF70BFE04460028F3D0CE
:109BE0000E210C301DF0DFFF00230680C0F80A3084
:109BF000BDF800304380BDF802308380BDF80430EA
:109C0000C380BDF806300381214642F22000FFF7F1
:109C100077FFD9E7D0A90200F8D6020038B502468E
:109C20000B462B4DD5F8541109B9002038BD05F568
:109C3000987016F05BFD0028F7D10022002305F58F
:109C4000AA7016F0E7FC044668B9224A2249234864
:109C500040F6E2331CF09FFF84F31188BFF36F8F4F
:109C60000323184602DFD5F848315BB11C4A1D4872
:109C700001211EF0BCF8D5F84801FFF777F8002362
:109C8000C5F8483120461DF051FFC5F8480120466F
:109C9000FFF708FE0346C8B1134A124801211EF01F
:109CA000A8F8124816F0E8FC2046FEF7BFFF104B5C
:109CB0000C2202FB0033588818B122461F21FFF7FF
:109CC000D7FB2046FFF752F8FFF714FF0120ADE75E
:109CD0007005002079D802009ED60200DBD8020071
:109CE00051DB0200D0A902002FDB0200A0060020F9
:109CF000002A00202DE9F04F87B0054600AF164638
:109D00000C4631B9FFF774FD044648B96FF068009E
:109D100090E0887AFEF782FF524B834240F09C80AD
:109D200001220021384620F0A7F82046FEF77EFFEA
:109D3000DFF834A10C2303FB00A0876020461DF050
:109D4000F5FE0146494820F07EF8FFF7D3FE17F0F4
:109D50002BFA474B834220D1DFF818B1434820F05B
:109D600087F8002181464FF4A020FFF757FF804677
:109D700088B9414A41484FF4D77359461CF00BFF4C
:109D80003F4829461CF007FF88F31188BFF36F8F07
:109D90000323184602DF4C45E0D14FF4A0220023F4
:109DA000384616F0A3FC804698B14FF4DA73324A75
:109DB000344932481CF0EFFE3348424629461CF035
:109DC000EAFE002383F31188BFF36F8F0323184645
:109DD00002DF2046FEF72AFF0C2358431AF80080C2
:109DE000B8F1000F30D06E468AB06A46274BC2F8F1
:109DF0001C80C2E90535264B136240F2024393846E
:109E0000244B42F8103F24484FF432511EF002F820
:109E10002046B546A8F10908FEF7A8FFB8F1090FDA
:109E20000FD8DFE808F01C0E0E0B050E0E0E0E19F3
:109E30006FF00B001C37BD46BDE8F08F6FF00C00D3
:109E4000F8E76FF00400F5E716B134600020F1E7A1
:109E50002046FEF78BFFF9E76FF01500EAE76FF099
:109E60006E00E7E788150020002A0020C4060020C5
:109E7000202600206CDB020079D80200DBD802002B
:109E800074DB020094DB02009DDB0200E2DB0200D7
:109E90001DCC020005000001D0A90200F0B583B07E
:109EA00000AF3A1D002140F60340FFF723FF0446B0
:109EB000002874D17C68E3681B789BB901F028FB0B
:109EC000BFF35B8FB74B1A68BFF35B8F02F00902D9
:109ED000BFF35B8F53E8001F43E800200028F9D14F
:109EE000BFF35B8F2046FEF741FF3A1D002141F290
:109EF0000300FFF7FFFE0446002850D17A68AA4D00
:109F0000D168D1F80100D1F8051005F1780303C339
:109F10001046FEF72BFF21463A1D41F20100FFF7E4
:109F2000E9FE044600283AD17868C3685A7885F873
:109F300070205A88A5F872201A7985F87120B3F834
:109F40000720A5F87420B3F80530A5F87630FEF7A1
:109F50000DFF21463A1D41F20200FFF7CBFE0446F9
:109F6000E8B9D7F804C0DCF80C2005F18006531CD2
:109F7000413218685968344603C408339342264670
:109F8000F7D16046FEF7F2FE95F87C3058060AD409
:109F9000864A874801211DF02AFF6FF012042046EF
:109FA0000C37BD46F0BD3A1D002142F20300FFF719
:109FB000A1FE04460028F2D17B687E4EDA68D2F812
:109FC0000100D2F8051003C61846FEF7CFFE214661
:109FD0003A1D42F20200FFF78DFE04460028DED152
:109FE0007C68E368B3F8012091B249B1D97839B1FE
:109FF000A5F80421DA78114606F128001FF03CFF8D
:10A000002046FEF7B3FE95F87C601F2316F020066D
:10A01000A5F8203117D1022140F66D40FFF7E8FB8B
:10A02000044600287BD002210C301DF0BCFD01232A
:10A03000037046702146324640F66D40FFF75AFEE7
:10A0400004460028ABD195F89C30190712D53A1D6B
:10A05000002142F21C00FFF74DFE044600289ED16D
:10A060007868C368D3F80120D3F80530C5E93823F0
:10A07000FEF77CFE082142F20100FFF7B9FB04461F
:10A0800000284CD008210C301DF08DFD95F8D830FB
:10A0900095F8D92013F0020F14BF2F230F2312F0CD
:10A0A000090F18BF43F40063002203701B0A4370BA
:10A0B0008270C270027142718271C271214642F295
:10A0C0000100FFF717FE044600287FF468AF95F8FB
:10A0D0007C30B5F804119A0624D4C9B93A1D41F26E
:10A0E0000500FFF707FE044600287FF458AFB5F8D7
:10A0F00004317C684BB9E368B3F80120A5F804216A
:10A100009A882D4811461FF0B7FE2046FEF72EFE16
:10A11000082140F60140FFF76BFB044660B96FF081
:10A1200068043CE70029F3D1244A214801211DF0AD
:10A130005EFE6FF0040432E708210C301DF033FDA1
:10A14000102303708823002243700226202382708C
:10A15000C670027142718271C371214640F601409E
:10A16000FFF7C8FD044600287FF419AF01463A1DE9
:10A170004FF60140FFF7BEFD20B3114A0C48022103
:10A180001DF035FE00F04CFD044600287FF407AFBB
:10A1900002F05EFA044600287FF401AFFFF70AFCE4
:10A1A000FDE600BF440600207005002001DC02002F
:10A1B000D0A90200480600207806002025DC020015
:10A1C00048DC02007B68DC68B4F80130032B96BFE2
:10A1D000434A444952F823106E468AB06A464248C0
:10A1E000D3614FF400731384404BC2E9050142F878
:10A1F000103F3F484FF413511DF00CFEB4F80120FE
:10A20000B4F80330022AB54649D1052B47D8394A5C
:10A2100052F823106E468AB06A463748D3614FF42D
:10A2200000731384314BC2E9050142F8103F4FF42B
:10A2300013512F481DF0EEFD637994F806C0D4F851
:10A240000900032BB54698BF2C4AB4F8076094BFA9
:10A2500052F8231023496C468CB06A46DFF8A0E020
:10A26000C2E9073C4FF400739385264BC2E905E130
:10A27000C2E909604FF4735142F8103F1C481DF0C9
:10A28000C9FDA5467868FEF771FD3A1D00214FF61D
:10A290000240FFF72FFD044618B11B4A6EE7114933
:10A2A000B8E77868C368B3F80130A5F8C130FEF7A5
:10A2B0005DFD95F8C1305B077FF564AF3A1D21461F
:10A2C0004FF60340FFF716FD08B1104A56E77868CD
:10A2D000C3685B7885F8C030FEF748FD52E700BFE1
:10A2E00084AD020071DA02006CDC0200040000019F
:10A2F000D0A902006CAD020085DC02005CAD02005A
:10A300009DDC020007000001CADC0200F3DC020051
:10A3100010B5FFF7C3FD034B1B6813B1BDE8104038
:10A32000184710BD182A002073B52A4D0646D5F8E7
:10A330006C011FF0B2FB48B9274A284801211DF0E3
:10A3400056FD6FF01204204602B070BD6FF002019E
:10A3500005F1D4001DF061FD01211DF04CFD10EA56
:10A36000010434D11E4B1E600A4605F598701FF09B
:10A3700083FD05F5AA701FF028FD1A481FF046FE60
:10A380001949184800946FF007034FF4966216F0CD
:10A390006FFB164913481FF064FED5F86C01144991
:10A3A00083681B689847044630B10346114A0B483E
:10A3B00001211DF01EFDC6E726B902B0BDE87040C0
:10A3C000FFF76CBD05F1C40016F04CFBBBE76FF066
:10A3D0007704B8E7700500201CDD0200D0A9020058
:10A3E000182A0020D01F0020C076002034DD020093
:10A3F000599900003DDD0200F7B5144B93F99B30ED
:10A40000002B05460C461DDA14B9204603B0F0BDFA
:10A41000082C01AA4FF0000142F21800264628BF7E
:10A420000826FFF767FC0028F0D1019FF968324643
:10A4300001312846F5F724FF3846FEF797FC3544EE
:10A44000A41BE1E76FF08500E0E700BF7005002086
:10A450002DE9F04F85B0634BB0F80190198849F4AD
:10A46000704291424FF0000602BF1E805E4B1E7884
:10A47000C378012B08BF5D4B00F1040800AF05460F
:10A4800040460CBF93F86F4000241DF03EFC41464F
:10A4900068B307F108001DF02DFCD5F81130C7F89E
:10A4A0000130B5F81530A7F805304FF0010AEB7808
:10A4B000012B31D04046FEF7CFFC6C4688B06A468F
:10A4C0004B4BC2E905304FF400739383494B4A4824
:10A4D00042F8103F4FF4E2511DF09CFC1321A546B9
:10A4E00048461DF0F7FC1437BD46BDE8F08F204606
:10A4F0001DF0A1FD03460068B8609A889B796868E2
:10A50000BA81BB73B8F8042098F8063095F804A017
:10A510003860BA80BB71CAE707F10800FEF7F4FDA6
:10A52000EB78012B04460AD100F08AFC6FF0800121
:10A53000834610301DF071FC58461DF0A6FE002C1D
:10A54000B8D02346B5F8012023F8702BB868BA7B41
:10A55000B98920679A719980B5F81730A4F88630C8
:10A56000B5F81930A4F88C30B5F81B30A4F88E304B
:10A57000EB78E3700022012B627222D187F800A0F1
:10A58000BA88BB793868A4F87B2084F87D30C4F899
:10A59000770000F055FC237A144AC3EBC3039918E3
:10A5A000D358C4F87E308B88A4F882308B7984F835
:10A5B0008430D2E9381303F03F03194301D000F08F
:10A5C0000FFE0721204601F0C7FB26B1667201216C
:10A5D000204601F0C1FB204601F022FD204601F09B
:10A5E00091FB80E7B04B0020365100207005002021
:10A5F00059DD020003000001D0A9020000B5C368C4
:10A60000187889B020B109B05DF804EBFEF7EABD17
:10A61000B3F80120ADF80120DA788DF800008DF84C
:10A620000320B3F80B20ADF81720B3F80D20ADF8D8
:10A630001920B3F80F20ADF81B205A7C8DF81D208F
:10A64000586801901A899B7A8DF80A30094BADF849
:10A65000082068461A689B88CDF80B20ADF80F30AB
:10A66000CDF81120ADF81530FFF7F2FE09B05DF816
:10A6700004FB00BF73D6020038B5042104460C3039
:10A680001DF0B8FA034640885D7818B11978224663
:10A69000FEF7EEFE35B1044815F0EEFFBDE8384098
:10A6A000FFF728BA38BD00BFA0060020B0B50321CF
:10A6B000044600AF0C301DF09DFAE3680578B0F851
:10A6C0000100197840F63543984215D16C468AB09E
:10A6D0006A460F4B0F48C2E905310F4BD36140F278
:10A6E000013313840D4B42F8103F4FF412511DF00B
:10A6F00091FBA546BD46B0BD10B12246FEF7B8FE9F
:10A70000002DF7D0064815F0B7FFFFF7F3F9F1E792
:10A7100075DD0200D0A902001DCC0200040000017A
:10A72000A006002070B54FF0FF320D464FF0FF330A
:10A7300000210646FEF72AFC044660B90A4A0B4986
:10A740000B4813231CF027FA84F31188BFF36F8F93
:10A750000323184602DF022104F10C001DF023FA46
:10A7600006704570204670BDB4DE02009ED6020021
:10A77000DBD80200F8B50A4DEF7906460024E3B2B3
:10A780009F4202D86FF0010007E0294630461DF0D5
:10A7900038FC0735631C08B12046F8BD1C46EEE7BF
:10A7A0007005002070B5194E06223146054617F097
:10A7B00033FB30B3062142F20500FFF719F80446D7
:10A7C00008B3062229460C301DF0F3F92146002279
:10A7D00042F20500FFF78EFA044648B110F10D0F62
:10A7E00004D10B4A0B4802211DF013FC204670BD1A
:10A7F00033462A6843F86929AA88B280012283F87F
:10A8000068200024F2E76FF06804EFE7D905002024
:10A81000EADE0200D8A9020037B504460D4689B128
:10A82000184928461DF0EDFB60B9174A2968C4EBAA
:10A83000C404A3181151AA889A80AA799A71002099
:10A8400003B030BD68461DF047FA0028F8D16846CD
:10A85000FFF790FF0028F5DA0B4A00989DF80610E4
:10A86000C4EBC404A3181051BDF80400988099717A
:10A87000002DE4D012592A609A88AA809B79AB7186
:10A88000DDE700BF66D602007005002008B528B1DC
:10A8900005481DF0C0FB030601D5012008BD024894
:10A8A0001DF0B9FBF9E700BF4406002070B504466F
:10A8B000B1B9C0B11F491DF0A4FBA0B92046FFF7F4
:10A8C00059FF00282FDA2378012B04D1A37903F054
:10A8D000C003C02B07D0184A184801211DF099FB6E
:10A8E0006FF0150070BD164DEB79012B1ED005F1F0
:10A8F000D4001DF090FBC30707D4002CF0D00D4905
:10A9000020461DF07EFB0028EAD1EE792146731C1B
:10A910003046EB71FFF780FF08B93046E2E7EB798C
:10A92000013BEB71DEE76FF07700DBE76FF00B00C8
:10A93000D8E700BF66D60200F9DE0200D8A90200FF
:10A94000700500202DE9F341044640B91A4A1B481E
:10A9500002211DF05EFB002002B0BDE8F08101AADB
:10A96000002141F20900FFF7C5F9054608B1144A74
:10A97000EDE7019E1349D6F80C8008F10107062285
:10A98000384617F049FA28B10F490622384617F021
:10A9900043FA18B93046FEF7E9F9DCE7D8F8013098
:10A9A000C4F80130BB88A4F8053030462570FEF7A6
:10A9B000DDF90120D0E700BF27DF0200D8A902009F
:10A9C00040DF020073D602006DD6020007B568466C
:10A9D000FFF7B8FF044BD87118B169460020FFF7A4
:10A9E0001BFF03B05DF804FB70050020F0B5304D8F
:10A9F000EC7989B0002C53D195F8C26016F00106AD
:10AA000010D12C4A2C4802211DF003FBEC711626B4
:10AA100000240127EB79E0B298422CD3002B3FD0E1
:10AA200000203BE06A4621464FF60940FFF762F9F5
:10AA300008B1224AE6E7DDF800C0DCF80C104B78DC
:10AA400023B96046FEF792F91D4ADBE78B1C02AA88
:10AA500001F1120418685968174603C70833A34266
:10AA60003A46F7D1186838609B88BB806046FEF78D
:10AA70007DF93446CAE708AB06FB0033694653F854
:10AA8000182C33F8143CCDF80120ADF805308DF8C2
:10AA90000070FFF7C1FE01340028BBD009B0F0BD43
:10AAA0000021084609B0BDE8F040FFF7FFBE00BF37
:10AAB000700500205EDF0200D8A902008ADF0200D4
:10AAC000AADF020070B506460D46C1B11DF0A9FA15
:10AAD00010B10024204670BD1DF0BAFA044658B1EA
:10AAE000002EF7D11DF09DFA0028F3D0054A064844
:10AAF000234602211CF03FFD01232B70E9E76FF094
:10AB00001504E7E7D3DF0200D8A902002DE9F041E0
:10AB10000E4617461D46044650B14BB10A03037852
:10AB200013D54C0709D53A4A3A4801211DF071FA6C
:10AB30006FF015042046BDE8F0811DF09FFA044631
:10AB40000028F7D101232B70F4E7F1072FD5324805
:10AB50000FB1B20608D4C3EBC302825C012A13D042
:10AB600002B92A700024E5E790F8D82051064BD5A9
:10AB7000C3EBC302825C012A06D002B92A702B788B
:10AB800043F002032B70EDE74FF00108072111FBA2
:10AB90000381014420461DF053FA04460028C9D120
:10ABA00085F80080002FDDD0B206DBD5E7E716F090
:10ABB000040213D01849C3EBC3028F5C012F0AD1E2
:10ABC000072212FB037319441DF03AFA04460028C9
:10ABD000B0D12F70E8E7002FE6D1FAE70F481DF05B
:10ABE0001AFA83060BD5104600F0AAFC20461DF089
:10ABF00045FA04460120287000F0A2FC9AE720469E
:10AC00001DF03CFA04469DE76FF0850492E700BF13
:10AC100009E00200D8A902007005002044060020C7
:10AC200038B5104DEB7913B10024204638BDFFF73D
:10AC3000CDFE044628B10C4A0C4801211DF0E9F96B
:10AC4000F3E7EB79002BEFD1FFF7D0FE04460028A5
:10AC5000F1D1681CFFF7A6FD04460028E5D0044AA0
:10AC6000EAE700BF7005002028E00200D8A9020032
:10AC700047E002002DE9F74F0C4620210090924654
:10AC8000FEF7B6FD0546002855D020210C301CF0FB
:10AC90008AFF20220021814617F06EF909F1010B8D
:10ACA00004EBCA0A0026D4F80080002362689342AD
:10ACB0000CD30834A245F6D1009889F80060002230
:10ACC000294603B0BDE8F04FFFF714B898F801200B
:10ACD00098F800C0B01C81181F2915D9BCF1090FC4
:10ACE000C0F11F0201D1002A0CDC144A14480121D2
:10ACF0001CF038FC2846FEF739F86FF0150003B059
:10AD0000BDE8F08F4FF0080CD7B2791C0BF8061095
:10AD1000711CC9B25BFA80F00BF801C0D8F80410BE
:10AD200001930237F5F7ACFA019B3744FEB20133C9
:10AD300008F10808BAE76FF06800E0E76AE002008F
:10AD400080A9020008B504490722093017F064F809
:10AD5000003818BF012008BD66D60200F8B5154BB3
:10AD6000067883F86F6004460D46FFF7EBFF70B975
:10AD70001149304601F00CFB044610B96FF00B008E
:10AD8000F8BD052100F0E8FF2C600020F8E704F191
:10AD900009073946304601F03FFB40B92078394673
:10ADA00001F0F6FA04460028E8D00621EAE76FF041
:10ADB0001500E5E7700500205FD60200F8B545688C
:10ADC0006905064635D4046914B115F0010330D085
:10ADD000194F3078FB7983422BD9C0EBC00017495B
:10ADE0000722384417F018F8A8B115F0010306D16E
:10ADF00097F87020082A02D8B2689F2A19D915F04E
:10AE0000300F09D0ACB1EA060AD405F46035B5F5C7
:10AE1000603018BF0120F8BDEB0601D4002CF4D13E
:10AE2000D6E902239A4204D81F2A02D9B3F5804FEB
:10AE3000EBD90020EFE700BF7005002066D60200C6
:10AE400000487047880500202DE9F04FD1F8109098
:10AE50008DB09A460023B9EB030605469348059248
:10AE600018BF012607931DF038F90C46410740F141
:10AE700012812046FFF7A2FF28B96FF0150B584644
:10AE80000DB0BDE8F08F2046FFF700FD804600289A
:10AE9000F3D005F1100738461DF01FF90206C0F384
:10AEA000C01300F1FB80CDE90933CDF82B30A36846
:10AEB0006068ADF82030E368ADF822301DF0FEF890
:10AEC0006FF480718DF82D0078481DF00CF9784AE8
:10AED00023782B7082F86F3061680DF125033246BC
:10AEE0002846FFF713FE83460028C8D105F1090262
:10AEF000B9F1000F18D021690868C5F809008888E1
:10AF000090808979917120461DF08AF96268064621
:10AF1000D0071BD4920503D4169B0BB9022E5CD12B
:10AF200002238DF8243023E0624B1968C5F809101C
:10AF300099889B799180937120461DF071F9626820
:10AF4000D1070646E6D58DF8249011E012F0100FD7
:10AF50000CBF012204228DF8242022691168CDF84B
:10AF600026109188ADF82A1092798DF82C20D846B9
:10AF70000F2142F20600FEF73BFC8346002800F05A
:10AF800090800F2208A90C301CF013FE00225946B5
:10AF900042F20600FEF7AEFE002840F08580B9F1CF
:10AFA000000F20D06368DB072BD4012128461DF059
:10AFB00047F98346002866D03F4A404801211CF0EB
:10AFC000D1FA079C002C3FF45AAF2046002100F034
:10AFD000C3FE204600F096FE51E70323DDF85880BB
:10AFE0008DF82430C4E7179B0093CDE90186169BAA
:10AFF0000599524628461DF09CF883460028D1D07A
:10B000003DE707A92846FFF7A9FE83460028CCD0D4
:10B0100010F10C0F7FF433AFB9F1000F7FF42FAFB5
:10B02000626890073FF52BAF636883F00203C3F3B8
:10B03000400B0BF001020E2138461DF063F8731E21
:10B040005A425A41082138461DF05CF8B11E4A4266
:10B050004A41384609211DF055F862680A2102F07C
:10B06000010238461DF04EF842460B2138461DF0CD
:10B0700049F862680D21C2F3800238461DF042F89B
:10B080004FF0000BFBE6079808B100F03BFEB9F16A
:10B09000000FCED1C8E76FF00A0BF0E66FF0770B28
:10B0A000EDE66FF0680BEAE68346E8E6440600202A
:10B0B0007005002066D6020083E0020080A902002D
:10B0C00073B51546069A0C46CDE900322B460A4662
:10B0D00001461148FFF7B8FE21460646002340F21C
:10B0E00001109D4202D1304602B070BD0A888242F2
:10B0F00004D14A6812B11278D20702D40133083160
:10B10000EFE7064906481EF087FF4FF47022002340
:10B11000034815F049FDE6E788050020BDB10000B1
:10B12000A005002010B520481DF0AFF86FF4804155
:10B130001E481CF0D8FF1D481CF0CFFF01062CD57F
:10B140001A481CF0CAFF420513D51748FFF7FAFD4D
:10B1500017490346087E1BBB1649052201F094F9E6
:10B16000044630B10021417200F0F6FD204600F0A7
:10B17000C9FD0D4800211DF063F8044670B90E4862
:10B180001CF0ABFF830608D5204600F0D9F9204615
:10B190001CF05EFF012000F0D3F90024204610BD12
:10B1A00006222131DAE700BF88050020980500203B
:10B1B000700500205FD602004406002010B5FFF79E
:10B1C000B1FF034630B1044A0448BDE810400221F3
:10B1D0001CF0D1B910BD00BF9EE0020080A90200A2
:10B1E00073B53548344C1CF078FF10F4804F38D0DC
:10B1F00020461CF072FF030633D420461CF06DFF7E
:10B2000046052ED501A9A4F11000FFF7A7FD40BB0C
:10B21000A4F11000FFF796FD024620461CF05DFFEA
:10B22000C0F3803120461CF058FF81F00101450534
:10B230004FEA4101204848BF41F001011CF04DFF99
:10B24000800448BF41F004011C480DF10303FFF7DF
:10B250005DFC054638B11A4A0346012119481CF025
:10B260008AF902B070BD154801211CF0E9FF019E6A
:10B2700028B9304602B0BDE8704000F043BD294611
:10B28000304600F069FD6FF480410B481CF02BFF45
:10B290000546304600F036FD6B04E2D5BFF35B8F08
:10B2A00054E8003F43F4804344E80032002AF7D1D9
:10B2B000BFF35B8FD5E700BF98050020880500200D
:10B2C000BDE0020080A9020070B5054686B00E46BA
:10B2D00042F20C000221FEF78BFA0446A0B10221D3
:10B2E0000C301CF060FC0A4A4670057003A9204629
:10B2F00000950523FEF76AFA0022214642F20C006F
:10B30000FEF7F8FC06B070BD6FF06800FAE700BF0A
:10B310004406002008B50C4B0246400903EB8000B0
:10B320001CF0B6FF02F01F0340FA03F313F0010014
:10B3300006D122B905481CF0ABFF40F3C01008BD90
:10B340006FF07700FBE700BF1C2A002044060020B6
:10B350000A4ABFF35B8F430902EB830200F01F0030
:10B3600001238340DB4352E8000F184042E800010C
:10B370000029F8D1BFF35B8F704700BF1C2A002063
:10B3800030B587B05C480022002315F07BF8002818
:10B3900040F091805948594D1CF07AFF10F001039C
:10B3A00044D02B1D93E8070006AB03E9070054487F
:10B3B0001CF06EFFC0F3401350481CF069FF0146BB
:10B3C00000286AD073B10C224E490DEB020016F032
:10B3D00023FD00286AD000210846FFF775FF0446C8
:10B3E000002864D100239DF80C00ADF80930BDF8A9
:10B3F0000E30ADF80530BDF81030ADF80730431E03
:10B400008DF8040058420DF109015841FFF75AFB2D
:10B41000044600284BD1072142F20B00FEF7E8F961
:10B420000546002849D16FF0680440E03448364AA8
:10B430001CF02EFF10F0800F0ED09089D189126978
:10B44000ADF80E004FF48074ADF80C40ADF810105C
:10B45000ADF812300592AAE72C4C2068616803AB66
:10B4600003C3A068186092F8D930180748BF0523B5
:10B47000224848BF8DF80D301CF00AFF810706D521
:10B480003023ADF810306023ADF80E308FE71B4845
:10B490001CF0FEFE4207F3D489E73BB1FFF714FF2F
:10B4A000044620B9174B2861C3E901000024124863
:10B4B00015F060F8204607B030BD072201A90C3016
:10B4C0001CF077FB2246294642F20B00FEF712FCE5
:10B4D00004460028EBD19DF80D10012001F0010178
:10B4E000FFF7F2FE04460028E1D106AA12E90700A0
:10B4F000044B83E80700D9E7382A00201C2A0020E3
:10B50000440600202C2A00207005002030AB0200E9
:10B5100010B5094C44220021204616F02DFD04F1FF
:10B520001C001EF0C0FB04F130001EF0BCFB034BFE
:10B5300000221A6010BD00BF1C2A0020682A0020CB
:10B54000044B597C003801F0010118BF0120FFF7BE
:10B55000BBBE00BF1C2A0020032838B5054603D116
:10B56000BDE83840FFF70CBFFFF7D4FE0446C8B96A
:10B57000BFF35B8F0C4B6A0903EB820305F01F01DD
:10B5800001228A4053E8000F104343E800010029DC
:10B59000F8D1BFF35B8FFFF7F3FE044610B12846E6
:10B5A000FFF7D6FE204638BD1C2A00202DE9F04FBB
:10B5B00000F10C0689B0044630461CF023FBDFF88E
:10B5C0006CB18046B8F1000F02D109B0BDE8F08F30
:10B5D00057481CF05DFEC107F7D5238A082B07D812
:10B5E000544A5548012109B0BDE8F04F1BF0BABFDD
:10B5F000092130461CF0FEFA037A228A01339A426E
:10B600000546EDD30123ADF81C307F238DF81630AD
:10B61000037A0344471C5B7A8DF81530FF238DF8BD
:10B6200014300023ADF81A3002788DF81720042A60
:10B630009CBF424B9B5CADF8183090F808A03C488A
:10B640001CF026FEC20703D5BDF818305B0763D493
:10B6500038461CF05AFB002848D0394602A81CF096
:10B6600049FBDBF80030A3B130461CF0DBFA278A37
:10B670009DF817209DF91510DBF800C0A4F810A064
:10B680008146334602A8E0476369278213FA89F3AB
:10B69000E36002AB04932A4B1B68002B3AD01A6874
:10B6A00002B1083A53F8081CB9B11746A3F10802D1
:10B6B000304601921CF0B6FA019A238AA4F810A031
:10B6C000126800938146314604A890476269009B46
:10B6D000238212FA89F2E2603A46DAB19768136877
:10B6E000B7B1083F002BE3D13A46F7E76B78FF2B61
:10B6F00009D1144B186802909A889B798DF80E3006
:10B70000ADF80C20ADE739461CF095FC0346F1E797
:10B71000002BCDD100230493297A3046013108F162
:10B72000FF381CF05FFA5FFA88F84BE7682A0020C0
:10B730001C2A0020FAE00200E8A9020013E102003E
:10B74000602A002066D60200F8B5054622481CF0A3
:10B750009FFD43070F463CD52A78012A03D96FF095
:10B7600015042046F8BD6B780F2BF8D86888031FA6
:10B770009BB243F6FC74A342F1D8A9880B1F9BB27D
:10B78000A342ECD88842EAD37AB9144800220023B5
:10B7900014F078FE04460028E3D1FFF7BBFD044611
:10B7A00040B10E4814F0E6FEDBE71CF07EFC0028FA
:10B7B000EBD1D4E728686968094E0A4B03C6A8682C
:10B7C000306020461F60FFF7C7FE044606F12400E4
:10B7D000E8E76FF00A04C4E7440600204C2A002082
:10B7E000202A0020682A002070B50C4B1C680546F2
:10B7F00044B154F8143C143C13B1697A2846984774
:10B800006469F5E7064C074EB44200D370BD236867
:10B8100013B1697A284698471834F5E7A02A002022
:10B8200070A9020070A9020010B50446FDF7FEF9E8
:10B83000044901EB001120461CF0A8FABDE81040B5
:10B84000FEF758B96C2A002070B5D1E901560022E4
:10B850000446C1E9012206481EF0F5FA3DB1314621
:10B8600020462B466FF06D02BDE87040184770BD52
:10B87000A814002070B5002205460E460948002392
:10B880000021FDF7F5F9044658B1FDF7CFF9064B55
:10B89000324603EB001329462046BDE870401CF0F9
:10B8A00050BA70BD5C1500206C2A002070B50546AA
:10B8B0000F480022002314F019FFB8B90D4B1C6883
:10B8C00034B154F80C3C143C03B198476469F7E771
:10B8D000094C0A4EB44204D32846BDE8704015F026
:10B8E000C1B8A36803B198471834F3E770BD00BF2F
:10B8F00078140020A02A002070A9020070A902007C
:10B900002DE9F843DFF85480044620270025EFF3A3
:10B91000118387F31288BFF36F8FE16929B983F32D
:10B920001188BFF36F8FBDE8F883206A0A68E2616F
:10B93000814208BF226283F31188BFF36F8FD1E980
:10B9400001694046C1E901551EF07DFA1EB1002291
:10B9500049462046B047FEF7CDF8D8E7A8140020A6
:10B9600013B504460430BFF35B8F50E8003F43F447
:10B97000806240E800210029F7D1BFF35B8F5905B1
:10B9800026D41CF09BFCC20315D5124B93F8D9307A
:10B99000DB071DD5022300211A46009120461CF02A
:10B9A000D6FA0346A0B10C4A0C48012102B0BDE80A
:10B9B00010401BF0E0BD20461CF0AFFA034620B15A
:10B9C000074A064801211BF0D6FDA37A072BDCD0DD
:10B9D00002B010BD7005002041E1020098A90200EC
:10B9E00020E102000448B0F80431002B00F5847017
:10B9F00008BF0020704700BF7005002030B5044626
:10BA00008BB00D4615F0D0FB0A4B834205D1204682
:10BA10000BB0BDE83040FFF773BF24342146184611
:10BA20001EF0C9FA1DB1694620461EF0D4FA0BB0CB
:10BA300030BD00BF2026002038B5002204468A42CF
:10BA400002D10024204638BD04F1C8030120BFF311
:10BA50005B8F53E8005F002D04D143E8000CBCF17C
:10BA6000000FF6D1BFF35B8F02D0D0340244E6E77B
:10BA7000002CE6D0C8220021204616F07DFA04F101
:10BA8000400004491EF0C8FA034904F124001EF0E6
:10BA900076FAD7E735C50000F7820200F7B50D4604
:10BAA000012116460446FFF7A9FF002128461CF095
:10BAB000CEF9012E1BD0022E45D123693BB1364869
:10BAC000364A01211BF04EFD20461CF038FC28466A
:10BAD0001CF02CF820612269138A012B3AD82088A7
:10BAE0001CF0B7F9012128461CF0B1F90CE02069DF
:10BAF00040B92B4A284831461BF034FD20461CF043
:10BB00001EFC01E02F8A2FB9284603B0BDE8F040A3
:10BB1000FDF72CB90C301CF089F887420CD9214A6A
:10BB20001D4831461BF01EFD21690022204600F011
:10BB30005BFF00232361E7E720692A8AE9680C306C
:10BB40001CF037F8C7E7184A1348334601211BF0A9
:10BB500012FDD3E7D26816880436B6B2B342BED31C
:10BB60002846FDF703F921690B8A9E420BD20F4A42
:10BB70000948009601211BF008FD204603B0BDE8EE
:10BB8000F0401CF0DCBB002301222046236103B0FF
:10BB9000BDE8F04000F028BF98A9020058E102007B
:10BBA00075E1020093E10200BAE10200D8E102006F
:10BBB00038B50122044600F1BC03BFF35B8F53E8A4
:10BBC000005F43E800210029F9D1BFF35B8F7DB905
:10BBD0001CF0BEFB15F0D2F9094BC4F8B850D3F8ED
:10BBE000281104F1B80239B9C3E9492215F0DAF98C
:10BBF000BDE83840FDF77EBF0A60C3F82821F5E7AD
:10BC00007005002070B53C4B5A8B32B13B4DD5F8D6
:10BC1000244134B90024204670BD1B68002BF5D1A7
:10BC2000F8E754F8B83903B1B83B3549002601E0CC
:10BC30001C461346B5F80421002A5AD0D5F8102125
:10BC40004AB904F1B806002BE4D0D3F8B820002A92
:10BC5000EED0B83AECE70A68002AF2D0D4F8A42073
:10BC6000002AEED0D4F8A820002AEAD0D4F8AC20DC
:10BC7000002AE6D0A37A072B0DD12046904750B179
:10BC800004F1C0001CF01AFB022804DC2046BDE8C9
:10BC900070401CF05DBBD4F8B83004F1B80206BBAC
:10BCA000D5F82811C5F824318A4201D1C5F82831C8
:10BCB0000022C4F8B82004F1BC03BFF35B8F53E843
:10BCC000001F43E800200028F9D1BFF35B8F204616
:10BCD000D4F8AC30984700289DD02046FFF768FF85
:10BCE00099E73360D5F828319A4208BFC5F8286132
:10BCF000DEE79368FFDE00BF5C15002070050020C2
:10BD0000A814002037B5C83010F8C65C10F8C54C30
:10BD1000BFF35B8F50E8003F5A1E40E80021002926
:10BD2000F8D1BFF35B8F01A801931CF0C7FA01287B
:10BD30000BD1074814F0A0FC064814F093FE012D27
:10BD400003D1012C01D1FFF74BFA03B030BD00BF86
:10BD5000781400202C0E0020F8B5867A8E4200AFB1
:10BD600004460D461AD1082E96BF614B614B53F81D
:10BD700026306C4688B06A465F49C2E905134FF425
:10BD8000007393835D4B42F8103F5D4800234FF4EE
:10BD9000E451FAF7D9FBA546BD46F8BD817226B934
:10BDA0008378082B01D01CF0D3FAA37A082B00F279
:10BDB0009C8001A252F823F013BE000091BE000047
:10BDC00099BD000099BD000099BD000099BD00001B
:10BDD00099BD0000DDBD000099BD0000A378042BD3
:10BDE000DAD04848002115F0F9FC0023C4E90D33EE
:10BDF000E378012BD0D1A378012B04BF032384F86F
:10BE000094304FF42032002304F1400014F098FEE7
:10BE1000C2E7A378042B03D12046FFF773FFBBE7EB
:10BE2000082EB9D801A353F826F000BF83BE000046
:10BE300051BE000075BE000019BE000019BE000012
:10BE400019BE000075BE000083BE000083BE000066
:10BE500004F1400528461EF0EBF801212046FFF7CB
:10BE6000CDFD20461CF06BFA00220023284614F07A
:10BE70009BFE91E7637A002BCED02046FFF7B4FCFF
:10BE8000CAE7214A2B461E4802211BF074FB83E7B8
:10BE9000637A3E2B0FD16D4688B06A461B4BC2E9D0
:10BEA0000534032342F8103F154800234FF4C451D2
:10BEB000FAF74AFBAD46164D05F58476616911B96E
:10BEC000FDF718FE68E7A2690B686361914208BF3D
:10BED000A3612046FFF7B8FCB5F80431002B14BF6E
:10BEE0003046002014F0C8FBE8E70A4A2B46CAE7B0
:10BEF00024AE0200F3E10200FDE1020003000001B4
:10BF000098A902003C0E00200EE2020025E2020089
:10BF1000700500204CE2020070B5024605460E4650
:10BF20000A4801211CF02FFA044610B900242046CB
:10BF300070BD83781E42FAD1054A06482B4602217D
:10BF40001BF019FB2046FFF7DDFEEFE77020002015
:10BF500068E2020098A90200F8B5074609480D46B4
:10BF600016461CF0F5F9044650B183781F4203D100
:10BF7000BDE8F840FFF7C6BE3146A8472046F7E7C0
:10BF8000F8BD00BF70200020024900220120FFF709
:10BF9000E3BF00BF33830200034BC01A034B001101
:10BFA0005843C0B2704700BF70200020C54EECC49B
:10BFB0002DE9F0411C46144305460E4617469846A7
:10BFC00009D015F0F1F8114B834206D1104A1148FF
:10BFD00002211BF0C7FA0027B8460F493A464346EC
:10BFE000002D14BF284608461BF071FD044638B9E1
:10BFF0000A4A084802211BF0B5FA2046BDE8F08144
:10C00000711D0C301BF0C4FDF7E700BF2026002097
:10C010007FE2020098A90200D8140020A8E20200E2
:10C0200010B50446054814F01DFD204600F066FBDF
:10C030002046BDE81040FFF7D7BB00BF1C0E002014
:10C040002DE9F04F87B000AF0025FD607D61FFF75F
:10C05000D9FD0446F8B1837A072B26D06E4688B006
:10C060006A46814BC2E90530032342F8103F7F48FE
:10C070002B464FF4C451FAF767FAB5464FF0FF313B
:10C08000D4F8A43007F1100220469847014630B991
:10C090002046FFF737FE1C37BD46BDE8F08F7B69B1
:10C0A000FA6820461CF010F9E8E7DFF8C481D0F800
:10C0B000A430B8F8041107F110029847064600288A
:10C0C000E6D0B8F804213B699A4208D30146D4F877
:10C0D000A85007F1140307F10C022046A8477B691A
:10C0E0007B60338AD7E903BA002B00F0BA80304670
:10C0F0001BF062FE8146E8B16FF004036D4688B024
:10C100006A465C49D461C2E90513042342F8103F32
:10C11000564800234FF40151FAF716FA31462046EB
:10C120007B69FA68AD461CF0CFF8132120461CF05D
:10C130004CF9ADE7B8F804314F48002B08BF002098
:10C140000022002314F0D2FA10B16FF00B03D5E7F0
:10C150004A480022002314F05DFA05460028F4D076
:10C160007B68C0F804B08360B8F804B1338ADA455C
:10C1700098BF1FFA8AFB5B4545D930461BF0D6FCB9
:10C180005946FFF777FBB8F8042194F8C43092457C
:10C1900094BF02334FF0010984F8C490834698BFDE
:10C1A000DBB204F1C00ABFF35B8F5AE8002F013203
:10C1B0004AE800210029F8D1BFF35B8F00222A60F2
:10C1C000A2691ABBC4E90555A278012A21D104212C
:10C1D0000BF10C007B601BF0FDFC7B68228803F0F8
:10C1E000FD0342EA03330380BBF81030043B438075
:10C1F00004238BF818305846FDF754FB814650B99C
:10C20000FDF778FC44E759463046BAE71560A5616A
:10C21000DAE76FF01509BFF35B8F5AE8003F013B87
:10C220004AE80032002AF8D1BFF35B8F294604F1B7
:10C2300014001CF063F8124A0C484B4601211BF015
:10C240009AF95846FCF792FD20462946FFF7FCFA7A
:10C25000B8F804310848002B08BF002014F00CFA8D
:10C260004AE76FF0790349E7D1E2020098A902009A
:10C2700070050020E8E2020078060020A8140020E3
:10C280002FDB0200F8B5031D044618461CF016F813
:10C29000820419D5B4F88620B4F88810914213D8D6
:10C2A000B4F88A1091420FD3D4E9231291420BD1F2
:10C2B000BFF35B8F53E8001F21F4005143E80012E5
:10C2C000002AF7D1BFF35B8F104B1D686DB155F895
:10C2D000046C143D3EB1B4F88E30B4F88C20B4F840
:10C2E00086102046B0476D69F0E7094D094FBD4201
:10C2F00000D3F8BD2E693EB1B4F88E30B4F88C206E
:10C30000B4F886102046B0471835F0E7A02A002080
:10C3100070A9020070A902002DE9F0410746084605
:10C320000D461BF097FD064618B900263046BDE8BD
:10C33000F081144B1C6884B154F8083C143C0BB9D0
:10C340006469F8E72946384698470028EDD0284622
:10C350001BF080FD0028F3D1E7E70B4CDFF82C80C1
:10C360004445E3D2E3680BB91834F9E72946384667
:10C3700098470028D9D028461BF06CFD0028F3D13F
:10C38000D3E700BFA02A002070A9020070A9020014
:10C3900038B505460C460E480121FFF74DFBB0B1FC
:10C3A000057223680367A388A0F87430A37980F826
:10C3B000763001238370074BC0F8A430064BC0F8D9
:10C3C000A830064BC0F8AC30054BC0F8883038BDFB
:10C3D000702000202DC80000A98202009D8202006A
:10C3E0001800280070B505460A480E461BF0B0FF3D
:10C3F000044620B18378012B04D0FFF783FC00248E
:10C40000204670BD324629461BF0FFFF0028F7D1B9
:10C410002046F2E770200020B0B500AF0D46FFF7D0
:10C42000E1FF044608B32846FCF716FDA37A082B63
:10C4300096BF0F4A0F4B52F823306D468AB06A46BA
:10C440000D49C2E907030D4B53620D4BC2E90514B8
:10C4500042F8103F0B4800234FF44251FAF774F8AA
:10C460002046AD46FFF74EFC0120BD46B0BD00BFE3
:10C4700024AE0200F3E102000BE302000103020418
:10C480000500000298A90200F8B505460E480E46C0
:10C4900017461BF05DFF044620B18378012B03D0C3
:10C4A000FFF730FC00240DE036B1324629461BF080
:10C4B000ACFF08B92046F3E7A37ABB42FAD1237A4E
:10C4C000AB42F7D12046F8BD7020002038B50446B5
:10C4D00008460D461BF0BEFC38B3154B93F8D83018
:10C4E000990707D4E37873B129462046BDE8384060
:10C4F00000F0A6BA94F895309A07F3D5201D1BF0EA
:10C50000DDFE4304EED4294620461BF0AEFF58B9A9
:10C510002B88A4F888306B88A4F88A30AB88A4F8FC
:10C520009030EB88A4F8923038BD6FF01500FBE72F
:10C5300070050020F7B510F8363C0446A0F140061F
:10C540000BBB30461CF043F83A4B1D684DB155F813
:10C55000103C143D1BB114F8371C304698476D69E8
:10C56000F4E7354D354FBD4205D3304603B0BDE845
:10C57000F040FFF7C7BB6B681BB114F8371C30469F
:10C5800098471835EFE710F83E3C012B31D1BFF347
:10C590005B8FA0F13C0555E8003F23F4005245E8CD
:10C5A00000210029F7D1BFF35B8F990429D5A36C33
:10C5B00000936946236D01933046FFF787FF0346DA
:10C5C000C8B9BFF35B8F55E8003F23F4805345E8BB
:10C5D0000032002AF7D1BFF35B8FBFF35B8F55E8C2
:10C5E000003F43F4006345E80032002AF7D1BFF36F
:10C5F0005B8F03B0F0BD124A124802211AF0BBFF54
:10C60000EBE7114A4FF4281369463046CDE9002381
:10C61000FFF75CFF034650B9BFF35B8F55E8003F5F
:10C6200043F4805345E80032002AD4D0F6E7074AA5
:10C63000E2E700BFA02A002070A9020070A9020052
:10C6400044E3020098A902001800280069E30200F0
:10C6500010B50C481DF0B9FB0B490A481DF0F3FB5F
:10C660000A4908481DF0EFFB094906481DF0EBFB9D
:10C670001CF0A1FB1CF06FFD044608B91CF00CF87F
:10C68000204610BDA81400207C2A0020882A002003
:10C69000942A002008B50346034A044801211AF0F1
:10C6A0006AFF002008BD00BF0FE40200E0A90200FD
:10C6B00080B500AF88B06A46074BC2E90530032356
:10C6C00042F8103F054800234FF4C251F9F73CFFF0
:10C6D0006FF00B00BD4680BD37E40200E0A9020008
:10C6E000044B1A680AB1FFF7E3BF034858600B60B8
:10C6F00010467047A82A002068AE0200F7B5274D03
:10C70000274F04460026BD4201D303B0F0BD6B683D
:10C7100001A92046984700283BDB019B2A889A8282
:10C720009A8403F11002A868BFF35B8F52E8001FE0
:10C7300042E8006CBCF1000FF8D1BFF35B8FC3E996
:10C7400013669E649E60A16B03F1080219BBC4E9E5
:10C750000D221C60D86003F130001DF036FB0198FB
:10C7600043681B6803B19847019BBFF35B8F10338D
:10C7700053E8001F41F0010143E80012002AF7D1FD
:10C78000BFF35B8F01984368DB6913B100F11001BF
:10C7900098470C35B7E70A60A263DAE74CA90200B4
:10C7A00070A902002DE9F0411D4652EA0503064634
:10C7B0000F46144609D10024254622462B46391D32
:10C7C0003046BDE8F041FFF7F3BB14F0EDFC024B3F
:10C7D0008342F2D1EFE700BF2026002038B505469E
:10C7E00018462B68DBB19B7A072B18D10B7A012BEB
:10C7F00007D00C4A0C4801211AF0BDFE6FF015005D
:10C8000038BDCB7A072BF9D9C8618A6105F13000B0
:10C810001DF019FB28461BF052FE0020F0E76FF0D8
:10C820007F00EDE75EE40200E0A902002DE9F04799
:10C83000D0F8B04000AF0E4691464CB1483C236B57
:10C840006BB104F1300A50461DF012FB054658B991
:10C85000FDF750F900252846BD46BDE8F087204683
:10C860001BF04DFEA46CE8E71BF0A6FA80B16C4605
:10C8700088B06A46294BC2E90535032342F8103FC8
:10C88000274800234FF4C251F9F75EFEA546E1E7C1
:10C89000236DB3B9A38CB5F81080403B9BB23F2BFE
:10C8A00003D8238D984528BF9846042105F10C0034
:10C8B0001BF090F9A0F80080A38C438008F10403DA
:10C8C0002365236D2A8AB3420ED8934215D0A38CD8
:10C8D000403B9BB23F2B1ED920461BF010FE236B22
:10C8E00013B120461BF0EBFD236DC9F800309E42CA
:10C8F00034BF9E1B00262665ADE70022002350466C
:10C9000013F088FEA38CA3F140023F2AE4D8054A25
:10C91000AA61EB61E0E700221346F9E776E4020042
:10C92000E0A902004986020073B50D4606460421BF
:10C9300005F10C001BF05EF92B8A42889A420446EE
:10C9400007D01B48009201211A4A1AF01EFE02B0BD
:10C9500070BD43783BB9184A1548012102B0BDE8C3
:10C9600070401AF0FFBD0378012BF0D0132B03D1D8
:10C97000012AECD8114AEFE7114A0D4802211AF0BA
:10C98000FAFD61783568022201201BF038FE04466A
:10C990000028DCD002210C301BF005F900230370C5
:10C9A00043702146284602B0BDE870401BF059BED6
:10C9B000E0A902008EE40200AFE40200D0E402002D
:10C9C000ECE4020008B50B8A032B06D8044A05489C
:10C9D00001211AF0C7FD002008BDFFF7A5FFFAE707
:10C9E00014E50200E0A9020038B50B8A032B0546C6
:10C9F0000C4609D80F4A104801211AF0B3FD204611
:10CA0000BDE83840FCF7B2B9042104F10C001BF07A
:10CA1000F1F8418828461BF035FE30B9074A064830
:10CA20000B4602211AF0A7FDE9E7436821465B693E
:10CA30009847E4E732E50200E0A902004FE5020072
:10CA400070B5124B0C4619780131C9B2012938BFB3
:10CA5000012105460822122019701BF0D0FD064660
:10CA600088B108210C301BF09EF822880280628871
:10CA70004280A2888280E288C28031462846BDE892
:10CA800070401BF0EEBD6FF00B0070BD3751002001
:10CA900023281FD81A2804D8431E182B0ED9062085
:10CAA0007047A0F11B03082B1ED8DFE803F0051D1B
:10CAB0001B231D19251D0500032070470F4A012364
:10CAC00083401A40C2B90E4A1A40002A14BF0120FE
:10CAD0000620704700F07F03522B05D100207047DD
:10CAE000012070470520704710F0400F0CBF062052
:10CAF000002070470420704702207047AAAA8A02CB
:10CB000054554501011F01481DF076B8C812002098
:10CB100010B500F154030446BFF35B8F53E8001FC8
:10CB200041F0010143E80012002AF7D1BFF35B8F07
:10CB3000201F1BF070FE04F1740004491DF06CFA14
:10CB40002068BDE8104001F0DDBD00BFC5DB00007E
:10CB500070B503788AB004460E4607AD032B20D883
:10CB6000DFE803F002191B1D1149284615F0B8FA39
:10CB7000059563780493A3780393E378029323796C
:10CB8000019363790093A3790A4A1E21304619F074
:10CB9000A5FF0AB070BD0849E7E70849E5E708497D
:10CBA000E3E7084A0A21284619F098FFE0E700BFAA
:10CBB0004FC9020071C9020056C902005DC90200D6
:10CBC00067C90200FDE902002DE9FF4105460E4656
:10CBD0004FF000084FF42053006817688DF8088064
:10CBE00002A91446ADF80A301BF028F8A0B142F6AD
:10CBF000010328688DF80C8003A9ADF80E301BF0F6
:10CC00001DF848B123691BB15A88B24200D25E8038
:10CC1000012004B0BDE8F081616828681BF00EF8BF
:10CC200010B100232361F3E7E368A0681A786AB1C2
:10CC3000B7F81AC0798D038A8C4594BFC3EB0C03F7
:10CC4000C3EB0103934201DA0020E2E704210C3038
:10CC50001AF0A9FF2061068023695E80074B0093CC
:10CC60000194A2680023294638461BF017FE0028CD
:10CC7000EADB2069003818BF0120CAE77D8802007E
:10CC80002DE9F04182B000AF044688463D480022BD
:10CC90000023394613F008FB0546B0B16D4688B055
:10CCA0006A46394BC2E90534032342F8103F37483E
:10CCB00000234FF4C251F9F747FCAD466FF00B0665
:10CCC00030460837BD46BDE8F08114F06DFA3E6885
:10CCD0002F4B282218602946301D15F04DF934607D
:10CCE0003C682C487D60C4E90155C4E9095500221F
:10CCF0000023391D13F0D8FA064688B123686C4624
:10CD000088B06A462449C2E90513032342F8103F5C
:10CD10001E482B464FF4C451F9F716FCA546CDE743
:10CD20007B680146B022184615F026F91B4A82603E
:10CD300060301DF04AF87B68BFF35B8F583353E8CF
:10CD4000002F43E800610029F9D1BFF35B8F7B68B6
:10CD50001C60636A7D681BB904F10C001DF035F896
:10CD6000626AC5F8A820A26A05F1A803636202B945
:10CD7000A3627B6817225A855A830433C8F80030AF
:10CD80009EE700BFAC1200208BE5020088A90200DC
:10CD9000442B0020C8120020B0E502004C0E0020F9
:10CDA0002DE9F743176805468846006851687E6894
:10CDB00014461AF043FF8146002842D1304695229E
:10CDC00029461CF080F90646207540B1E3681B78BF
:10CDD0000BB184F81490002003B0BDE8F083A06884
:10CDE0001AF0A8FE02210C301AF0DDFE164B20616D
:10CDF000A0F8008000930194A26833462946384683
:10CE00001BF04CFD002807DA10F1FF0F26BF40424F
:10CE1000C0B20E202075DEE72369002BDBD0A068AE
:10CE20001BF045FC7B8B7A8D9A4294BFC0EB0200CD
:10CE3000C0EB0300E3681B78984294BF00200120F8
:10CE4000CAE70120C8E700BFBF8602002DE9F04F06
:10CE500091B0166880460F46002542F6010300682F
:10CE6000D6F804908DF82C500BA91446ADF82E304E
:10CE70001AF0E4FE002870D04FF42053D8F80000D8
:10CE80008DF82C500BA9ADF82E301AF0D7FE38B122
:10CE9000A3681BB15A88BA4200D25F8001200EE01D
:10CEA000616808461BF003FC728D738B9A4294BF35
:10CEB000C0EB0200C0EB0300032803D8002011B030
:10CEC000BDE8F08F08461AF035FE054660681BF095
:10CED000EEFB728B738D05F10C0B9A4294BFC0EB85
:10CEE000020AC0EB030A58461AF0A0FE824537D268
:10CEF00060681BF0DCFB728D738B9A4294BFC0EBB1
:10CF00000200C0EB030070B96368987AFBF786FEF5
:10CF1000002200231AF0DBFD05460028CED0014692
:10CF200060681AF018FE00230093D8F804601023FC
:10CF300002AA41464846B047061E0EDB227CE06846
:10CF4000B2422BD001460BA81AF0A6FE60B9237C92
:10CF5000144A154802211AF00EFB0023A3609DE736
:10CF600058461AF063FECEE7F2B202A906A81AF0FC
:10CF700093FE10B90D4A3346EBE706A90BA81AF049
:10CF80005DFE0028E9D100236374042105F10C0043
:10CF90001AF009FEA0600780A3687EE702A914F0DA
:10CFA0003BFFEEE7D5E5020088A90200F4E50200A8
:10CFB00073B50D46438D418B8B4202F1010228BFB0
:10CFC0000B469A42064609D91B48009202211B4A89
:10CFD0001AF0DBFA0024204602B070BD2846FFF7A5
:10CFE00057FD022816D0042814D014F0DDF8144B95
:10CFF0001A1A18BF4FF0FF32134612480021FFF7EC
:10D00000D1FB044650B9104A0B482B4601211AF0B7
:10D01000B2FADFE74FF470220023EEE7FBF706FEDB
:10D020000A4B182202FB0033012104F10C009E6020
:10D030001AF0B9FD0570CEE788A9020013E60200D8
:10D0400020260020041500200FE40200FC2A002006
:10D050002DE9F84F074608460C46FBF7E7FDDFF8D9
:10D06000BC80E1681823434308EB03020646D2F86C
:10D0700008A0BFF35B8FB86DBFF35B8FC00709D407
:10D08000274A284801211BF02CFB6FF01505284684
:10D09000BDE8F88FE06800781071002248F803209E
:10D0A0000B78D22B0FD13B68214618681CF050F842
:10D0B000054640B11C4A1B4801211BF012FB2046CB
:10D0C000FBF754FEE3E704F10C001AF0ABFD182364
:10D0D00003FB0683B4F810B09F60002381461A4614
:10D0E0002146381DFFF77AFB05460028CFD010F106
:10D0F000690F04D10D4A0B4801211BF0F2FA636954
:10D10000A4F810B013FA89F3E36018235E4308EB28
:10D11000060348F80650C3F808A0B8E7FC2A002028
:10D1200038E6020088A9020052E6020065E6020025
:10D130002DE9F14F0546FBF779FD3D49182202FB29
:10D1400000F3C81851F803800779B0F80690D0F8BA
:10D1500010A00021D0E9024614F00EFFA87AFBF7D8
:10D160005DFD6969834651B16B7AD80705D4DBF858
:10D1700024301B6828469B68984700236B6129462A
:10D1800058461CF06BFE002F45D0002C43D023687E
:10D19000002B40D01B68002B3DD0B8F1000F08D009
:10D1A000244A25484346012101B0BDE8F04F1AF05A
:10D1B000E2B9201D1BF038FD3846FFF769FC052851
:10D1C00029D8DFE800F01E03281E2803BFF35B8F79
:10D1D000A36DBFF35B8FDA0707D4184A1648012105
:10D1E00001B0BDE8F04F1BF07CBAE36D9BB14FF48A
:10D1F0007022002304F1780001B0BDE8F04F13F075
:10D20000D3BC23681D68BFF35B8FA36DBFF35B8F37
:10D21000DB07E2D556B901B0BDE8F08F514628468C
:10D22000B0470134A3B29945F8D8F4E70024F9E7F0
:10D23000FC2A002088E6020088A9020038E60200E5
:10D24000F7B50B8A076804460D463BB9294A2A48B8
:10D2500001211BF046FA002003B0F0BD012105F1C9
:10D260000C001AF0C7FCBB7A072B0646F3D154F822
:10D27000043C002BEFD003782048043C002210F837
:10D2800032709F4200EBC2010FD12A8A48788F7812
:10D29000904222D91848009301211346184A1AF0E7
:10D2A00074F9012FD7D1042320E001320E2AE6D1F0
:10D2B0001148144A02211AF05EF931780846FFF746
:10D2C000E7FB0028C7D00528C5D00029C3D0062316
:10D2D000002220461BF0ECFCBDE74B6820462946A7
:10D2E0009847012F0346B6D10028B4D031780029E1
:10D2F000B1D0EDE7A7E6020088A9020090AE0200D7
:10D30000DCE60200C2E60200F0B51E4603680D46E8
:10D31000003987B0044618BF0121186817461BF072
:10D32000F0FE40B904F158001BF07AFB002844D00D
:10D33000002007B0F0BD002E41D018220021684621
:10D3400014F01AFE47BB23681E4A1B680093002393
:10D35000ADF812300C9B0393BDF83430ADF81030AB
:10D3600001238DF8143031466B4630468DF8085055
:10D370001BF0EAF99DF81430C3B1002FD8D0019802
:10D38000FBF7F4FC9DF81430002DD1D0324629462D
:10D3900020461BF08DFCCBE7002239462046FFF7E4
:10D3A00007FE01900028CED11120C2E70199002983
:10D3B000BED020461BF06EFCBAE71220B9E7012070
:10D3C000B7E700BFE786020008B5837A072B06D0CF
:10D3D0000C4A02210C481BF084F9002008BD0421EE
:10D3E0001BF050F910B9094A0121F3E7BFF35B8F35
:10D3F000436DBFF35B8FDB0701D4054AF4E750F8B8
:10D40000040CEBE7FBE6020088A9020009E7020032
:10D4100038E60200F8B50F461646FFF7D5FFB0B163
:10D42000446A20461CB150F8A84904B1A83C731CBA
:10D43000194638B1428D458BAA4228BF2A469A42E6
:10D4400007D264B90A4A0B4802211AF094F8002066
:10D45000F8BD32463946BDE8F840FFF7A9BDD4F81B
:10D46000A85005B1A83D20460B462C46E2E700BF78
:10D4700024E7020088A90200F8B54FF4702207469D
:10D48000002311480D461AF022FB044638B90F4A12
:10D490000F482B4601211AF06EF82046F8BD00F126
:10D4A0000C06092130461AF073FB2046FBF7BEFB41
:10D4B000084B182202FB0033012130469F601AF00E
:10D4C00072FB0570E9E700BF041500200FE40200BD
:10D4D00088A90200FC2A00202DE9F0410E8A043EB2
:10D4E000F6B2022E04468CB0084601D0102E64D14C
:10D4F00004210C301AF07EFB0DF1080805884788DE
:10D50000011D324640461AF0C7FB002857D09DB394
:10D51000002687B3AF422FD34FF4205301A94046D2
:10D520008DF80460ADF806301AF088FB40BB142279
:10D53000002107A814F020FD11212046FFF79CFFD1
:10D540000990002837D001210C30CDE907481AF0A6
:10D550002AFB00230A901B4A037039460B93284686
:10D5600007AB1BF0F1F80A9B1B78FBB90998FBF796
:10D57000FDFB0A2301E03D4601232A4610210EE06F
:10D5800042F6010307A940468DF81C60ADF81E3035
:10D590001AF054FB0028CAD010232A461946204608
:10D5A0001BF086FB00200CB0BDE8F08109992046F5
:10D5B0001BF070FBF6E71120F5E70420F3E70E20DF
:10D5C000F1E700BFC9CB00002DE9F043036885B047
:10D5D00004460D46186801211BF093FD40B904F183
:10D5E00058001BF01DFAB0BB122005B0BDE8F08357
:10D5F00010220021684614F0BFFC21212046FFF7CD
:10D600003BFF029048B3DFF85890009405F10C07F7
:10D610004FF001082B8A012B04D8029920461BF0F9
:10D6200039FB18E038461AF0F5FA6B464A460146CF
:10D6300006468DF80C801BF087F89DF80C30002B07
:10D64000E8D00298FBF792FB9DF80C30324620217F
:10D6500020461BF02DFB0020C7E71120C5E700BFC7
:10D66000858A02002DE9F043036885B004460D4623
:10D67000186801211BF045FD40B904F158001BF06A
:10D68000CFF9B0BB122005B0BDE8F0831022002115
:10D69000684614F071FC0F212046FFF7EDFE029062
:10D6A00048B3DFF85890009405F10C074FF00108DB
:10D6B0002B8A012B04D8029920461BF0EBFA18E0C4
:10D6C00038461AF0A7FA6B464A46014606468DF8D8
:10D6D0000C801BF039F89DF80C30002BE8D0029834
:10D6E000FBF744FB9DF80C3032460E2120461BF020
:10D6F000DFFA0020C7E71120C5E700BF3F8A02001C
:10D70000F0B51D46036885B004460E461868012131
:10D7100017461BF0F6FC38B904F158001BF080F9ED
:10D7200048BB122005B0F0BD65B310220021684649
:10D7300014F022FC39462046FFF79EFE029018B3F3
:10D74000BDF82830ADF8043001238DF80C300F4AB5
:10D7500000946B46294628461AF0F6FF9DF80C30D7
:10D760005BB10298FBF702FB9DF80C302A4631466C
:10D7700020461BF09DFA0020D4E7029920461BF0BA
:10D7800089FAF8E70120CDE71120CBE73F8A0200B4
:10D790002DE9F0410E8A043EF6B2022E04468CB00A
:10D7A000084601D0102E76D104210C301AF022FA4E
:10D7B0000DF1040805884788011D324640461AF0DD
:10D7C0006BFA002869D085B377B3BD422DD8606865
:10D7D00001211BF096FC064678BB8DF8000042F64E
:10D7E000020369464046ADF802301AF027FA20B32A
:10D7F00042F6030306A940468DF81860ADF81A30CA
:10D800001AF01CFAC8B1012D03D14FF6FF739F42E5
:10D8100013D004F158001BF003F9002814BF0020B6
:10D8200012200CB0BDE8F0813D4601232A460821B4
:10D8300020461BF03DFA0020F3E7182200210DEBF3
:10D84000020014F099FB09212046FFF715FE08900D
:10D85000F8B101210C30CDE906481AF0A4F90023F3
:10D86000099003700A238DF82C300D4A06AB394617
:10D8700028461AF069FF9DF82C302BB10898FBF769
:10D8800075FA9DF82C30D1E7089920461BF002FA72
:10D89000D1E71120C5E70420C3E70E20C1E700BF90
:10D8A000A1CD00002DE9F0430F4687B004460621C4
:10D8B00007F10C001AF09EF90588B0F80280828802
:10D8C000D7F80C90C5B10023B8F1000F13D045452F
:10D8D00012D88DF800308DF8043001A94FF4205390
:10D8E0006846ADF80220ADF806301AF0A7F90646F2
:10D8F00060B10A2301E0454601232A46062120465D
:10D900001BF0D6F9002007B0BDE8F08301461422D1
:10D9100001A83F7C14F030FB07212046FFF7ACFD47
:10D920000290D8B10A238DF815300D4A019401AB4D
:10D9300041462846CDE903698DF814701AF004FFBA
:10D940009DF815302BB10298FBF710FA9DF81530B1
:10D95000D3E7029920461BF09DF9D3E71120D2E7C7
:10D960004DCE00007FB5CB681D885E88044685B12A
:10D9700076B1B5420DD810220021684614F0FCFAA9
:10D9800005212046FFF778FD019058B9112007E0E6
:10D99000354601232A46042120461BF089F9002040
:10D9A00004B070BD6B46094A0094314628461AF00F
:10D9B000CBFE029B23B90198FBF7D8F90A23E9E7CC
:10D9C000019920461BF066F9E9E700BF5F87020076
:10D9D00037B5002305460C46019313F0E5FB0C4BCD
:10D9E0001B68834204BF00252C4601A909482A462A
:10D9F000234612F059FC014640B9019B10221846FB
:10DA000014F0BAFA0346184603B030BD0023FAE713
:10DA1000442B00200013002010B50446806818B184
:10DA2000FBF7A4F90023A36021460248BDE810409B
:10DA30001CF0E2B8001300202DE9F34704467830CB
:10DA40000E4617461D461CF0F3FAE06D58B918480B
:10DA5000184A02211AF045FE204600F093F80020F3
:10DA600002B0BDE8F087144B98424FF0000805D192
:10DA70002068C4F85C801BF08FF8F0E7D0F80490C1
:10DA8000C0F80480E06DD0F80CA0FFF7C5FF206857
:10DA9000C4F85C801BF080F8B9F1000FDFD020687B
:10DAA000CDF800A000683B4632462946C847D6E775
:10DAB00088A902003FE70200482B0020F7B550F884
:10DAC000044C0546002C59D000F1A40104F12400B7
:10DAD0001AF08BFF2E1F05F15C0700220023384649
:10DAE00012F098FD024678BBAB6D2BB101466FF08A
:10DAF00067033046FFF7A0FF002345F8043C05F11B
:10DB00005403BFF35B8F53E8001F21F0010143E88A
:10DB10000012002AF7D1BFF35B8F636A73BB04F175
:10DB20000C0600220023304612F074FD78B96668B6
:10DB300086B91348266021461CF05EF8286803B0B9
:10DB4000BDE8F04000F002BEFBF710F9C5E7FBF7B7
:10DB50000DF9E6E7A26833686360964208BFA360E8
:10DB600077683FB1F3680093002320681A466FF08E
:10DB70006701B8473046FFF74FFFD8E703B0F0BD65
:10DB8000AC12002030B5054689B055F8043B044678
:10DB900018681AF061FC6946FEF7DAFF2846FFF7BD
:10DBA0008DFF606813211AF010FC034620B1034A70
:10DBB0000348012119F0DFFC09B030BD56E702002F
:10DBC00088A90200B0B5044688B054F8783D00AF8B
:10DBD00018681AF041FC3946FEF7BAFF6D4688B066
:10DBE0006A460B4BC2E905374FF400739383094B28
:10DBF00042F8103F00234FF4E2510748F8F7A4FC25
:10DC00002046AD46FFF7BEFF2037BD46B0BD00BF82
:10DC100074E702000300000188A90200F8B51D4660
:10DC20000F461646FBF702F8044C182303FB00408E
:10DC3000C0E903760123C3800575F8BDFC2A0020E6
:10DC400010B5074C2378834208D10722601C14F0DA
:10DC5000E3F800280CBF2046002010BD0020FCE7A0
:10DC6000B64B00202DE9F04180460F4616461D4672
:10DC7000FFF7E6FF0446A8B91149FFF7E1FF0446A4
:10DC800030B9BDE8F0410F4A0F4801211BF002B93D
:10DC9000034603F8018B3A68C0F80120BA889A80DD
:10DCA000BA799A71228963891AB92BB9268165815B
:10DCB00004E0964238BF26819D42F8D8BDE8F08145
:10DCC00066D60200A7E70200C8A902000C48BFF30D
:10DCD0005B8F50E8003F23F0020340E80032002A47
:10DCE000F7D1BFF35B8FBFF35B8F0368BFF35B8F2D
:10DCF000DB0704D500220023303812F055BF7047EF
:10DD00009021002008B50346034A0448022119F077
:10DD100032FC6FF00D0008BDC6E70200C8A9020082
:10DD20001FB51046074A19464FF42813CDE90223C0
:10DD300008230093BDF818206B441BF0FBF805B0D6
:10DD40005DF804FB180028002DE9F041284B164629
:10DD500082689A42074602D1C46863897BBB01206E
:10DD6000BDE8F081FDF7CEFFE36800216181002B63
:10DD7000F5D038469847F2E706F17008307A414608
:10DD80001AF08BF888B91B4B9C4202D130461BF02D
:10DD9000A6F8194B1A68C4F801209A889B79AB71D0
:10DDA0000023AA8023702381DEE7336FC4F801309B
:10DDB000B8F80430AB8098F80630AB71D4E723890B
:10DDC000002BD1D02546304615F8011B2A461AF003
:10DDD0001CFB0028D0D120782946FEF703FB002841
:10DDE000C2D0837A072BBDD1FDF78CFFB7E700BF08
:10DDF00029DE00007C0E002066D6020010B54B1C08
:10DE00000C4630B109781A461AF0FFFA40B12046A4
:10DE100010BD04490722184613F0FEFF0028F6D073
:10DE20000020F5E766D602002DE9F8431E46BDF84E
:10DE30002030D1F80C8081460F46002B50D1731E44
:10DE4000012B50D8012E4146157818BF1588FFF7D1
:10DE5000D5FF0446F0B915B93046BDE8F883414610
:10DE6000FFF7CCFF044638B92048214A02211BF0B5
:10DE700011F86FF01000F0E7D9F87030C0F80130F9
:10DE8000B9F87430A0F8053099F87630C37199F874
:10DE900008300370D8F81030B3B92581B8F80A30CB
:10DEA000AB4203D0414638461AF0F6FF002DD3D1DD
:10DEB000104B25701A68C4F801209A889B79A4F841
:10DEC0000520E3712581C7E72A4639464846984729
:10DED0000028C2DB01380128DFD96FF00D00BCE754
:10DEE0006FF00600B9E76FF00C00B6E7C8A90200B2
:10DEF000EEE7020066D6020010B4194ABFF35B8F4A
:10DF000052E8003F43F0010142E800100028F7D139
:10DF1000BFF35B8FDB0721D4BFF35B8F52E8003F79
:10DF200043F0020142E800100028F7D1BFF35B8FF5
:10DF300013F0020307D10B480B4902880B4CA14296
:10DF400006D303B102800A490A4810BC1CF064B829
:10DF50004B681A4492B208310123F0E710BC7047B5
:10DF6000702B0020C24B002070A9020080A9020083
:10DF7000EDE30000602100202DE9F041034648B1A7
:10DF8000008A38B91249DFF84CE001244FF0140C34
:10DF9000714501D3BDE8F081D1E90076BB4204D3DD
:10DFA0000CFB0672143A93420ED93444A2B20831E3
:10DFB0001446EDE70CFB0578434507D0013562199F
:10DFC000B54292B2F6D1F2E70025F8E71046E1E754
:10DFD00070A9020080A902002DE9F74FBDF830506A
:10DFE000009199464FF6FF73002D08BF1D46244B44
:10DFF0001B888342074690463CD203B0BDE8F08FB1
:10E0000073682344BB4232D29CB208361D4B9E42F9
:10E01000F6D3F2E789580193404619F00FFE019BB1
:10E0200090B101340AF1010AA4B273685345ECD9E6
:10E03000009B9C42E1D8BC423168F2D30BFB0AF250
:10E040008B18B8F1000FE5D1B9F1000F0BD1013DEC
:10E05000ADB218460E9A0D9B21469847002DCCD0A4
:10E060000028DED1C9E7DA689145DAD1EFE74FF051
:10E07000000ADAE7044E01244FF0140BC6E700BF94
:10E08000C24B002080A9020070A9020007B500233E
:10E090000193FFF771FF411C89B20846034A01ABA7
:10E0A0001BF006F8019803B05DF804FB598E0200DE
:10E0B0002DE9F04387B0837A072B02AF80460C46E8
:10E0C000164640F0A58000233B7342F60303206808
:10E0D000FB8107F10C0119F0B1FD0546002834D190
:10E0E000D4F80490B9F1000F05D14C4A4C480121F5
:10E0F0001AF0D0FE8CE00123009007F108022146BF
:10E10000C847031E11DA6E4688B002AA4549D3619A
:10E110000423C2E9051442F8103F41482B464FF44E
:10E120000151F8F711FAB54672E0012B05D03E4ACD
:10E130003B48012119F01FFA6AE03B7A13F0300FD7
:10E1400066D02046FFF7A2FF0446002320683B73F9
:10E1500042F60213FB8107F10C0119F06FFD18B1B3
:10E160002046FFF793FF0446002542F60219206877
:10E170003D703946A7F8029019F060FD10BB0023EE
:10E1800020683B7342F60213FB8107F10C0119F082
:10E1900055FD054600283BD1D4F80490B9F1000F95
:10E1A000A3D00090022307F10C0221464046C84745
:10E1B000031EA8DB022BBAD1BB891E4214BF01206B
:10E1C000002026E020683D7142F60303391DFB80E4
:10E1D00019F034FD0028D2D04FF4205320683D724E
:10E1E0007B8107F1080119F029FD0028C7D042F60C
:10E1F000010320683D73FB8107F10C0119F01EFD3E
:10E200000028BCD02046FFF741FF04460028AED1CD
:10E2100000201437BD46BDE8F08300BF08E80200C7
:10E22000C8A902001CE8020042E802002DE9F843F8
:10E2300089465168B1F8128018F0940807461546CF
:10E2400009D0284A284802211AF024FE4FF0FF3551
:10E250002846BDE8F8830222FFF72AFF38B9234A8F
:10E26000214802211AF016FE6FF01505F0E74FF471
:10E2700070200021AE8AFFF7ABFB0236044688B15E
:10E280001B4B4360C56032461D213846FFF7C2F87C
:10E29000064650B91448174A02211AF0FBFD2046E1
:10E2A000FFF7BAFB6FF00B05D2E701234246414668
:10E2B000FFF7B4FCA98A06F10C00023119F073FCD7
:10E2C00020F8029BAA8A2969F1F7DAFFA6602146A5
:10E2D00038461AF0A4FD05460028B9D02046FFF7BD
:10E2E0009BFBB5E75BE80200C8A9020071E80200E9
:10E2F0005F8E02009CE8020030B5394BBFF35B8FA4
:10E300001B68BFF35B8F5A078BB004460D4661D57F
:10E3100010B1837A072B60D168680590FFF72CFE57
:10E320002A68ADF818003AB305A902912D49019168
:10E330000121002300914FF6FF710593FFF74CFE7A
:10E34000059B1BB96FF001000BB030BD6B60059BE6
:10E35000186800238DF8103004A942F60303ADF8C5
:10E36000123019F06BFC70B90598C3689B799B0655
:10E3700005D46FF01500E7E70028E8D1E2E71AF0CE
:10E3800050FEADF81800BDF818003CB1012301465D
:10E39000AB752A462046FFF749FFD5E76FF07F03AC
:10E3A00007930223ADF8203042F60213ADF8123085
:10E3B00005ABAC7502930C4B01930123009304AAA7
:10E3C00023464FF6FF7109958DF81040FFF704FEC4
:10E3D0000798B9E76FF00A00B6E76FF07F00B3E780
:10E3E000440600208D8E0200F1E5000013B550F8C0
:10E3F000082C01920346A0F1200100F13004BFF384
:10E400005B8F54E8002F22F0010244E8002000282E
:10E41000F7D1BFF35B8F114A43F81C2C104A43F825
:10E42000182C01AA002043F8102C042223F8080C11
:10E4300023F8060C23F80C2CFFF75EFF58B9BFF346
:10E440005B8F54E8003F43F0020344E80032002AA7
:10E45000F7D1BFF35B8F02B010BD00BF38AF020031
:10E46000CDDC0000F8B5334B156882689A4200AFE6
:10E4700004461FD1C6683389721CDBB13178284647
:10E4800019F0C3FFB0B14FF49572214628461AF037
:10E490001AFE032811D16D4688B06A46264BC2E9A0
:10E4A000053442F8100F254800234FF4C451F8F703
:10E4B0004BF8AD460120BD46F8BD314620461AF066
:10E4C000EBFC1F4B9E42F5D1287A05F17001FFF756
:10E4D000B7FB04460028EDD0038913B94389002B0C
:10E4E000E8D02846FDF758FD164A238922F8203047
:10E4F00002EB8003618959801349144C182303FBF4
:10E50000001300B202EB800200EB40005C601A6175
:10E510000F4C9C60042201EBC00128469A82FFF751
:10E52000EBFE0028C6D00B4A044801211AF0B2FCC9
:10E53000C0E700BF29DE0000C3E80200C8A902004E
:10E540007C0E0020B24B0020582B002038AF020078
:10E55000C98E0200D7E80200F8B50F4651684B8A11
:10E5600003F09403064614463BB11D481D4A0221A0
:10E570001AF090FC4FF0FF30F8BD0122FFF798FD34
:10E5800038B91748184A02211AF084FC6FF01500B8
:10E59000F2E7A2891B2102323046FEF73BFF054617
:10E5A00038B90F48114A02211AF074FC6FF00B00C1
:10E5B000E2E7A1890C30023119F0F5FA20F8027B6C
:10E5C000A289A168F1F75CFED4E904122846012370
:10E5D000FFF724FB29463046BDE8F8401AF0F2BBAD
:10E5E000C8A902005BE8020071E80200F4E802003A
:10E5F000F8B53E4B144682689A42074601D0012086
:10E60000F8BDC6683A4B9E4256D03289A3899A42D9
:10E6100006F10101F3D13078FDF7E4FE054600284C
:10E62000EDD0837A072B05D0FDF76CFBE7E7FDF70C
:10E6300069FBEAE7736923B13946984708B9284668
:10E64000F2E77B8A13F0940705D02A4A2A48022170
:10E650001AF020FCF3E7A389022B14D1338913F0BD
:10E66000020604D12846FDF74DFBA660C7E72269E4
:10E67000A1882846FFF7DAFD0646A8B92269937DEE
:10E6800001339375EEE7012B04D02846FDF73AFBE2
:10E69000A760B4E7338913F00106E3D02269A188AB
:10E6A0002846FFF759FF06462846FDF72BFB002EAC
:10E6B000A660A4DA0020A3E7104D114907222846DE
:10E6C00013F0AAFB0028A0D015F8010C0722294658
:10E6D000FDF7DAFE0028AAD1236915F8010C1A69A2
:10E6E000294653881288FFF7BDFA8EE729DE00001D
:10E6F0007C0E00205BE80200C8A90200B74B002096
:10E7000066D6020007B5064A00906B4601204FF618
:10E71000FF718DF804001AF0CBFC03B05DF804FB28
:10E7200065E40000F8B5084B1C6805460E46174620
:10E730004CB154F8043C043C1BB13A4631462846DF
:10E7400098476468F4E7F8BD742B00200346034A39
:10E750004FF6FF7101201AF0ABBC00BF49DD00008D
:10E7600080B500AF88B06A46074BC2E90530032385
:10E7700042F8103F054800234FF4C251F7F7E4FE7A
:10E780006FF00B00BD4680BD2CE90200F0A902002D
:10E79000044B1A680AB1FFF7E3BF034858600B60E7
:10E7A000104670477C2B0020ECAF020000F1070CF4
:10E7B0002CF0030C10B4541E1860A4B2ACF8002066
:10E7C000023A93B201FB04F24FF0000C40F802C091
:10E7D00074B103FB011403FB01F22044121B4FF63A
:10E7E000FF7C013B9BB263458050A0EB0100F8D158
:10E7F00010BC70470346006810B102680AB91A607D
:10E80000704700F1070C2CF0030CD11DBCF800C0C0
:10E8100021F003010CF1FF3CA1F800C0EFE700BFBD
:10E820000B687BB1073323F003031A88013292B2DD
:10E830000346D1F800C043F807CB23F003031A8046
:10E84000086070470122F3E702FB0100704700BF38
:10E85000401A90FBF2F080B2704700BF531E114483
:10E860009BB242B1DB430138CA1811F8013D00F8F0
:10E87000013F9142F9D17047014402E010F8013B99
:10E880001BB98842FAD1002070470120704700BFB1
:10E8900010600860704700BF0A6803460068904235
:10E8A00005BF00220A6000201A607047D2F800C03D
:10E8B000CCF80000D2F800C0CCF80410106070470B
:10E8C000884203D01AB14368136070470020704734
:10E8D0000B68834209D02AB1586810601A680A6030
:10E8E00018467047002BF9D1FAE70023F8E700BF7C
:10E8F0002DE9F041DFF830800C4E0C2706F1300492
:10E900004546221D214628460C3CFFF7C1FFA64282
:10E91000A5F10805F5D1043F3B1DA8F12008A6F19B
:10E920003006EBD1BDE8F0814C2C0020D82C002023
:10E9300010B403468C469AB101EB4101144803EB35
:10E940004304090101EB84010144487A0C7AA04296
:10E9500004BF0130087210BC614618460DF0AEB815
:10E9600001EB41020A4C120100EB400302EB83036E
:10E9700023449C7ADA7AA24201D010BC704701325B
:10E980009A72044B01225A5410BC0DF0EFB800BF2C
:10E99000542C0020D02B0020F8B506461C460D460E
:10E9A00002B322786378D21A12F003023AD1274FC9
:10E9B00071004FEA450C3144AC44890001EB0C1165
:10E9C00001330431DBB27A18606823702146FFF707
:10E9D0006DFF1F4B0122294630465A550DF0C6F8EF
:10E9E0000020F8BD0DF0ACF80028DAD029463046FA
:10E9F0000DF084F80028D4D005EB450206EB460163
:10EA0000124F6378120102EB81023A447100907A4E
:10EA1000D27A90424FEA450C0CD02078C01A10F000
:10EA20000302C8D0012A03D00133DBB22370D0E740
:10EA30001046F8BD2278D21A920702D00233DBB218
:10EA40002370D4E902039847CAE700BF542C002082
:10EA5000D02B00202DE9F04FDFF8649119F8003039
:10EA600089B0002B5AD0DFF85CA13C2204234FF080
:10EA7000000B00EB400712FB00330324CDE904BB7D
:10EA800009F800B00AEB0717039302948346B846CF
:10EA90000023B96A58F8240F079307AAFFF710FF5D
:10EAA000044607AAB4B1079D2E786978761A06F055
:10EAB0000306012E35D02B78591A01F003010129E4
:10EAC000DBB23DD1D7E90901FFF7FAFE044607AAF8
:10EAD000002CE8D197F82E3097F82F209A4203D0D7
:10EAE00087F82F300123049397F82C3097F82D20C6
:10EAF0009A4203D087F82D3001230593029B5D1EB7
:10EB0000EBB2FF2B0293A7F10C07C0D1049AD846B1
:10EB1000DDF814B012B1BBF1000F45D009B0BDE86B
:10EB2000F08F01396970079BD3E902039847079D6D
:10EB30002A786978D3B2521A02F00302012A21D04E
:10EB4000B86A019300224146FFF7C2FE6C60019B48
:10EB50006A786B702B789B1A03F00303012B08D0A3
:10EB6000D7E9090107AAFFF7ABFE012E044698D1A9
:10EB70000EE0039B6A70294620460AEB0302FFF76A
:10EB800095FEEDE7D7E9090107AAFFF799FE0446CC
:10EB9000029B8BB101235946584609F80B300CF003
:10EBA000E5FF09B0BDE8F08F5A464146404609B03E
:10EBB000BDE8F04F0CF082BF002C8BD0EAE700BF1D
:10EBC000D02B0020542C00204B1EDBB271B1411E13
:10EBD00000EB030C002011F8013F23B15A1E013055
:10EBE0001340C0B2FAD16145F5D17047084670476D
:10EBF00030B5037E0568FF2B14D003EB43028B4234
:10EC000005EB021227D04FF0000C01E099420BD027
:10EC10009E4613789468FF2B03EB4302A44405EB54
:10EC20000212F3D1002030BD714517D00FFA8EFECD
:10EC3000137890680EEB4E0E4FEA0E1EFF2B05F870
:10EC40000E3006D003EB430305EB03139A6802442E
:10EC50009A60604430BD9E464FF0000C13780376F6
:10EC6000E4E700BFA2EB010C1CF4000F10B48368B2
:10EC700044690AD12CF07F4C6344A3420DD8E41AB6
:10EC800000234461836010BC7047891A21F07F41E2
:10EC90008B4208D95B1AA342F1D91B1B00244461A3
:10ECA000836010BC70470C44E41AE9E72DE9F8438F
:10ECB000284DBDF82C7004464FF02C0E0EFB045E60
:10ECC000084604EB840104EB4104DEF8041001EB78
:10ECD000C00605EB8405F47811F83080717804F1F2
:10ECE000010C5FFA8CFCE04598BF4FF0000C6145C9
:10ECF0002DD0716804EB44044FEA041901EB0414AD
:10ED00004FF0040801F809806360089BA360099B29
:10ED1000E3600A9B23610C9BA361119B63620D9BC3
:10ED2000E3610E9B23620F9BA362109BE3620223AD
:10ED30006270A782A37086F803C0DEE908369847A0
:10ED40002B4641460022B047A078BDE8F883012059
:10ED5000BDE8F883142D00202DE9F04F0346407ADA
:10ED6000D3E9004587B0002800F0FD80421ED2B2F2
:10ED700005EBC2029A468B46039205952346039AF9
:10ED8000516856780491BBF1FF0F66D00BEB4B0432
:10ED90004FEA0418CDF804B013F808B003EB0414DC
:10EDA00000254FF0FF0C84F800C0DAF800709AF8E4
:10EDB000182007EB08096245D9F8081018BF029619
:10EDC0000ED1CAE0091A06D1B9F81E80BEF81EE0BD
:10EDD000F04500F2B680B85DFF2894466DD002463B
:10EDE00002EB420607EB061E3601DEF808008842F9
:10EDF000E8D9029EC9F80810BCF1FF0F89F800207D
:10EE000064D00FFA8CFC0CEB4C0C4FEA0C1C0198F4
:10EE100007F80C00FF2A06D002EB420207EB0217AC
:10EE2000BA68521ABA60A27801326270002DAAD074
:10EE3000AA6A4FF000012970A97022B1E96A019312
:10EE400000209047019B6268002A9CD1AA6A226236
:10EE5000EA6A6262BBF1FF0F98D1039A049F92782D
:10EE6000994606EB4601701CB2424FEA011CC6B23D
:10EE700007EB011568D0039B17F80C101878B04207
:10EE800008BF00260429ECD16A7802EB420809EB9E
:10EE90000814012094F801E0A1788E454FEA081883
:10EEA00018D04FF0000307F80C30AA6AA8700AB116
:10EEB000E96A9047039B9A78D3E70246BCF1FF0FBB
:10EEC000029EC9F8081089F800209AD101988AF8A2
:10EED00018009FE70192AA8ADAF814104FF6FE7024
:10EEE00082424B4607D04FF6FF70121AB2FA82F2F6
:10EEF000520984F82C206A6AA262EA6862602A6970
:10EF00000293002363622262AA8A4FF6FD70824256
:10EF100088BF1A46A283AA69A261EA69E2602A6AE6
:10EF20002261AA68A26063616A682046FFF79AFEC0
:10EF3000E2784FF0000342F00102E383E270029BAB
:10EF40002FE7029E014655E70399059881424B46FB
:10EF5000A1F1080207D0039211E707F80820019AEF
:10EF60008AF818205FE707B0BDE8F08F2DE9F04F71
:10EF7000447E01238FB08376002C40F0B380037E63
:10EF8000FF2B814600F0AD800CF040F9D9F8142039
:10EF9000D9F81C3099F81880D9F800A0801A20F010
:10EFA0007F45AB4294BF00230123B8F1FF0F0493C8
:10EFB000A34675D0059408EB48080AEB08144FEAFD
:10EFC0000818A368AB426AD8A0781AF80880ED1A2E
:10EFD0009B4463781B1ADBB2012B5DD1A26AA36943
:10EFE0000393002A00F0ED801668002E7DD0002BE0
:10EFF00040F08E80049B002B00F0088104230393D3
:10F00000137A590700F0F780137A6FF30203137233
:10F01000E78B94F82C207B1C9BB2E383002A73D0EF
:10F02000A28B9A4270D2A26A002A00F04881137A19
:10F0300003F00703012B67D00126002051685060C0
:10F04000A36A1A7A60F302021A72A078E76801389C
:10F05000A0700FB36369D9F8142094F803C0ABEB28
:10F060000303134423F07F40626A23690CF0010C10
:10F07000002E40F0B780B4F81EE0CDE900C373461F
:10F08000B847039BE683002B049B18BF012304931E
:10F09000E37866F30003E370B8F1FF0F8BD1059CB2
:10F0A00099F80B3099F80A209A4208D10132D2B26D
:10F0B000022A1ABF14462346002389F80B4009EBA5
:10F0C00083030022C3F80CB0D9F8244089F81A2031
:10F0D0004B46012204210320A4460FB0BDE8F04FA7
:10F0E000604784760FB0BDE8F08F039B002B66D09D
:10F0F000049B002B88D1D9F81C305B4584D8B8F12B
:10F10000FF0F11D1049E98E7A378013BA370C3E7DA
:10F11000049B002B7FF474AFD9F81C309B45FFF49F
:10F120006FAFB8F1FF0F47D0039BE78B07939C4667
:10F13000A38B6668DDF81CE0BB429CBFFB1A99B24A
:10F1400008EB480388BF39460AEB031301FB06614D
:10F15000069199688E452DD3CDE90C70CDF82CC061
:10F16000DDF81CC0CDF81C90DDF80C90CDF828809F
:10F17000CDE9085B8E46A346B0461446986A9A6964
:10F1800010B1006800284FD1002A4DD11B78FF2B09
:10F1900007D003EB43030AEB031399688E44E6455B
:10F1A000ECD92246DDE90A8C5C46DDE9085B0D9866
:10F1B000DDF81C90CDF80CC0002A00F097800026E6
:10F1C0003BE7039BA3B1049B002B7FF421AFD9F84D
:10F1D0001C309B45FFF41CAFB8F1FF0FA4D104997C
:10F1E0000E4633E7CDE900C34FF6FF73B84753E748
:10F1F000039E00212AE7A08BE18B88423FF604AFF3
:10F20000012161F302031372E78B02E7D9F81C3086
:10F210005B453FF6F3AEB8F1FF0F53D04FF0040C4F
:10F22000E78BCDF81CC083E7DD8B9F8B5E68BD420A
:10F230002AD2002E41D1002CA8D0304626682EB10B
:10F24000B9F1000F02D1724496423FD2BD429DD324
:10F25000DA789BF8031002F0010601F00105AE42D6
:10F2600004D84A40D50791D400288FD02246DDE942
:10F270000A8C5C460C9FDDF81C90DDE9085B002AD7
:10F2800032D1CDF80CC0C4E69EB1E81B80B2B8F113
:10F29000000F0AD000FB0660401A069981422CBF7D
:10F2A00000200120002CC9D1D0E74046002CC5D158
:10F2B000CCE7002CC1D12046CAE72846E7E7A07872
:10F2C000012696E70423049E0393B6E62246DDE971
:10F2D0000A8C5C46DDE9085BDDF81C90CDF80CC0BB
:10F2E000002E3FF491AE8BE61668F7E716461146FE
:10F2F000ACE600BF2DE9F04F8FB0837E0090002B6D
:10F3000040F0A982437E0C93002B7AD10098837A37
:10F31000C27A012141769A424169079100F00E8438
:10F320000133DBB2022B00990ABF0C9A1A4613462E
:10F3300001EB82028B72D268079B0592134423F083
:10F340007F434B6101230B93009C267E0BF05EFFF5
:10F35000677A236801937B1E65680490DBB2002FF7
:10F3600000F0FB8405EBC30A0027FF2303930D96EF
:10F370000897DAF804B04FF000092F469AF8030016
:10F380009AF802800FFA88F404EB440408F10103B0
:10F3900040454FEA0416DBB20BEB041400F0108179
:10F3A0009AF800209A4208BF00238AF802301BF81E
:10F3B00006206178042A3AD9019801EB410300EB59
:10F3C0000315082A4FEA03130293A8786B7822D812
:10F3D0001B1A13F0FF032CD1062A1CD1009BDB7EE5
:10F3E0008B4251D00BF80690A36A84F80290002B50
:10F3F000C4D00020E16A98479AF803009AF8028086
:10F40000C0E7446A0421034601220420A4460FB049
:10F41000BDE8F04F60470BF806904FF00103A37072
:10F42000A36A002BAAD0E16A01209847A6E7984674
:10F43000A8E7052A1FD162684AB9A2683AB9E2680A
:10F440002AB922691AB9626932F07F42E3D0012BEE
:10F450001CD0009B04215C6A3D4601220846A0475F
:10F460000123AA4508938AF80280AAF1080300F054
:10F47000AD809A467DE7012B00F0A381062AE8D1F2
:10F48000009BDB7E8B42ADD16168BCE1DDF8008082
:10F490004046FFF7ADFBA860D8F81410049B059A0E
:10F4A0005B1A23F07F431344984240F2C481C01A90
:10F4B0006B68002B52D0A38A002B4FD0013B9AB22D
:10F4C000A282D5F804C0EB8B604523D90CF101086A
:10F4D000069709911AE06A6ADFF810E284499644B7
:10F4E0008E4584BF02F1E87202F5D4324746296A9C
:10F4F00094BF674602F5A572013BC01B521A9BB22E
:10F5000060456A62EB8340F21D82A28A9342E2D890
:10F51000069F0999934220D2CDE909710CF10102AD
:10F52000D5F820E006926A6ADFF8C081704972441B
:10F5300090448845674606D8A2F1E872A2F5D43215
:10F54000069FA2F5A57201339BB26A62EB83A28A81
:10F550009A423844E7D8DDE90971AA836368034415
:10F56000AB60A2686B69A86A13446B6128B1036839
:10F570001BB1D4E901329B1A4360049A2846FFF775
:10F5800071FBE268AB691344AB61226993428CBFA3
:10F590009B1A0023AB61A37D1BB1EA7863F30002E1
:10F5A000EA70E37D13B1013B85F82C30DDE90121E0
:10F5B000039B53546B786278039201336B7011E7AD
:10F5C0003D46AA45AAF108037FF453AF0D9E089F5C
:10F5D00000990B9B91F818B0BBEB060518BF0125ED
:10F5E000002B00F0B881049B079AD1F800809B1A89
:10F5F000BBF1FF0F23F07F495DD04FF0000A089662
:10F60000CDF804A00695C2460E46C846DDF8149013
:10F6100005970BEB4B050AEB05142D01A2684A4533
:10F6200000F27183019BA178E08B1344019363780E
:10F630005B1AF1698A4234BF891A0021A9EB0209D9
:10F64000A8EB020824BF4FF0FF32F276F161A16A05
:10F65000DBB2002900F06C810A68A769002A00F07B
:10F660005481002F40F05481022B00F04783002288
:10F67000A2601AF8052032766168002940F00B81FB
:10F68000A26A2AB1127A02F00702012A00F0E6808B
:10F690003BB1012B00D020B1236A13B1616A012074
:10F6A0009847A378637096F818B0BBF1FF0FB0D1FC
:10F6B000069D089E059F009C0B9B03995E4518BF05
:10F6C0001D462046FFF748FBCDE90156D4F800B0AF
:10F6D00003974FF0000C009B197EFF29084600F0AD
:10F6E0007C830D464FF0FF0905E000BF5A2B17FF42
:10F6F000592B177F1D462BB203EB43030BEB03166D
:10F700001B01B26A2AB1147A04F00704012C00F03C
:10F7100019821BF80330FF2BA946EBD1DDE9015616
:10F72000039FBCF1000F00F01C818E4200F00483A7
:10F73000002F00F045810846FF2800F05A83FF2E75
:10F7400000F04283DDF800A0DAF8003000EB400062
:10F7500003EB0013D3F808B0BBF1000F00F0E88210
:10F760000BF054FDDFF84482914F924E0A25024679
:10F77000DAF814300192D11A21F07F418B4505F15E
:10F78000FF3501F103015CD959452CBF5B185B447F
:10F7900023F07F494846DAF8283098470BF036FDC9
:10F7A000019AA9EB0203821A22F07F42033223F06E
:10F7B0007F439A42044646D9002D00F0E680224657
:10F7C000D6E7062A3FF40AAEDDF800804046FFF790
:10F7D0000FFAAB78A8606B7098F81B2063789A4298
:10F7E0007FF400AE1BF80630062B3FF44DAE009AB6
:10F7F000FF23D3761BF80630062B3FF445AE082BCB
:10F800003FF442AE0499009B5A698B1A1D0209D439
:10F81000059A23F07F4313440099CA699A4288BF2E
:10F82000CB61DFE5059B521A22F07F4293428CBFE9
:10F830009B1A0023F0E76A6913441B1A6B610020CE
:10F8400036E601230C93009A00235376937E0C9A9C
:10F850001A4340F095800FB0BDE8F08FA378C4F84C
:10F8600008906370079B019A71699A1822F07F4291
:10F870002046FFF7F7F9039B0AF805306378CDF8C7
:10F880000CB00133DBB2637096F818B0BBF1FF0F18
:10F890007FF4BFAE0CE7A36A23B11B7A03F0070322
:10F8A000012BDBD0B4F81EC0BCF1000F4ED1B4F870
:10F8B0001CC0E646481C0290D4E908730022049458
:10F8C000704604E001388E46441C724412D0DFF8C2
:10F8D000E8E03A4C3B449E44A645F3D8DDF808E006
:10F8E000A3F1E8730138A3F5D433441CA3F5A57341
:10F8F0007244ECD1049C94F82C006362002800F060
:10F90000F380A260A4F81EC0ACE7002F3FF4AFAEB6
:10F91000022B7FF4ACAE00287FF4A9AE0A7A02F085
:10F920000702012A3FF4A3AEF76186F81BB09EE6FA
:10F93000A769002F3FF49BAE022B7FF498AE0028FE
:10F94000F2D094E6069F0999A28AE3E5A378637052
:10F950004FF0000EAEE7009C03992046FFF7FCF93C
:10F96000217E8E427FF4E4AE002F00F00F82009BD8
:10F97000002D40F06E825D769B7E002B3FF46BAFD6
:10F98000009B01225C6A03213FE540F65B4342464F
:10F990003946304617F0FFF885F31188BFF36F8FB3
:10F9A0000323184602DF2246E2E600BF14B002003D
:10F9B0001CB302007CB002005A2B17FF592B177F93
:10F9C000009B5A7A5C68531EDBB20125002A3FF483
:10F9D000B2AECDE9075604EBC30301930694019B35
:10F9E0005E78DA785B68B24218BF1D4667D036B2DF
:10F9F00006EB4606330105EB0616EB5C012B49D0FE
:10FA0000022B51D1D6E901C133699CF80040D6F8E8
:10FA10000CE00593009BDEF80080D3F80090586955
:10FA2000FF2CD6E905AB02D00B68834256D0009B71
:10FA30004FF000081C7E0860FF2C27D0CDE902564D
:10FA4000CDF810C05646F24609E0BA684244B047C5
:10FA500088B919F80540BB68FF2C984438D004EBEE
:10FA6000440509EB05172046B9695B462D01002EB8
:10FA7000EBD10029EDD00599DDF810C0BB68DDE9B8
:10FA80000256D64609B17A6A0A6098448CF800405A
:10FA9000CEF80080B36A4FF00002B27013B1F16A81
:10FAA00000209847019BDA7801994E780B7801364F
:10FAB000F6B2B34208BF0026B2424E7097D1019A07
:10FAC00006998A42A2F1080300F0D180019386E7EB
:10FAD000DDE90256DDF810C0D646D7E704EB440452
:10FAE000230119F80340A7E790457FF60AAF864641
:10FAF000481C0290029C0995704605E08E467244AF
:10FB00000130904580B212D9DFF8A4E2A94D3B4400
:10FB10009E44AE45F2D8A646A3F1E8737244A3F51D
:10FB2000D43301309045A3F5A57380B2ECD8049C82
:10FB3000099D636260441FFA80FCE2E60C9B0B9314
:10FB4000059301E4B1681C461346002940F0088182
:10FB5000D6F81880B8F1000F15D11A68002A40F0C5
:10FB6000F880954A9549964840F6BD1317F013F86A
:10FB7000002383F31188BFF36F8F0323184602DF3E
:10FB8000B26A4FF00408009BDB69191D53680493A7
:10FB900018461368984280F0C080A3EB000C1BF855
:10FBA0000430FF2B00F0B980C445C0F0B6804FF0A0
:10FBB000000E0595C24677460D46CDF818903AE0FE
:10FBC000A7F10409F144E14528BFE14608EB05002F
:10FBD00084450DD3D1450BD3B06900283DD0107AB0
:10FBE00000073AD4B9EB080002D0A84280F028817F
:10FBF000886A20B1007A00F00700012827D08869C0
:10FC000028B3496819B3B169BE44043000EB0E054E
:10FC100009B3107A0007ACEB080103D58D4294BFFD
:10FC2000294600211BF803300027FF2B22D008EBC8
:10FC30000E0AD4451ED303EB43030BEB03111B0148
:10FC400088680744042FBBD84FF00009BEE71BF8B3
:10FC500003300021E9E72946E4E7002DC8D0A9EBED
:10FC60000809A945C4D32946DDE9055904E0DDE9C1
:10FC700007567CE6DDE90559049B0B4453601BF8ED
:10FC80000400FF2818BF4FF0FF0E01D1C0E0184656
:10FC900003B203EB43030BEB031C1B01DCF80870FE
:10FCA0008F4280F0D1801BF80330FF2B8646A1EBFA
:10FCB0000701ECD1FF28B16015D0B9F1FF0F1BF897
:10FCC00004106CD00FFA89F303EB43031B010BF80C
:10FCD000031000B200EB400003011BF803100BF807
:10FCE00004100BF80350F38B013BF383137A0221CA
:10FCF00061F3020313724FF0010CECE400287FF46F
:10FD0000B6AC04270AE64B46D21A009BA260069DB9
:10FD1000089E059F93F818B0CDE4049B53601BF830
:10FD20000430FF2B08BF002172D00023B360DAE754
:10FD3000009B83F819B023E6002F7FF403AD009BEE
:10FD40005A7A5C68531EDBB2002A3FF4FBAC65466E
:10FD50003FE61A464FF0040815E7FF23039337E404
:10FD6000154A1849164840F6B51316F014FF00233B
:10FD700083F31188BFF36F8F0323184602DFD6F891
:10FD80001880B8F1000F0DD0B26AFCE6009B5A7AD9
:10FD90005C68531EDBB2002A7FF41BAEE7E5009BD4
:10FDA000197696E7B36A002B3FF4DBAED5E600BFC9
:10FDB0005A2B17FF592B177F14B002009CB002007A
:10FDC0007CB0020054B002000BF020FA04460BF0A5
:10FDD000E5F9009BC8B1187EB4E4DDE90156039F44
:10FDE000BCF1000F3FF4BDADFF2E13D0002F3FF448
:10FDF000E7AD0BF0E3F90446B8B1009A002353765F
:10FE0000937E002B7FF4BCAD25E5187E5C6199E400
:10FE1000B16068E7002FECD1009B5A7A5C68531EF2
:10FE2000DBB2002AE5D06546D3E5009DE8610BF022
:10FE3000EDF96C766861AB7E002B3FF40CAD9FE56D
:10FE4000DDE90559014617E77F1ACCF808707046BE
:10FE500030E7187E70E400BFF8B5069E9DF81C5090
:10FE6000089CB8B9144F3A605A1E39727B727E6092
:10FE7000D2B273B106EBC2025460114612F80839CF
:10FE80008E4203EB4300A5EB030304EB0014DDB249
:10FE9000F2D10DB10120F8BD099B3B620A9B7B6248
:10FEA000FF240B9BBB623C760BF0B0F97D8178613F
:10FEB000FC76FD612846F8BD142D002010B40A4BD5
:10FEC0002C2202FB0032546A5CB100EB800200EB92
:10FED000420003EB8003A446012210BC0321022050
:10FEE000604710BC704700BF142D002010B58AB0C9
:10FEF0000C9C00940D9C01940E9C0294BDF83C4017
:10FF00000394109C0494119C0594129C0694139CD9
:10FF10000794149C089400240994FEF7C7FE0AB0C5
:10FF200010BD00BF10B4BDF81040049410BCFEF723
:10FF3000BDBE00BF2DE9F84F294DBDF834609DF8D6
:10FF40003880044608462C2101FB045104EB840749
:10FF500004EB470405EB84054C6804EBC00E14F871
:10FF600030909EF803409EF8017004F1010C5FFA96
:10FF70008CFCE14598BF4FF0000C67459DF844901C
:10FF80002AD0DEF8047004EB44044FEA041A07EBAD
:10FF900004144FF0050B07F80AB063600A9BA360D6
:10FFA0000B9BE3600C9B23610F9BA362109BE3629E
:10FFB00002236270A68284F8168084F81790A370DA
:10FFC0008EF803C0D1E9083698472B460022042159
:10FFD000B047A078BDE8F88F0120BDE8F88F00BFDA
:10FFE000142D002010B588B00A9C00940B9C01943D
:10FFF0000C9C0294BDF8344003949DF8384004945E
:020000021000EC
:100000000F9C0594109C069400240794FFF792FF20
:1000100008B010BD2DE9F0411E4D064608462C21C2
:1000200001FB065E06EB860406EB4404DEF8046082
:1000300005EB840706EBC00516F83060EC786978AC
:1000400004F1010C5FFA8CFC664598BF4FF0000C80
:1000500061451BD0696804EB4404260101EB0414DC
:100060004FF0070801F80680A362069BE3620223B3
:100070006270A37085F803C0DEE9083598473B46F7
:1000800000220421A847A078BDE8F0810120BDE846
:10009000F08100BF142D00202DE9F0411F4D0646D0
:1000A00008462C2101FB065E06EB860406EB4404A1
:1000B000DEF8046005EB840706EBC00516F8306037
:1000C000EC78697804F1010C5FFA8CFC664598BF06
:1000D0004FF0000C61451DD0696804EB4404260113
:1000E00001EB04144FF0080801F806806360069BDA
:1000F000A362079BE36202236270A37085F803C0CA
:10010000DEE9083598473B4600220421A847A0783D
:10011000BDE8F0810120BDE8F08100BF142D002072
:100120000BF074B8401A20F07F407047014800215E
:10013000704700BF9F410100022801D00120704795
:1001400038B5044608461D4603F018FE10B10020DD
:10015000287038BD204638BD002303700B707047EF
:1001600038B5054600200C4603F016FA98B903F09E
:10017000EFFB10F0060F0ED13DB9084B44B12068DB
:100180001860A2889A80002038BD054B002CF6D15B
:100190001C609C80F7E70C2038BD00BF482D002074
:1001A000402D00200128034605D8044A0448002BAE
:1001B00008BF104670470020704700BF482D002040
:1001C000402D002001280AD8064A074B002818BFF6
:1001D0001346186808609A888A801846704700237A
:1001E00018467047402D0020482D002010B50446C9
:1001F00008F0CAFF78B909F035FCF8B90AF04AFAF4
:1002000000282ED10AF0FAFA00283DD12046BDE898
:10021000104010F031BA264A2649274840F65713B5
:1002200016F0B9FC002383F31188BFF36F8F03230B
:10023000184602DF09F016FC0028DFD01C4A1D49D1
:100240001D4840F65C1316F0A6FC002383F31188CA
:10025000BFF36F8F0323184602DF0AF01BFA002852
:10026000D0D0134A1349144840F6621316F093FC99
:10027000002383F31188BFF36F8F0323184602DF37
:100280000AF0BCFA0028C1D0094A0A490A4840F6D7
:10029000681316F080FC002383F31188BFF36F8F7F
:1002A0000323184602DF2046BDE8104010F0E4B9F1
:1002B000F4B0020030B102007CB0020008600148D6
:1002C00010F0DAB9F831002010F0D6B92DE9F84F66
:1002D00089462A4D99F8003095F84010072B88BFC1
:1002E0000B469A423ED05C1CE4B29246082C35F88C
:1002F00033200280834608BF002405EBC303002699
:1003000001274FF012081AE0012833D0C3F8048007
:1003100089F8004095F84030072C98BF23469A454D
:1003200021D01AB20133DCB235F83200BBF800102C
:10033000082C08BF0024884205EBC20313D158687B
:1003400060B1FF28E0D9027902F00302013A012AE4
:100350000CD912225A6003F029FDD9E701365F60FB
:10036000F6B2D5E700263046BDE8F88F0136F6B282
:100370000122EFE70136F6B2CAE700BF742D002074
:100380002DE9F047374F3B8898425DD913F0FF05C0
:1003900028D0DFF8D4A0DFF8D4809AF81540DFF831
:1003A000D0909AF814300134E4B2052C08BF002430
:1003B000A342404618D0FEF71DFA064648468EB1C5
:1003C000FEF718FA002841D006609AF815304AF86E
:1003D00023003B888AF81540013D013B15F0FF05DD
:1003E0003B80DED1BDE8F0873B88002BFAD0DFF8F8
:1003F00084A01E4D9AF809401D4E4FF000080134AC
:10040000E4B2022C9AF8083008BF0024A342284620
:10041000E8D0FEF7EFF981463046B9F1000FE1D0A0
:10042000FEF7E8F9C0B1C9F80480C0F800909AF866
:1004300009304AF823003B888AF80940013B9BB207
:100440003B80002BDBD1CDE70546A2E730460749CC
:10045000BDE8F047FEF7E4B948460449BDE8F04777
:10046000FEF7DEB9D82D002008300020DC2D00205A
:10047000282E0020BC2D00202DE9F84F414B424F83
:10048000DFF80891DFF8FCB00422981824214FF01F
:100490000008A7F81480FEF789F93C4B04220821D4
:1004A0009818FEF783F997F814A07C7D0426013490
:1004B000E4B2052C08BF0024A245484613D0FEF73D
:1004C00099F90546584675B1FEF794F9002853D0BE
:1004D000C5F8048005607B7D47F82300013E16F0D7
:1004E000FF067C75E3D12A4B0722181D4421FEF735
:1004F0005DF9284B0922181D0821FEF757F92548F8
:10050000FEF778F90446C8B1234A2046111FFEF7CA
:10051000BFF92048FEF76EF90446F0B11F4A2046A5
:10052000111FFEF7B5F91E4B0522FF201A80FFF7B9
:1005300027FF08F021FA0020BDE8F88F194A1A4970
:100540001A4840F6321316F026FB84F31188BFF3E5
:100550006F8F0323184602DFD6E7124A1249134869
:1005600040F6391316F017FB84F31188BFF36F8F31
:100570000323184602DFD1E704492846FEF750F965
:10058000B1E700BF44300020D830002020300020E8
:10059000282E0020DC2D0020D42D0020CC2D002082
:1005A000D82D0020F4B002000CB802007CB002008C
:1005B0002DE9F04FDFF88882DFF88892DFF888B203
:1005C000DFF888A287B0D8E9000103AAFEF778F91E
:1005D0000546002834D0039C002C71D0207804AA52
:1005E00002A904F005F80446002855D0DDE90313FC
:1005F000BDF808200F78ADF80A20059305AE0DF17F
:100600000A0504F007F82146059ABDF80A0004F02F
:1006100047F8204603F0C8FF32462946384603F023
:10062000E7FF04460028ECD1D9F8000010F024F8C8
:10063000D8E9000103AAFEF743F905460028CAD10C
:1006400004AA02A90DF1070003F0BAFF044600282E
:1006500046D0049B05939DF80770BDF80830ADF8AF
:100660000A3005AE0DF10A0503F0D4FF2146059AC4
:10067000BDF80A0004F014F8204603F095FF324656
:100680002946384603F0B4FF04460028ECD16D4BF0
:1006900018680FF0F1FF96E7039B05931B79013B68
:1006A000172B20D8DFE803F02F43861F2F1F1F1FB3
:1006B0001F1F1F1F1F1F1F1F1F1F1F1F1F1F7B2FDE
:1006C000634840F604235A46514616F064FA84F310
:1006D0001188BFF36F8F0323184602DF039C7DE769
:1006E00007B0BDE8F08F584A5A49594840F6A4333C
:1006F00016F051FA002383F31188BFF36F8F0323A1
:10070000184602DF5FE74E49D8F804000022FEF7E2
:10071000DFF8514B059993F8413028460B704F4A4A
:10072000FEF7C4F8474B18680FF0A6FF4BE74449A3
:10073000D8F804000022FEF7CBF8059EB46844B157
:10074000237803F0FF07002B6AD02378013BDBB24C
:100750002370337B23B1012B52D13046F1F7ECFBF0
:100760003F4A00273773537D117D0133DBB2052BE0
:1007700008BF3B46994234D03560517D42F8216034
:100780005375002C3FF41FAF2378002B7FF41BAF71
:100790006369002B3FF417AFA069984713E7284916
:1007A000D8F804000022FEF793F80599284603F0D4
:1007B0003BFD08E705A9284603F060FD2049D8F86D
:1007C00004000022FEF784F8059900293FF4FBAEEF
:1007D0000B792D2B3FF4F7AE1F4B284693F8413091
:1007E0009CE7194A1F491A4840F6124316F0D3F9FC
:1007F00087F31188BFF36F8F0323184602DFC0E72A
:10080000114A1449124840F60B4316F0C4F900236C
:1008100083F31188BFF36F8F0323184602DF9FE72E
:10082000094A11490A4840F6B43316F0B4F987F37F
:100830001188BFF36F8F0323184602DF85E700BFDF
:10084000D02D0020F4310020F4B0020038B10200B5
:100850007CB0020054B10200742D0020CC2D002089
:10086000D830002058B102003CB1020030B52E4B08
:100870002E4C186087B00AF083FC2378002B4ED0F2
:100880002B4A2C4D2C4C2D49CDE904252C4A022015
:10089000CDE9022404230C24CDE90014294A08746C
:1008A00008760B700B7200200621FFF7D5FA30BBDB
:1008B00001220021244819F0DFFA08F0F7FB08B103
:1008C00007B030BDFFF7D8FD0028F9D109F0B2F824
:1008D0000028F5D102F018FE0028F1D109F0D8FE69
:1008E0000028EDD102F08AFF0028E9D109F07AFF53
:1008F0000028E5D107B0BDE8304003F043BC134AFF
:100900001349144840F2762316F045F9002383F387
:100910001188BFF36F8F0323184602DFC8E7FDF786
:10092000E7FF01232370ABE7F431002038510020AA
:1009300031BC010031BD0100C9BB010050340020B1
:100940001032002070340020F8310020F4B0020092
:1009500030B102007CB0020010B586B002F0E4FDB8
:10096000002837D102F04CFF002846D103F00CFCE0
:10097000002855D14A484B494B4A4C4B0024A0F81B
:100980004040A1F8004194821C8101222146684622
:1009900019F072FA464B224621460320C3F808D0CC
:1009A000FDF7FAFF00286BD14FF0FF324FF0FF3315
:1009B00068460FF09BFE02F0BDFD002850D1FFF706
:1009C0005BFD00283CD10021012006B0BDE81040AD
:1009D000FFF7C6BB374A3849384840F22E3316F085
:1009E000DAF8002383F31188BFF36F8F03231846CF
:1009F00002DF02F005FF0028B8D02E4A2E492F480A
:100A00004FF4507316F0C7F8002383F31188BFF337
:100A10006F8F0323184602DF03F0B6FB0028A9D02E
:100A2000244A2549254840F25A3316F0B4F80023E9
:100A300083F31188BFF36F8F0323184602DF99E712
:100A40001C4A1D491D4840F2A33316F0A4F80023A8
:100A500083F31188BFF36F8F0323184602DFB2E7D9
:100A6000144A1549154840F2963316F094F80023BD
:100A700083F31188BFF36F8F0323184602DF9EE7CD
:100A80000C4A0F490D4840F2893316F084F884F37C
:100A90001188BFF36F8F0323184602DF84E700BF7E
:100AA000742D0020F030002008300020BC2D0020E4
:100AB000DC0E0020F4B0020030B102007CB0020075
:100AC00068B1020008B5FFF747FFBDE8084008F02D
:100AD0001DBB00BF2DE9F04FDFF8DC90374E83B02F
:100AE00007468846A9F1400400233B60D6E900018F
:100AF00001AAFDF7E5FE054600284BD0019B4946BB
:100B00001A784046FFF7E2FB034600284AD194F8E2
:100B100040208DF8012094F841200DF101010DF1E4
:100B200002009A46FFF7D2FB4AEA000212F0FF0ADF
:100B30000346F0D1019B1A79012A37D1DFF880B042
:100B4000706852463146FDF7C3FE0BF1040128469A
:100B5000FDF766FEBBF80030042B0AD8019819494E
:100B60000133ABF80030FDF75BFE0120FFF708FC16
:100B7000BAE7154A154916484FF4D76316F00BF833
:100B80008AF31188BFF36F8F0323184602DFBBF887
:100B90000030E3E70F49404691F841204031FFF72C
:100BA00095FB0346184603B0BDE8F08F3B60534603
:100BB000184603B0BDE8F08FB42D0020C82D0020EA
:100BC000D82D0020282E0020F4B0020070B10200C1
:100BD0007CB00200742D0020F0B5544983B000238E
:100BE0004868019301AAFDF773FE044600284CD023
:100BF00020464F49FDF714FE019A14791D2C06D8A2
:100C00004C490123A3400B4027D1172C10D04A4A4E
:100C10004A494B4840F2735315F0BDFF002383F35C
:100C20001188BFF36F8F0323184602DF03B0F0BDB6
:100C3000117F3C2938D0547F0CB392681468606EE1
:100C400018B140496366FDF7EBFD94F86A306FF325
:100C5000000384F86A3003B0F0BD002CE6D1364AB8
:100C60003949374840F26F5315F095FF84F31188E6
:100C7000BFF36F8F0323184602DF03B0F0BD2E4A87
:100C80002E492F4840F2F643EEE72B4A2F492C48D5
:100C900040F2354315F07FFF84F31188BFF36F8F67
:100CA0000323184602DFA3E79668D6E90045F5B1AD
:100CB00000277760EB6D6BB11F4A2549204840F251
:100CC000B24315F068FF87F31188BFF36F8F0323DA
:100CD000184602DF05F1500105F14C00FDF7DCFD7F
:100CE000064698B12868EE6503F032F8ADE7124A7F
:100CF0001849134840F2AF4315F04DFF85F31188B2
:100D0000BFF36F8F0323184602DFD1E70A4A124967
:100D10000B4840F2B54315F03EFF86F31188BFF350
:100D20006F8F0323184602DFDCE700BFC82D0020C9
:100D3000DC2D00202900003FF4B0020054B1020075
:100D40007CB00200282E0020DCB102000CB80200AA
:100D5000B8B10200ACB10200D0B102002DE9F84FE9
:100D60000568814625B3DFF85481DFF854A1554F5B
:100D70002E462D6834791D2C09D8534A0123A340EF
:100D800013EA020B2FD1182C49D0172C18D040F29F
:100D9000AC6342465146384615F0FDFE002383F30E
:100DA0001188BFF36F8F0323184602DF002DDFD1B8
:100DB0000023C9F80030BDE8F84FFF20FFF7E0BA84
:100DC000337F3C2B62D0EBB13C4A40493D4840F276
:100DD000D75315F0E0FE8BF31188BFF36F8F032319
:100DE000184602DF34796CB9394940F22D63424626
:100DF000384615F0D0FE84F31188BFF36F8F0323BC
:100E0000184602DF334C2388042B2ED80133324995
:100E100023803046FDF704FD002DA9D1C8E7F688F0
:100E2000002EC3D1304602F0A1FF836F04466BB1A0
:100E3000224A2A49234840F29B6315F0ACFE86F310
:100E40001188BFF36F8F0323184602DF04F16C0192
:100E500004F16800FDF720FD0646F8B1A6672046BC
:100E600002F076FF002D83D1A2E71D494FF4D7632E
:100E70004246384615F08FFE002383F31188BFF3F6
:100E80006F8F0323184602DF2388BFE712493046DD
:100E9000FDF7C6FC002D7FF46BAF89E7074A1149C7
:100EA000084840F29E6315F076FE86F31188BFF382
:100EB0006F8F0323184602DFD0E700BFF4B00200B3
:100EC00054B102007CB002002900003E00B20200D2
:100ED0000CB20200D82D0020282E002034B20200CF
:100EE00070B102000CB802000148FDF783BC00BFDE
:100EF000DC2D00200149FDF793BC00BFDC2D002054
:100F00000148FDF777BC00BF282E00200149FDF7FE
:100F100087BC00BF282E0020034B044A93F84130C1
:100F20000B70FDF7C3BC00BF742D0020CC2D00203A
:100F300008B5064B064A93F841300B70FDF7B6FC36
:100F4000044B1868BDE808400FF096BB742D0020D4
:100F5000CC2D0020F43100200B490A7A4B7A9A42BA
:100F60000AD8A3EB020C5FFA8CFC604509D89A42C0
:100F700007D051F82200704702339B1ADBB2984227
:100F8000F7D90020704700BFBC2D0020074A117A16
:100F9000537A8B4208D04B1CDBB2022B08BF0023D4
:100FA00052F821001372704700207047BC2D0020BA
:100FB00008B5134A92F841C092F840E00CF10103E1
:100FC000DBB2082B08BF00239E4508D022F83C0066
:100FD00002EBCC0CCCF8041082F8413008BD094A71
:100FE00009490A4840F2127315F0D5FD002383F336
:100FF0001188BFF36F8F0322104602DF1B80FFDED4
:10100000742D0020F4B002002CB902007CB0020064
:10101000022810B50C4602D00B68022B07D00448FA
:101020004FF0FF324FF0FF330FF060FB206810BD30
:10103000F831002004490A680AB110467047024698
:1010400008601046704700BF702D0020044A1368E6
:1010500023B1984206BF0021116000231846704753
:10106000702D0020014B1868704700BF702D0020C4
:1010700004490A680AB110467047024608601046E3
:10108000704700BFB82D0020044A136823B198426E
:1010900006BF00211160002318467047B82D0020BC
:1010A000014B1868704700BFB82D002030B50568A7
:1010B0002B7887B05BB3044601220021684618F004
:1010C000DBFE144BC5F818D06B612B78FBB1124BCB
:1010D0000022114603209C60FDF75EFC38B94FF4F6
:1010E0000042002368460FF001FB07B030BD0B4AF9
:1010F0000B490C4840F2E97315F04DFD002383F3D2
:101100001188BFF36F8F0323184602DFE7E76FF004
:101110007700EAE7C9020100CC0E0020F4B002001B
:101120004CB202007CB00200F0B5254E336885B0A9
:101130000C461746002B36D0994215D10223039353
:1011400003AB0246009303211E4B0020FEF762FF13
:10115000022805460CD0039B022B09D195B13368B8
:101160000BB19C4221D014B36FF02D0005B0F0BD3F
:1011700015484FF0FF324FF0FF330FF0B7FA039DE1
:10118000002DECD13846FFF791FF33680BB19C423C
:1011900011D0002CE8D10028E8D010F1780F08BF5A
:1011A000002005B0F0BD3160C8E7002333606FF068
:1011B000770005B0F0BD35600028D7D0EDE700BF5F
:1011C000702D0020BD020100F83100200B490A7D7E
:1011D0004B7D9A420AD8A3EB020C5FFA8CFC604567
:1011E00009D89A4207D051F82200704705339B1A5C
:1011F000DBB29842F7D90020704700BF08300020CA
:10120000074A117D537D8B4208D04B1CDBB2052B66
:1012100008BF002352F82100137570470020704763
:101220000830002038B50C46054603F0C3F920709D
:1012300021462846024ABDE83840FDF737BB00BFCB
:10124000D42D00200122024B11460020FDF7A4BB43
:10125000BC0E002070B50C46054603F0ABF92146E4
:101260002070064A2846FDF721FB0122BDE87040A8
:10127000034B11460020FDF78FBB00BFD42D00208B
:10128000BC0E00202DE9F0431A4D9DF81C8095F806
:1012900001C10CF1010E5FFA8EFEBEF1080F9946F6
:1012A00095F8003108BF4FF0000E73451DD014466D
:1012B00005EB4C1CE36807460E46106851689268BF
:1012C00064460FC49CF81C30CCF8186008F0010884
:1012D00023F0030343EA0803CCE904978CF81C309D
:1012E00085F801E16046BDE8F0834FF0000C6046F0
:1012F000BDE8F083F0300020054890F8003190F808
:1013000001219A4214BF00EB43100020704700BF38
:10131000F030002001460B480A7890F80131072A86
:1013200084BF90F800210A70934208D0531CDBB2AE
:10133000082B08BF002300EB42100B707047002001
:10134000704700BFF03000202DE9F04F444F97F870
:10135000004197F8013185B0A34202903FD04FF091
:10136000000A07EB44140A25CDF80CA0D346CDF8AB
:1013700004A0267FD4F80C90C6F3400806F00106BE
:10138000002D47D0013DEDB2B8F1000F2AD097F8FB
:10139000013197F80041A34221D00134E4B2082C76
:1013A00008BF0024A34287F8004118D007EB44147B
:1013B000E368B8F1000FDCD1002E3AD1019A002A7F
:1013C00047D0BBF1000F08BFCB46227F9107D0D496
:1013D000D20735D4019A9A4201D09B45C9D105B0B4
:1013E000BDE8F08F1F4B02989C6042464146FDF7D6
:1013F000D3FA0028CBD01C4A1C491D4840F67E0376
:1014000015F0C9FB88F31188BFF36F8F03231846CB
:1014100002DFBCE7144A1749154840F66F0315F080
:10142000BAFB85F31188BFF36F8F0323184602DFE1
:10143000A8E7039A82B1BAF1000F08BFCA46C4E711
:10144000BBF1000F95D1039A9A42C8D09A4590D12A
:10145000C5E7CDF80490B8E7CDF80C90B5E700BF2C
:10146000F0300020AC0E0020F4B002004CB20200BC
:101470007CB0020054B20200054B1A7D597D9142A6
:1014800004D053F8220010B10C3070470020704790
:10149000D830002070B5134A117D537D8B421ED089
:1014A0004B1CDBB252F82140052B08BF00231375FB
:1014B000ACB102230025266823712560A06003F0EB
:1014C00079F8094A207021463046FDF7EFF90122EC
:1014D000064B11462846FDF75FFA204670BD0024F2
:1014E000FBE700BFD8300020D42D0020BC0E002028
:1014F00010B582B00024CDE90044049B08F006F842
:1015000002B010BD10B50346007F1A699969012425
:1015100082B02040CDE90004586907F0F7FF08B118
:10152000773001D102B010BD074A084908484E2360
:1015300015F031FB002383F31188BFF36F8F032372
:10154000184602DF02B010BD5CB20200A0B2020079
:101550007CB0020010B50469FFF7B4FA40B90C483A
:10156000F7F74AF80B48F7F747F80020206010BD5E
:10157000094A0A490A4840F2793315F00CFB002366
:1015800083F31188BFF36F8F0323184602DFE6E76A
:101590001822002098210020B4B2020030B10200CD
:1015A0007CB002002DE9F047464FD0F81080DFF8FC
:1015B00018A1DFF8189182B006464FF0FF324FF0C5
:1015C000FF3338460FF026F80028F6D04379019013
:1015D000042B22D8002B4FD13D4840F21223524613
:1015E000494615F0D8FA002383F31188BFF36F8FB3
:1015F0000322104602DF019A01A81360FFF7AEFB39
:101600004FF0FF324FF0FF3338460FF003F8002859
:10161000D3D043790190042BDCD9052BDCD14FF0DA
:10162000FF324FF0FF330820F7F7A0FC04462146B5
:10163000019800F05FFF019B00221A6001A8FFF7EC
:101640008DFB002CB9D0204616F070FA21460546D5
:10165000002016F091FA2B8A0446294630463BB109
:10166000D8F8003098470FF0D9FC002CEBD1A4E754
:101670002846F7F77BFBF6E7022B13D04FF0FF323B
:101680004FF0FF330220F7F771FC044601989CB13C
:10169000214600F06BFF019B00221A6001A8FFF7B2
:1016A0005DFBD0E70022002301210020F7F76EFC4C
:1016B00004460198002CEBD1046001A8FFF74EFB13
:1016C0007BE700BF94350020B4B2020054B10200A1
:1016D0007CB00200F0B50546076989B00E46244883
:1016E00018F073FB4FF0FF320021224818F0C4FBC2
:1016F0002048FFF7BBF8044600282FD13E6001F0D8
:10170000CDFA002600276FF00903CDE90334CDE9B7
:101710000667CDE90144184B184900954FF4E07273
:1017200017480FF085FA1749154818F09AFC6FF022
:101730000702CDE90324CDE90667CDE90144124B48
:10174000124900954FF4607211480FF071FA114977
:101750000F4818F086FC204609B0F0BD0E4A0F482D
:101760002346012115F007FF204609B0F0BD00BF58
:1017700094350020AC350020B9170100807F00208F
:101780001822002014B30200A5150100C07B002020
:101790009821002020B30200F4B20200B0A9020098
:1017A0000B7E0269022B01D013681847CB681B78A7
:1017B000052BF9D1704700BF2DE9F043DFF8C08059
:1017C000304F83B005460DE0F7F7E0FB2246BDF849
:1017D0000210044601F034FA21462846FFF7E0FFE4
:1017E0000FF01CFC0DF1020101A8FFF773F904468C
:1017F0004FF0FF324FF0FF3300211320002CE3D1D4
:10180000019BB3B1FFF7E8F9DDF80490484601F019
:101810002FFA019E89F805007379032B02D13379E1
:10182000182B0ED03146384618F00DFB019B002BCB
:10183000D8D14FF0FF324FF0FF3340460EF056FF45
:10184000D0E74FF0FF3321464FF0FF320520B6F8C6
:101850000690F7F79BFB49460246044606F11C003A
:1018600000F020FE484600F03DFE2146284624B107
:10187000FFF796FF2046F7F779FA019ED2E700BFFF
:10188000AC3500209435002070B50B8A82B0002B57
:101890003BD00B7E012B0C4606461ED0042B09D0F4
:1018A0001D4A1E48012115F066FE6FF015052846F9
:1018B00002B070BD01A9204600F06EFD01990546F9
:1018C00011B13046FFF76CFF002DF0D12046F7F73D
:1018D0004DFA0025284602B070BD002301A920461C
:1018E000019300F095F901460028EFD03046FFF74C
:1018F00057FF019D002DE9D0284601F0B9F9687124
:101900000199074818F09FFAE0E7064A03480121C9
:1019100015F028FEC9E700BF3CB30200B0A90200E1
:101920009435002028B3020010B50FF027FB054CBA
:10193000204618F056FA204618F047FABDE8104045
:101940000FF030BB943500202DE9F047DFF898A068
:10195000DAF80090B9F1000F32DB80460F461646E8
:1019600010D0224C002521460622304610F054FAB1
:1019700018B914F8013CBB4225D00135A94504F142
:101980000804F0D11A4C1B4923683568DA00501C52
:10199000B9F10F0F0D500844B588858001F83370F8
:1019A000D4BF09F1010301330A44D8BFCAF800309B
:1019B0000121102B01FA08F108BF0023D171236027
:1019C0000020BDE8F0870B4B03EBC503DA7922FA60
:1019D00008F1C90702D50120BDE8F087012101FA0D
:1019E00008F10A43DA71EBE7CC350020D13500204D
:1019F000C8350020D03500202DE9F0411A4C64682C
:101A0000A40004D51646194A1268120701D4BDE88D
:101A1000F08103F10C0405460F462046022116F022
:101A2000C2F840F63E4303800121204616F0BBF881
:101A30000346042220461A700B2116F0B4F80570F4
:101A4000A0F801603DB97B68BA68C0F80720C0F80B
:101A50000330BDE8F0814FF00008C0F80380C0F803
:101A60000780BDE8F08100BFE8060020E006002006
:101A700070B5013886B0144611280AD8DFE800F0A6
:101A8000233F5509096709799FB20909090909091D
:101A9000090D6FF0150006B070BDCB68DA78997843
:101AA000188806F055FF584B06460121188816F095
:101AB00084FA012105460C3016F075F80670256091
:101AC000002006B070BD504B0D21188816F075FA35
:101AD0000D2120600C3016F066F84FF00214002340
:101AE0004FF4806101220370C0F80140A0F8051096
:101AF000C271037243728372C3720373E0E7424B95
:101B00004121188816F059FA412120600C3016F056
:101B10004AF8002104463E2200F8031B10F02CFA7C
:101B200040F2A733A4F80130CAE7374B09211888DF
:101B300016F043FA092120600C3016F034F8034601
:101B4000002203F8012BC0F801205A60B8E7C968E9
:101B50000020FEF705FB2C4B0121188816F02DFA0A
:101B6000012105460C3016F01EF800230370256095
:101B7000A6E7264D244E0FCDEC46ACE80F0095E8C5
:101B800003004CF8040B30888CF80010162116F076
:101B900014FA162120600C3016F005F805460023D3
:101BA0006C4605F8013B84460FCCCCF80100206858
:101BB00069602179AA60EB602861297580E7124B82
:101BC0001821188816F0F9F9182120600C3015F04A
:101BD000EAFF00230446012100F8023B09F056FA0F
:101BE00060706DE7084B2121188816F0E6F9212175
:101BF00020600C3015F0D7FF0146002301F8113B9F
:101C0000013009F093FA5BE7C44B002078B302007F
:101C10002DE9F041038A8AB00022022B059240F29E
:101C20001581054603210C3015F0E4FF2A8A8378DC
:101C30009A42C0F040810288D04EC2F38523082B1F
:101C4000328090B2C2F3090409D89BB1013B072B43
:101C500010D8DFE803F0150FBDE10F0F0F213F2B68
:101C600008D105AA29462046FFF702FF163040F0AA
:101C70007A83308801210AB0BDE8F04116F0AFB98F
:101C8000062C00F026831D2CF4D1EB68188802F096
:101C900099F901463088EEE7621E4A2AEAD801A384
:101CA00053F822F007220100E72101009F210100E3
:101CB000751C010095210100AD2201009522010053
:101CC000892201007D220100C92201006522010054
:101CD00035220100751C0100751C0100751C0100F6
:101CE000751C0100751C0100751C01001322010008
:101CF000751C01006F2101006121010027210100F5
:101D000009210100751C0100FF200100EF200100E6
:101D1000D1200100751C0100751C0100751C01001B
:101D2000B120010097200100751C0100751C010005
:101D3000751C0100751C0100751C0100751C01005B
:101D4000751C0100751C0100751C0100751C01004B
:101D5000751C0100751C0100751C0100751C01003B
:101D6000432001000D200100B91F0100751C010076
:101D7000751C0100751C0100751C0100751C01001B
:101D8000751C0100751C0100751C0100751C01000B
:101D9000751C0100751C0100751C0100751C0100FB
:101DA000751C0100751C0100751C0100751C0100EB
:101DB000751C0100751C0100751C0100751C0100DB
:101DC000751C0100751C0100751C0100991F0100A4
:101DD000632C00F0C58254D8032C00F082822D2C95
:101DE0003BD1EB6804211E8893F8028016F0E5F8D9
:101DF000042105460C3015F0D6FEB7B20446C31CCC
:101E0000424639460220FEF797F9A4F80160207097
:101E100028460AB0BDE8F081621E082A3FF62AAFC4
:101E200001A353F822F000BF551F0100051F010058
:101E3000E11E0100751C0100751C0100751C0100EC
:101E4000751C0100751C0100C31E01004C4A4D4861
:101E5000012115F087FB0025DAE7012C7FF40AAF9A
:101E6000EA68494B1168526819605A60012116F0FE
:101E7000A4F8012105460C3015F095FE00230370EF
:101E8000C6E77B2C00F054827C2C7FF4F3AEEB6829
:101E90001F885988B8B202F043F9044603213088FC
:101EA00016F08BF8032105460C3015F07CFE04700B
:101EB000A0F80170ACE7354A3248012115F052FB19
:101EC000C9E7072116F079F8072105460C3015F00F
:101ED0006AFE0146002001F8010BFEF773F997E74F
:101EE000092116F06AF8092105460C3015F05BFE51
:101EF0000346002203F8012B6021C0F801205A603C
:101F0000417185E7412116F058F8412105460C3012
:101F100015F049FE002104463F2200F8021B10F094
:101F20002BF8C0220423A2714FF40A72E372A4F8C2
:101F30000F20E375202243F2300315496270A4F8A4
:101F4000213070228023C4F81A1084F8242084F8E9
:101F500027305DE7092116F030F8092105460C30DD
:101F600015F021FE4FF4506100230A4A01800D2133
:101F70008370C3700171C0F8052049E7C44B00208D
:101F800090B30200A8A90200E8060020A8B302004E
:101F9000F70FF40EF105FFFF032116F00EF80321F1
:101FA00005460C3015F0FFFD0146002301F8023B09
:101FB0000130FEF7D1F82BE7EA689478D1781788DA
:101FC000B2F80550E30748BF41F00301137948BF59
:101FD000D170A40744BF43F00303137141EA030225
:101FE000032A00F2C7814C0700F0C2815A0700F0B3
:101FF000BF8115F003021CBF05F1FF3505F001029A
:10200000384602F027F80146308834E6EB681A7843
:10201000D10744BF0721597092074CBF0721997817
:10202000587848BF997002F00BF8044630880121B7
:1020300015F0C3FF012105460C3015F0B4FD047006
:10204000E6E6EB6805211E8815F0B7FF0521054679
:102050000C3015F0A8FD0446221DB0B2E11C01F0C1
:10206000D1FFE37822792070002B93FAA3F3B3FA1F
:1020700083F308BF4FF0FF330133E370002A92FA75
:10208000A2F3B3FA83F308BF4FF0FF330133A4F890
:1020900001602371BCE6EA68178892780023CDE9D5
:1020A0000233CDE900330221B8B201F0CDFEF4E6EF
:1020B000E96800220F884B88039208890290C8883B
:1020C000019089880091B8B2022101F0BDFEE4E6DA
:1020D000092115F072FF092105460C3015F063FD4A
:1020E000A549A64A016000234260037290E6EB68AE
:1020F0001F8800220621B8B206F018FCCDE6EA6877
:10210000002132F8027BF6E7092115F056FF09217C
:1021100005460C3015F047FD002300F8013B08216F
:1021200007F004F874E6E868002306AA00F110013D
:1021300009F062FE3088112115F03FFF112105469C
:102140000C3015F030FD0646002306F8013B06ACC6
:1021500007460FCCC7F801007160B260F36057E624
:10216000EB68188801F00CFF0146308883E5EB68C6
:1021700008211E8815F021FF082105460C3015F0B6
:1021800012FD0446E11CB0B201F0A2FEA4F8016009
:1021900020703DE6E9680120FDF7E2FF45E70921EF
:1021A00015F00BFF092105460C3015F0FCFC034629
:1021B000002403F8014BC0F801405C600646FDF7BF
:1021C000B5FF234661F30703C1F3072262F30F2330
:1021D000090C61F31743090A61F31F63C6F8010094
:1021E000C6F8053014E6042115F0E7FE0421054683
:1021F0000C3015F0D8FC00231B2103220370417022
:102200008370C27004E6EA685D4B11685268196019
:102210002BE6E96800224B88088803920C89029417
:10222000CC88019489880091114601F00DFE014689
:10223000308820E5EB681878002800F096805B78FD
:10224000002B00F092804F4A002313604E4A136027
:1022500001F048FB0C2804464FF00101308808BF0C
:102260000024E5E6EC686379B4F80320B4F80110C3
:102270002078A4790094EFF7EBFCD6E6E96811F832
:10228000010B01F067FAD0E6E96811F8010B01F0E3
:10229000F3F9CAE6022115F090FE022105460C3042
:1022A00015F081FC002303704370B1E5EC68A57B59
:1022B000A3796279217920880295657B019507349D
:1022C000009401F035F8B0E6EB681878EFF7C0FA43
:1022D000ABE6EB689978188801F01CFE014630885F
:1022E000C9E4294829492A4A254B4FF0FF340460A4
:1022F00041F6FF754FF0FF34C1E900450020002191
:10230000C2E900011F200021C3E90001FEF724FB00
:102310003088012115F051FE012105460C3015F0E1
:1023200042FC00231B4A03701360FFF7FDFA6FE5C0
:10233000EB681F8806A9B8B201F0BEFE052104466D
:10234000308815F03AFE052105460C3015F02BFCBF
:102350000470A0F80170BDF81830A0F8033057E5FC
:10236000EA680B4B51E7059D52E54FF0FF336DE7EF
:10237000122180E411217EE400BFFF30ECC0010097
:10238000E0060020C8350020CC350020E8060020FB
:1023900098220020C43500202DE9F84300230B606B
:1023A000038A032B2ED9054688460C30042115F0EC
:1023B00021FC2B8A4788B0F80090BB4230D31B2FFA
:1023C00028D801F0EDFC4FEA1936334604460028C0
:1023D00035D09B081BD19EB1012E18D1237967718E
:1023E00066F301032371E9683A46E01DEDF748FF03
:1023F0002146C9F30B0001F0DFFCB8B9BDE8F88352
:102400000226EBE7204A2148012115F0ABF86FF0D6
:102410001500F3E71E4A1D48012115F0A3F8F6E761
:102420001C4A1A48012115F09DF8F0E71A4A17488E
:10243000012115F097F8204601F0B8FCE7E7174AAC
:102440001248012115F08EF8154B1B689B0117D51A
:102450004FF0FF324FF0FF330220F6F787FD0221E5
:10246000C8F800000C3015F09EFB4FF48D7303800C
:10247000D8F8000001210C3015F095FB0123037002
:102480006FF06800BAE700BFC8B30200A8A9020055
:10249000FCB30200DCB302002CB4020018B402004A
:1024A000E8060020F8B50E4B1B68DB0600D4F8BD2B
:1024B00002F10C0406460D462046022115F073FB7E
:1024C000034640F205421A802046042115F06BFBBA
:1024D00000270770A0F801503278C270F8BD00BF25
:1024E000E8060020024A1368013B1360704700BFF2
:1024F000C435002070B5037FC68803F00303013B99
:10250000012B0FD9164A1749174842F2CF3314F05E
:1025100042FB002383F31188BFF36F8F0323184618
:1025200002DF70BD044601F10C052846042115F0B8
:102530003AFB237F03F00303022B0CBF46F4005643
:1025400046F480560680637F4380617F284615F0FD
:102550002AFB627F04F11F01BDE87040EDF790BED9
:1025600040B4020054B102007CB002002DE9F04FEB
:1025700089B090F804C0C688BCF1030F04AF0446CC
:102580000D4600F11C081FD0ACF1050CBCF1180F72
:1025900030D8DFE81CF042002F002F002F002F0062
:1025A0002F002F002F002F002F002F002F002F00B3
:1025B0002F002F002F002F002F00B300E800EE00A7
:1025C000220139014C016C01C37F033B0E2B00F249
:1025D0008281DFE813F00D0280018001E90102022F
:1025E000800186018001800180019F018001BB0183
:1025F0008001E101BE4ABF49BF4842F2BF2314F047
:10260000CAFA002383F31188BFF36F8F03231846A0
:1026100002DF1437BD46BDE8F08FB84BB84A93E8E7
:102620000300237EB9810E0C617E5268BE735B424B
:10263000C907B8605EB24FF0000802F0005200F126
:102640007A82002AE5D0AF4B1B689B07E1D5207F3B
:1026500004F11E09C0F380114A4600F00F00FFF795
:1026600073F90028D5D1237F03F00F03012B00F06D
:10267000CA82627F931DA2F1060A05325FFA8AFAC6
:102680005FFA83FBD3B27B60D0460C35022128462B
:1026900015F089FA3E23037080F801B00121284625
:1026A00015F081FA034602221A707968284615F05F
:1026B0007AFA01230370237F03F00F0307F1080266
:1026C0000833134404F1240113F8083C4370237FBA
:1026D000C3F380138370D4F81E30C0F80330B9F808
:1026E0000430A0F8073000F10A0380F809A0424640
:1026F0001846EDF7C5FD00F808608AE718F0010FED
:1027000040F0CA817E4B94F81C805B6898004FF0C3
:1027100000097FF57EAF7B4B1B68D9077FF579AF4A
:102720000C35B8F1000F00F0D2810221284615F0D7
:102730003AFA41F23E3303800121284615F033FA7C
:10274000012303701221284615F02DFAC0F80190DC
:10275000C0F80590C0F80990C0F80D9080F811906D
:1027600080F8008055E70A4640463146FFF79AFE5A
:102770004FE7634B5B689A004FF000097FF549AF64
:10278000604B1B685B077FF544AF0C350221284680
:1027900015F009FA40F63E2303800121284615F082
:1027A00002FA03464FF0030A284683F800A00921E5
:1027B00015F0F9F918F0010F054640F01682237F55
:1027C0002B70A5F80160E38BA5F80330238CA5F8E6
:1027D0000530638CA5F807301BE7494B5B6818048C
:1027E0004FF000047FF515AF0C350221284615F097
:1027F000DAF94FF44C7303800321284615F0D3F91E
:102800000470A0F8016004E73F4B1B6819027FF5D4
:1028100000AF0C350221284615F0C5F940F25723C8
:1028200003800221284615F0BEF90680F1E6344BFC
:102830005B689A007FF5EDAE324B1B681B037FF59A
:10284000E8AE0C350221284615F0ADF940F23E43C2
:1028500003800121284615F0A6F9142303700321F3
:10286000284615F0A0F90680237F8370D1E6244B1B
:102870005B68980004D5234B1B68190500F1DF80C5
:10288000627FA37F94F81CC0002A92FAA2F2B2FAE7
:1028900082F208BF4FF0FF32002B93FAA3F3B3FA92
:1028A00083F36D4608BF4FF0FF338AB0511C0133EC
:1028B00004A8024643620624144B8661C0E907C19E
:1028C000436142F8104F124800234FF44251F3F78E
:1028D0003BFEAD469DE6064A0649074842F2A33351
:1028E0008DE60B46324641460020FFF785F890E61C
:1028F00040B4020054B102007CB0020010AB0200F0
:10290000E8060020E0060020982200201CB5020006
:10291000A8A90200BF4B90F820401B6819067FF55C
:1029200078AE0C350221284615F03DF94FF481634D
:1029300003800421284615F036F9002C08BF1F2417
:1029400000230470A0F80160C37062E6B14B5B68BD
:102950009A0040F1B180B04B1B689B0640F1AC80FF
:102960000C350221284615F01EF940F63E3303804F
:102970000121284615F017F9062303700A2128467D
:1029800015F011F90680238C4380638C8380A38C1F
:10299000C380E38C03813CE690F820309F4AA04836
:1029A000022114F0E8FD34E69A4B1B6818064FF03C
:1029B00000047FF52EAE0C350221284615F0F3F801
:1029C0004FF4816303800421284615F0ECF80123BD
:1029D0000470A0F80160C3701BE690F820300E2B45
:1029E00000F0FC808F4A8E48022114F0C4FD10E6EE
:1029F000884B5B689A007FF50CAE874B1B68DB0643
:102A00007FF507AE0C350221284615F0CCF840F6CC
:102A10003E5303800121284615F0C5F805230370B5
:102A20000C21284615F0BFF8034623F8026B216AF3
:102A3000626AC0F802105A60238D4381E9E50C35C3
:102A40000221284615F0AFF840F23E6303800121D1
:102A5000284615F0A8F80C2303700521284615F028
:102A6000A2F8237F0370A0F80160627F002A92FA27
:102A7000A2F3B3FA83F308BF4FF0FF330133C370FF
:102A8000A27F92FAA2F3002AB3FA83F308BF4FF0B1
:102A9000FF3301330371BCE5634A6449644842F281
:102AA000CF0314F078F8002383F31188BFF36F8FFE
:102AB0000323184602DF25E60023CDE90233CDE9E2
:102AC00000331A220221304601F0BEF9A1E5594A2D
:102AD0001368022101332846136015F064F841F2AF
:102AE0003E3303800121284615F05DF80123037071
:102AF0001221284615F057F880F80080A0F80160F0
:102B0000637FC370A37F03F001030371D4F81F3008
:102B1000C0F80530B4F82330A0F80930E38CA0F8F1
:102B20000B30238DA0F80D30638DA0F80F3094F892
:102B30002C3043746DE5002A3FF46BAD364B1B68B7
:102B40005A057FF566AD207F00F00F03012B0ED0F4
:102B5000354A3949364841F6661314F01CF888F3B3
:102B60001188BFF36F8F0323184602DF207F04F123
:102B70001E08C0F38011424600F00F00FEF7E4FE8D
:102B800000287FF446AD0C350221284615F00BF8DD
:102B900041F23E2303800121284615F004F80B235F
:102BA00003701121284614F0FEFF40F20113038048
:102BB000237FC3F380138370D4F81E30C0F8033032
:102BC000638CA0F80730237FC3F3C0134372636A9A
:102BD000C0F80A30238DC38106741AE50B463246CD
:102BE00000211A20FEF708FF13E50F4A1349104889
:102BF00042F2581313F0CFFF89F31188BFF36F8FA0
:102C0000504602DFDBE50B2380467B604FF00C0B68
:102C100082463AE5E8060020E006002058B50200AA
:102C2000A8A9020048B5020040B40200A4B4020002
:102C30007CB00200C43500207CB40200E0B4020085
:102C400070B500F10C040E4620460221154614F022
:102C5000AAFF40F2135303800521204614F0A3FF7E
:102C600001230370A0F80160A0F8035070BD00BFFD
:102C70000379032B08D0053BDBB2182B01D90020C8
:102C80007047054AD05C7047037F03F00303032BB2
:102C900014BF05200420704770B502000D480E4B8C
:102CA0000E4A0F4930B44FF0FF34046041F6FF750F
:102CB0004FF0FF34C3E9004500240025C2E9004578
:102CC0001F240025C1E90045064B00221A6030BCD4
:102CD000FEF72ABECC350020E8060020982200200E
:102CE000E0060020C435002030B583B01A4C079DA3
:102CF0001A4B2C1BA408A3FB0434C4F3C704DCB98F
:102D0000A21C174B0095D2B201210020FDF782F9D9
:102D100010F0FD0F0ED0134A1349144840F6EB1380
:102D200013F039FF002383F31188BFF36F8F032360
:102D3000184602DF03B030BD0A4A0D490B4840F681
:102D4000E61313F028FF002383F31188BFF36F8F7E
:102D50000323184602DFD3E784360020F712DA4B4C
:102D6000092E010098B50200E4B502007CB0020013
:102D7000D8B50200F8B505682F6E0646C7B16C6E6F
:102D800000232B6644B3002317226B66E361227194
:102D900023626362A362A3854FF6FF723C23E28045
:102DA0002377A66038462146BDE8F840FEF7C0B854
:102DB000114A1249124840F6332313F0ECFE87F310
:102DC0001188BFF36F8F0323184602DF6C6E2F6EDE
:102DD00000232B66002CD6D1074A0A49084840F642
:102DE000372313F0D8FE84F31188BFF36F8F0323CA
:102DF000184602DF6C6EC6E798B5020000B6020006
:102E00007CB0020014B6020000B170470C4B10B544
:102E100002460446996002200121FBF7BDFD00B97E
:102E200010BD084A0849094840F6072313F0B3FECD
:102E300084F31188BFF36F8F0323184602DF10BDA0
:102E40000C0F002098B502004CB202007CB00200CA
:102E500038B5044610F81C3B002B2ED0194D636981
:102E6000A8607BB1184A1949194840F61C2313F091
:102E700092FE002383F31188BFF36F8F032318465C
:102E800002DFA86813490F4B0022C4E90510114660
:102E90000120FBF781FD00B938BD0B4A0E490C48F3
:102EA00040F6232313F077FE002383F31188BFF34A
:102EB0006F8F0323184602DF38BDBDE83840FFF7A7
:102EC00059BF00BFFC0E002098B502002CB60200CE
:102ED0007CB00200752D01004CB2020038B50C46E2
:102EE000124994F82930124A0978117004EB8303CF
:102EF000DB6A1D7800B938BDFEF7B4F88442FAD019
:102F000015F00E0F02D1236A002BF4D0094A0A49AA
:102F10000A4840F6D31313F03EFE002383F31188D2
:102F2000BFF36F8F0323184602DF38BD3A510020EC
:102F30003951002098B5020040B602007CB0020072
:102F40000F4B9A8C93F8291022F4437203EB810102
:102F500022F00202C96A42F00E029A840620002280
:102F60004FF4006CA3F868C00A70487093F83510ED
:102F700003EB810304229B6B1A705870704700BFEB
:102F80008436002070B51C4C256AEB6D73B11B4A6A
:102F90001B491C484FF4266313F0FDFD002383F307
:102FA0001188BFF36F8F0323184602DF05F150012C
:102FB00005F14C00FBF770FC064670B12868EE6521
:102FC00000F0C6FE0025606E2562FDF79FFF206EB3
:102FD0006566FDF78FFF256670BD084A0A490948F6
:102FE00040F6622313F0D7FD86F31188BFF36F8F8D
:102FF0000323184602DFE1E78436002098B502007B
:1030000098B602007CB002000CB8020030B54F4CFC
:1030100094F86A30D90785B064D5236A53B193F820
:103020002C2042F0020283F82C20236A93F82C30E3
:10303000DA076ED44548FDF7FDFF84420ED0444ABE
:103040004449454840F62B3313F0A5FD002383F394
:103050001188BFF36F8F0323184602DF94F82430E2
:10306000DB0703AD0DD5022103913C4B00950321F5
:1030700001220020FCF7CEFF2946FDF7C9FF0028FA
:1030800058D10222354B0095032100200392FCF712
:10309000C1FF2946FDF7BCFF054630BB3048FEF7AF
:1030A00005F808B1783036D12848FDF7CFFF8442C3
:1030B0000ED0274A2749284840F64D3313F06BFDC0
:1030C000002383F31188BFF36F8F0323184602DFB9
:1030D000236A0BB1FFF756FF94F86A306FF30003D1
:1030E00084F86A30002005B030BD1848FDF7AEFF07
:1030F00084420ED0164A1749174840F6443313F05D
:103100004AFD002383F31188BFF36F8F0323184612
:1031100002DF0C20E7E70E4A12490F4840F64A3317
:1031200013F039FD85F31188BFF36F8F0323184621
:1031300002DFB9E70548FDF789FF8442E9D0044A78
:103140000449054840F63633D9E700BF84360020ED
:1031500098B50200ACB602007CB00200BD020100CE
:10316000A0360020B8B60200037803F00F0302F186
:10317000FF3C022B1FFA8CFC25D0012B0DD0103107
:10318000C9009BB1062B11D04FF4F37313FB0CF362
:1031900040F25320184480B2704740F2162313FBCC
:1031A0000CF340F2E330184480B27047407810309E
:1031B000C00001F21B3100F5B37313FB0CF308449C
:1031C000184480B2704741780CEB8C03C3EB0310BA
:1031D000400001F11003DB0000F23B1003FB020290
:1031E00090B270472DE9F0431E468BB04FF6FF7347
:1031F0009E429DF84890139C17D025780135EDB27A
:1032000080461746257075B33C493D4B0E8104F14D
:103210001C000022C860C1E9008781F80A9099600B
:1032200001201146FBF7B8FB68B994F8240010F0B0
:10323000010505D1334A344B11781B788B4221D0DC
:103240000BB0BDE8F083314A3149324840F66C1387
:1032500013F0A1FC002383F31188BFF36F8F0323C6
:10326000184602DFE1E7294A2B492A4840F64A136B
:1032700013F091FC85F31188BFF36F8F0323184679
:1032800002DFC1E70133042109A8137005F06AFFCA
:10329000099B224A0694A2FB0312991A02EB5102DF
:1032A000120A40F2471101FB12331D4A1D49A21AAE
:1032B0009208A1FB0212D2081B490232CDE9045147
:1032C0000133CDE90255CDE90055D2B2012128469E
:1032D0000993FCF787FE10F0FD0FB1D00B4A13499C
:1032E0000C4840F2BB7313F056FC85F31188BFF312
:1032F0006F8F0323184602DFA2E700BF5836002075
:10330000EC0E00203A5100203951002098B50200FF
:103310004CB202007CB00200D0B6020021F1D49081
:1033200084360020F712DA4BDD2E0100D4B60200FD
:103330002DE9F0436E4C1F466E4B94F86A6086464A
:103340008C4693E8030083B016F001069DF82C80AC
:103350009DF8303000908DF8041040F09F80A18CD3
:10336000154608F0070203F00303520021F44371ED
:1033700021F0020142EA03220A43A28494F82920A0
:1033800004EB8202BCF1010F0CF10803D2F82C808F
:1033900008BF4FF0000E0DEB030CA4F868E098F89E
:1033A00000201CF8083C22F01F0013F00E0F03F061
:1033B0000F030CBF01210021034361F3451388F87B
:1033C000003003F00F03012B02F00F022ED098F80B
:1033D0000130F3B998F8003005F0010565F3861364
:1033E0006FF3C71388F80030062388F8013094F88B
:1033F0003530E46104EB8304AD01A36B5A7845F0EA
:1034000004051D700AB906225A70304603B0BDE8A3
:10341000F083012A34D098F8003005F0010565F3F7
:1034200086136FF3C71388F80030E0E7012A0FD046
:1034300098F80120BABB84F8406098F8003003F097
:103440000F03012B04D098F80130002BC2D0E2E723
:1034500008F1080998F8003005F0010565F38613B6
:1034600067F3C71388F800300A9B1B68C9F800305F
:103470000A9B9B88A9F804300C2388F80130B6E732
:1034800094F8402004F1410108F10800ECF7F8FE3F
:1034900094F84030063388F80130BCE70C263046FB
:1034A00003B0BDE8F083052A10D9063A08F10809EF
:1034B000D2B2114884F840204946ECF7E1FE98F872
:1034C000003003F00F03012BBDD1C3E70B4A0C49B9
:1034D0000C4840F2BD1313F05EFB86F31188BFF376
:1034E0006F8F0323184602DF98F80120DDE700BF45
:1034F0008436002018AB0200C536002098B50200C3
:103500000CB702007CB0020010B5064C204606F055
:10351000C1FA04F10C0006F0BDFAFFF711FD00201E
:1035200010BD00BFAC36002008B5FFF76FFD0020CE
:1035300008BD00BF38B5094C04F10C05204606F063
:10354000B9FA284606F0B6FA204606F0A3FA28464D
:1035500006F0A0FAFFF7F4FC002038BDAC360020DE
:10356000044A054B801A8008A3FB0030C0F3CF004B
:10357000704700BF84360020F712DA4B044A006817
:10358000044B801A8008A3FB0030C0F3CF007047C3
:1035900084360020F712DA4B28B9044B93F86A00FE
:1035A00000F0010070470020704700BF8436002003
:1035B0001F2957D82DE9F04190F8293000EB8303FB
:1035C00082B0DF6A3B7803F00F03012B0E460546FD
:1035D000904649D00DF10701283006F0D7FA3A7825
:1035E000037802F00F0223F01F03134303703B78AC
:1035F0000278C3F3401363F3451202703B78D2B2F2
:10360000C3F38013394663F38612027011F8023B4C
:10361000D2B2DB0963F3C712044600F8022B06227C
:103620000EF02AFC3246414604F108000636ECF75B
:1036300027FE667095F86A30DB0707D49DF80730DF
:1036400085F82930002002B0BDE8F08195F83530CA
:1036500005EB830321469A6B2846EEF799FA00287A
:10366000ECD0F0E71220704780F840100A46413055
:103670004146ECF705FEE5E703460A4601481946D0
:10368000FFF796BF843600201F295FD82DE9F0414F
:1036900090F8353000EB830382B09E6B0F460446F2
:1036A000904600F13405002E41D028460DF1070167
:1036B00006F06CFA037823F03F03314643F004032D
:1036C000037011F8022BDBB2C2F3801203F03F0348
:1036D00043EA82130370BB1D437005460622023085
:1036E0000EF0CAFB3A46414605F10800ECF7C8FD6A
:1036F00094F86A30DA0707D49DF8073084F835303B
:10370000002002B0BDE8F08194F8292004EB820289
:103710004123D16A0A7802F00F02D340DB07EBD5D0
:103720002A462046EEF734FA0028E5D0E9E7284695
:1037300006F0B0F9C0B258B994F8353004EB830301
:103740009E6B0423337006237370AEE7122070471C
:103750000720D6E703460A4601481946FFF794BFFB
:10376000843600202DE9F84309999DF820900D46F4
:10377000804615F81C4B0134E4B217461E460C7007
:1037800084B11848184B06810022C0E90087C56043
:1037900080F80A90986011460120FBF7FDF880B987
:1037A000BDE8F883114A124912484FF4697313F0C7
:1037B000F2F984F31188BFF36F8F0323184602DFF9
:1037C000DFE70A4A0C490B4840F2B13313F0E3F942
:1037D000002383F31188BFF36F8F0323184602DFA2
:1037E000BDE8F883F83600201C0F00204CB702001B
:1037F000D0B602007CB002004CB20200002070473C
:1038000070B51B4E00241B4A0420A2F11C01A4B970
:1038100096F8344014F001040FD0FDF785FC0546FE
:1038200068B996F83430134A60F3000386F83430F0
:103830000420A2F11C01002CEAD0002070BD10F180
:10384000780FFAD040F296230B490C480C4A13F03B
:10385000A2F90C482A46002113F09DF9002383F3B6
:103860001188BFF36F8F0323184602DFCBE700BF39
:10387000A0220020BC2200208CB702007CB00200F5
:103880004CB70200A4B7020038B50546043001F178
:103890001C02C0B2FDF748FC044600B938BD10F167
:1038A000780F01D10C2038BD40F29623094A0A490D
:1038B0000A4813F070F90A482246294613F06BF9BA
:1038C000002383F31188BFF36F8F0323184602DFB1
:1038D0000C20E8E74CB702008CB702007CB0020075
:1038E000A4B7020010B5124C94F8343003F0010272
:1038F00070B1DAB99B0706D50120FCF753FC06210D
:10390000FAF7BAFF80B1BDE810400948EEF7D8B920
:1039100062B12146FFF7B8FF28B994F8343060F35C
:10392000000384F8343010BD122010BD0C2010BDEF
:10393000A0220020044A0068044B801AC008A3FBA0
:103940000030C0B2704700BFA02200202549922459
:1039500070B9084A92F8343013F0010009D092F897
:10396000200003F00103C0F3401003FA00F0704799
:1039700000207047A022002010B50F4B0F48104CBC
:1039800001224FF4C471FAF711FF0E4B0322181DE8
:103990002421FAF70BFF0C4B0722181D0821FAF718
:1039A00005FF02F007F80949094A032300202060B7
:1039B0000B70137010BD00BF34370020D8220020D8
:1039C0004C38002074370020383700203C5100204C
:1039D0003B5100202DE9F0410768324982B005468D
:1039E0004FF4C4723846FAF733FF05F14C06294606
:1039F00006F006FF286D01AA3146FAF769FF00B309
:103A0000294C4FF6FF7894F8412094F84010531C4D
:103A1000DBB2082B08BF0023994232D004EBC2016D
:103A200024F83280019A4A6012680260019A10609C
:103A3000286D84F8413001AA3146FAF749FF002881
:103A4000E1D1D7F8444107F5A2754CB10023C7F87E
:103A5000443129462046FDF7FDFB02B0BDE8F08168
:103A6000124A1349134840F2FC7313F094F884F39C
:103A70001188BFF36F8F0323184602DFD7F8444144
:103A8000E4E70A4A0C490B484FF4FD6313F083F84E
:103A9000002383F31188BFF36F8F0322104602DFE8
:103AA0001B80FFDED8220020E4370020BCB70200D4
:103AB00004B802007CB00200FCB7020010B50C464E
:103AC000C0B9144B0022012102209C60FAF764FF68
:103AD00000B910BD104A1149114840F2A27313F009
:103AE0005AF8002383F31188BFF36F8F032318461E
:103AF00002DF10BD084A0B49094840F29C7313F0DD
:103B00004AF8002383F31188BFF36F8F032318460D
:103B100002DFD6E74C0F0020BCB702004CB2020017
:103B20007CB0020014B8020008B50C4B002298606B
:103B300011460120FAF730FF00B908BD084A0949CB
:103B4000094840F2CE7313F026F8002383F311885E
:103B5000BFF36F8F0323184602DF08BD2C0F002030
:103B6000BCB702004CB202007CB0020038B504467B
:103B700010F81C3B002B2ED0194D6369A8607BB157
:103B8000184A1949194840F2B77313F004F8002392
:103B900083F31188BFF36F8F0323184602DFA868F1
:103BA00013490F4B0022C4E9051011460120FAF712
:103BB000F3FE00B938BD0B4A0E490C4840F2BE7303
:103BC00012F0E9FF002383F31188BFF36F8F032303
:103BD000184602DF38BDBDE83840FFF7A5BF00BF7B
:103BE0003C0F0020BCB702002CB602007CB00200E3
:103BF000293B01004CB2020008B583685A6892F86C
:103C00002730DB090FD10B4A0B490C4840F21373E4
:103C100012F0C1FF002383F31188BFF36F8F0323DA
:103C2000184602DF08BD0146BDE808400831EEF73E
:103C3000FBBC00BFBCB7020054B102007CB0020064
:103C400000B9704710B50C46FDF72AFA844212D02D
:103C5000FDF708FA84420ED0074A0849084840F2A6
:103C6000D66312F098FF002383F31188BFF36F8FA0
:103C70000323184602DF10BDBCB7020020B80200C3
:103C80007CB0020010B50C46A0B92046FDF7FCF947
:103C900084420ED00F4A1049104840F2EC6312F0F3
:103CA0007AFF002383F31188BFF36F8F0323184635
:103CB00002DF10BD074A0A49084840F2E96312F0E2
:103CC0006AFF002383F31188BFF36F8F0323184625
:103CD00002DFDAE7BCB7020074B802007CB0020071
:103CE00014B8020010B50C46A0B92046FDF7C0F983
:103CF00084420ED00F4A1049104840F2E26312F09D
:103D00004AFF002383F31188BFF36F8F0323184604
:103D100002DF10BD074A0A49084840F2DF6312F08B
:103D20003AFF002383F31188BFF36F8F03231846F4
:103D300002DFDAE7BCB7020074B802007CB0020010
:103D400014B802000148FAF755BD00BF343700200F
:103D50000149FAF765BD00BF3437002002494FF42E
:103D6000C472FAF775BD00BFD822002002464FF496
:103D7000C4710148FAF768BDD822002058B908B5C7
:103D800002464FF4C4710548FAF75EFD038E03B98D
:103D900008BD002008BD0020704700BFD8220020C9
:103DA0000148FAF727BD00BF743700200149FAF730
:103DB00037BD00BF7437002000283CD170B50246E3
:103DC0000E461E484FF4C471FAF73EFD028E0546BA
:103DD000E2B91B4C94F821C094F820100CF10103B7
:103DE000DBB2042B08BF0023994221D024F83C20E9
:103DF00004EBCC0CCCF8046084F82130037843B990
:103E000095F94330002B0EDB002070BD6FF01500DC
:103E100070BD0C4B012198600320FAF7BDFD95F9A8
:103E20004330002BF0DA0021284604F045FDEBE793
:103E30006FF0680070BD6FF015007047D822002049
:103E4000283800205C0F00202DE9F04782B0BDF833
:103E50002870BDF82C80BDF83090B0B90C461546DE
:103E60004FF4C471024619481E46FAF7EDFC038E62
:103E7000824653B96CB1022C03D0012002B0BDE8D8
:103E8000F087CDB901F0DAFF12E0022002B0BDE800
:103E9000F0870D9B0193CDF8009043463A4631469A
:103EA00001F050FF0028E9D19AF94330002B07DBDD
:103EB000002002B0BDE8F087294601F0CFFFF7E708
:103EC0000146504604F0F8FCF2E700BFD82200207B
:103ED000E0B938B502460C460D484FF4C471FAF704
:103EE000B3FC038E054643B901F0DCFE38B103682C
:103EF000236003792371002038BD022038BDD5F836
:103F00003E30236095F842302371F4E70220704779
:103F1000D822002038B510B10224204638BD024610
:103F20000C4615484FF4C471FAF78EFC038E054613
:103F3000FBB91A2C04D8042C16D81224204638BDFC
:103F4000292C01D03B2CF8D12146284601F090FEC7
:103F500004460028E1D195F94330002BDDDA014613
:103F6000284604F0A9FCD8E7044BE340DB07EBD478
:103F7000E3E70C24D1E700BFD8220020200038045A
:103F800038B598B902464FF4C4710D48FAF75CFC95
:103F9000038E054653B9012101F018FE044618B9F5
:103FA00095F94330002B04DB204638BD022420461F
:103FB00038BD0146284604F07FFC204638BD00BFCE
:103FC000D822002038B590B902464FF4C4710C488D
:103FD000FAF73AFC038E05464BB901F00FFE044692
:103FE00018B995F94330002B04DB204638BD022474
:103FF000204638BD0146284604F05EFC204638BD08
:10400000D8220020C0B938B50D4614464FF4C4710B
:1040100002460A48FAF718FC0346008E50B993F896
:104020006420C2F302022A7093F86530C3F30203DE
:10403000237038BD022038BD02207047D8220020EE
:10404000024A034B10701970002070473C51002049
:104050003B510020F0B583B0F8B90F4616464FF437
:10406000C471024613481D46FAF7EEFB038E044660
:104070009BB9D0F82031DB0513D52B4601250095DF
:104080003246394601F0CCFD054618B994F9433063
:10409000002B0ADB284603B0F0BD0225284603B0FA
:1040A000F0BD1A25284603B0F0BD0146204604F0B5
:1040B00003FCEFE7D822002060BB10B502460C4697
:1040C00015484FF4C471FAF7BFFB038E03BB438E50
:1040D000B0F87621052B0FD801339BB202FB03F316
:1040E0000E494FF4FA7202FB03F3A1FB0313C3F36F
:1040F0004F332380002010BD03FB02F2074940F23A
:10410000E24303FB02F2A1FB0212C2F34F33F0E7DA
:10411000022010BD02207047D82200205917B7D1C5
:1041200058BB10B502460C4615484FF4C471FAF757
:104130008BFB038EFBB9438E42F2107202FB04F13B
:10414000052B01F1FF310DD801339BB24FF4FA7208
:1041500002FB03F31944B1FBF3F189B2A0F8761125
:10416000002010BD40F2E24202FB03F31944B1FB10
:10417000F3F189B2F2E7022010BD0220704700BFC0
:10418000D8220020FFF7F8BB38B500224FF4C471E5
:104190001848FAF759FB044600F11C0201460520B5
:1041A000FCF7C2FF18B110F1780F05460DD1124986
:1041B000124A00234FF6FF702086A3670B84A2F8F3
:1041C0004030BDE83840FFF7D7BB40F221730C49BF
:1041D0000C480D4A12F0DFFC0C482A46002112F070
:1041E000DAFC002383F31188BFF36F8F0323184693
:1041F00002DFDCE7D822002028380020E437002046
:104200008CB702007CB00200BCB70200A4B7020069
:10421000014B1878704700BF3C510020014B1878C3
:10422000704700BF3B51002038B58B6808601D689F
:104230002B780C46A3B16B6973B10C4A0C490D483D
:104240004FF45E7312F0A7FC002383F31188BFF3D1
:104250006F8F0323184602DF074BC5E9053438BDCD
:10426000BDE838400846FFF7C7BC00BFBCB7020036
:104270002CB602007CB00200F93B01000B68DA8822
:1042800092BB70B50C4606464FF4C4711848FAF755
:10429000DBFA038E05461BBB01F01CFE2268137F70
:1042A00003F00303032B08D1012313712268314665
:1042B0002846BDE8704001F021BE53B995F8703131
:1042C0009B0703D53D2385F84031226801231371F4
:1042D00070BD95F870319A07FAD53D2385F84031C5
:1042E000236801221A7170BD01221A71704700BF44
:1042F000D8220020F8B50446008E1D464FF6FF7305
:1043000098420F4616460CD02046C4E93F76A4F8E2
:10431000045101F0EDFB94F8703113F0010010D15D
:10432000F8BD0B4A0B490C4840F2BE3312F033FC87
:10433000002383F31188BFF36F8F0323184602DF36
:10434000E2E76FF3000384F870316FF08B00F8BD83
:10435000BCB70200B0B802007CB00200F8B51C4C3B
:104360001C4E94F8212007461AE0FAF76DFA03462E
:10437000C4301B8E0BBB696801F04EF994F8201015
:1043800094F821204B1C8A4207F1FF30DBB204D0A5
:10439000042B08BF002384F8203010F0FF0716D04C
:1043A00094F8203093424FF4C47130460FD034F863
:1043B000332004EBC305002AD7D069680B796FF36B
:1043C00001034FF6FF700B71FCF7F2FDD6E7F8BD65
:1043D00028380020D82200202DE9F04F414A1468E7
:1043E000A04206460B4604BF00211160008EA6F8CD
:1043F0004A01182283B0012186F8482186F86031ED
:10440000304601F07FFB06F1C407304601F08EFB19
:10441000384601F0E9F8384601F01EF90446002854
:104420003BD00379DFF8C090DFF8C0B0DFF8C0A060
:1044300003F00303032B0CBF03460023036048462D
:10444000FAF7D8F906F16C080546B8B1214642469C
:104450002846FAF72BFA384601F0FEF80446E0B198
:10446000037903F00303032B0CBF0346002303600F
:104470004846FAF7BFF905460028E7D11D4840F243
:104480008D735A46514612F086FB85F31188BFF3AF
:104490006F8F0323184602DFD8E7328E164B009643
:1044A0000532D2B201210020FBF7B4FD10F0FD0F60
:1044B0000ED00E4A11490F4840F2537312F06BFBB5
:1044C000002383F31188BFF36F8F0323184602DFA5
:1044D0004FF6FF73FF20338603B0BDE8F04FFFF7C0
:1044E0003DBF00BF4C38002038370020BCB7020069
:1044F0000CB802007CB00200BD3A010080B8020096
:1045000000293BD02DE9F84F4D1EDFF87490DFF8FD
:1045100074B0DFF874A00746EDB200F1C40815E0EE
:10452000237903F00303032B0CBF234600232360EE
:10453000FAF760F9064690B1013D07F16C02214699
:104540003046EDB2FAF7B2F9FF2D06D0404601F041
:1045500083F804464846002CE2D1BDE8F88F0B48AA
:1045600040F2B5535A46514612F015FB86F31188B6
:10457000BFF36F8F0323184602DFDDE7704700BFEC
:1045800038370020BCB702000CB802007CB0020033
:1045900010B504460120FFF7E1FE20460121BDE8E9
:1045A0001040FFF7ADBF00BF0149FAF739B900BFAE
:1045B00038370020014B93F841007047E437002062
:1045C00000B50A4B93F840C093F841E0F4450BD096
:1045D00080F800E033F83C00088003EBCC035B6814
:1045E000136018685DF804FB0020FBE7E437002047
:1045F000074B93F840C0844508D003EBCC0033F858
:104600003C300B8043681360186870470020704787
:10461000E4370020094A92F8401092F841308B426A
:1046200009D04B1CDBB2082B08BF002352F8310025
:1046300082F8403070470020704700BFE437002008
:1046400008B5134A92F841C092F840E00CF101031A
:10465000DBB2082B08BF00239E4508D022F83C009F
:1046600002EBCC0CCCF8041082F8413008BD094AAA
:1046700009490A4840F2F45312F08DFA002383F3FB
:104680001188BFF36F8F0322104602DF1B80FFDE0D
:10469000E4370020BCB7020028B902007CB0020059
:1046A000F8B55779144605460E467FB3237903F0D3
:1046B0000302032A0CD04FF6FF72954204BF6FF33A
:1046C0000103237121462846BDE8F840FCF770BC81
:1046D0004FF6FF739D4228D133689C423AD0002B9D
:1046E000F0D01F4A1F49204840F2166312F053FAD7
:1046F000002383F31188BFF36F8F0323184602DF73
:1047000021462846BDE8F840FCF752BC144A174938
:10471000154840F2016312F03EFA87F31188BFF3A7
:104720006F8F0323184602DFC0E72A464FF4C47197
:104730000F48FAF789F8214601F0AEFB3368A3422F
:10474000CDD13DB90A482A464FF4C471FAF77CF836
:10475000038E03B100202146BDE8F84001F07CB98A
:10476000BCB702003CB902007CB0020030B90200C4
:10477000D82200201B207047704700BF90F870318E
:1047800043F0020380F87031704700BF90F8703139
:104790006FF3410380F87031704700BF0278838F58
:1047A00012B1581E80B27047C18EB0F8042158185B
:1047B000104480B2704700BF10B50B68C0F83E309F
:1047C00004463E300B7903710521FAF7FDF994F8A0
:1047D000433060F3050384F8433010BDF8B5064656
:1047E0000F46154601F02AF8044600283CD02A1F3F
:1047F000201D092A06D8DFE802F01F22250505053D
:104800000528052B234A2449244840F2DF2312F0CF
:10481000C2F9002383F31188BFF36F8F0323184677
:1048200002DFE3797B732146304601F01DF8304604
:1048300003F040FD2046F8BD02F06EFCF1E702F007
:1048400083FCEEE702F08AFCEBE702F091FCE8E77C
:1048500096F8103197F84E101BB1D6F820315B074F
:1048600011D402F08FFCDCE70A4A0D490B484FF4E3
:10487000317312F090F984F31188BFF36F8F032323
:10488000184602DFB3E70A4697F84D1002F086FC9F
:10489000C7E700BF5CB9020054B102007CB002005F
:1048A0002CB90200F8B505460C4600F0BFFF28B948
:1048B000204600F0FDFF0323A372F8BD0422214629
:1048C0002846FFF78BFF8368C268C4F84720C4F806
:1048D00043300369C5F89C30A6690023A361A6B1E3
:1048E0000323377933712B8EF38006F11C012046A8
:1048F00002F0FAFB2D2F02D00423A372F8BD30681A
:104900003146FCF715FB0423F7E7074A0749084837
:1049100040F2F62312F03FF986F31188BFF36F8F50
:104920000323184602DFDBE75CB90200A0B90200EE
:104930007CB0020070B504460D4600F077FF10B958
:104940000623AB7270BD04F17F063346002205F1E9
:104950003B0105F12B0007F04FFAD4F88B10C4F897
:10496000AC10D4F87F10C4F8A010D4F89810D4F884
:104970008320D4F88730C4F8B91000200021C4E99E
:104980002C01C4F8A42094F8B81094F89720C4F827
:10499000A830D4F89C30C4F8BD30002363F3000184
:1049A00084F88F3084F8903084F8913084F8923015
:1049B00084F8933084F8943084F8953084F89630F5
:1049C00042F0010384F8B81084F897300522294694
:1049D0002046FFF703FF4FF4C1636B8194F87E30EC
:1049E00043F0080384F87E3070BD00BFF0B50C467C
:1049F000897A83B0064615460D2900F22C81DFE83E
:104A000001F05E6669959907070C1736393E4F52DB
:104A1000002D00F0A18003B0F0BD002DFBD1214698
:104A200000F004FF002840F0C7800723A372F2E7DC
:104A3000022DF0D1A5690023A361002D00F0EE80C6
:104A400003272F71338EEB80237A052B00F0E18052
:104A5000062B40F0CF801A232B712146304600F000
:104A6000E5FE002840F08D800923A372D3E7002DD6
:104A7000D1D1F2E7002DCED10B23A372CBE7072DC6
:104A8000C9D1012100F0F4FE3046FFF777FE214640
:104A9000304600F0CBFE002864D10C23A372BAE7A5
:104AA000002DB8D1F3E7082DB5D140F20233638170
:104AB00090F87E306FF3041380F87E30ABE7002D62
:104AC000A9D1237A062BD7D00223A372A3E7002D06
:104AD000FAD0A0E7012D9ED12946019300F0C8FE2F
:104AE0003046FFF74BFE304602F018F8019B5A683B
:104AF0009968C4F82510C4F821201A7B84F829206D
:104B00005A7B84F82A20D3F80E20D3F81210C4F868
:104B10003F10C4F83B20D3F81630C6F89830214631
:104B2000304603B0BDE8F040FFF7BCBE002D7FF477
:104B300072AFF4E7032D0CD0042D7FF46CAF062187
:104B400040F20362072384F82010A4F84D20A372DA
:104B500061E70523A3725EE7214603B0BDE8F0409C
:104B6000FFF7E8BE0B2221463046FFF737FE40F63E
:104B70000D33638196F87E306FF3C30386F87E3081
:104B800049E7062221463046FFF728FE304603F06B
:104B900065FD0023A3720121304600F07DFE304602
:104BA000FFF7F4FD304601F0BDFF96F87E3043F08C
:104BB000100386F87E302EE70D2221463046FFF79F
:104BC0000DFE304603F04AFD94F82030062B34D019
:104BD000242B3FF420AF284A2849294840F2773354
:104BE00011F0D9FF85F31188BFF36F8F03231846A7
:104BF00002DF10E7204A2149214840F21E3311F01C
:104C0000CAFF002383F31188BFF36F8F384602DF9A
:104C100023E705F11C0002F0A1FA1EE7164A194924
:104C2000174840F20F3311F0B6FF85F31188BFF338
:104C30006F8F0323184602DF02E70121A17230467D
:104C400000F02AFE3046FFF7A1FD304603B0BDE874
:104C5000F04001F067BF084A0849094840F2D343D1
:104C600011F099FF002383F31188BFF36F8F0323A3
:104C7000184602DFCFE600BF5CB9020054B1020063
:104C80007CB00200A0B9020092F81FC0ACF1030C86
:104C900002F11C03BCF1080F06D8DFE80CF0120586
:104CA000050F0505050C09003D2380F840317047CC
:104CB0000822FFF79BBE0722FFF798BE0222FFF7EC
:104CC00095BE0122FFF792BE00230322FFF78EBE9E
:104CD00000230422FFF78ABE887AA0F10400B0FA0C
:104CE00080F04009704700BF13460022FFF77EBEE8
:104CF00070B591F8263091F82720042B0C4603D884
:104D0000032B01D0042A0DD91343112113F00703FB
:104D100084F822104FF001050CD184F822300125CF
:104D2000284670BD032A0DD0134313F007034FF03C
:104D30000005F2D0A68CFFF731FD801B0304EFD4F1
:104D40002823EAE7112381F822300125F2E700BF8A
:104D500070B58D6900230C4606468B61002D35D059
:104D600094F82130DB071ED52B792D2B1ED11D2366
:104D70002B71338EEB8094F822302B7796F86530C8
:104D8000C3F30203AB7796F86430C3F302036B7787
:104D900028682946FCF7CCF894F821306FF300031B
:104DA00084F8213070BD01232B71F1E70F4A1049BF
:104DB000104840F2B91311F0EEFE002383F311887E
:104DC000BFF36F8F0323184602DFD0E7074A0A4973
:104DD00008484FF4DB7311F0DEFE85F31188BFF352
:104DE0006F8F0323184602DFBAE700BFA4B90200A1
:104DF000E8B902007CB00200A0B90200F8B505468F
:104E00000C4601F083FE10B10123A372F8BD2846C1
:104E100003F03EFA0028F7D12146284600F006FDAF
:104E20000028F1D0284603F031FA0728ECD0012100
:104E3000284603F025FA0D21284603F025FA16230B
:104E400063732146284600F0F9FC0646E06100281D
:104E500043D0637B66610027162BE76116D0274A93
:104E6000274928484FF4D27311F095FE87F3118833
:104E7000BFF36F8F0323184602DF2846314600F048
:104E8000F3FC2846BDE8F84001F050BE94F820300D
:104E900095F88421C3F3C20363F3C50285F8842126
:104EA00094F8202095F8843162F3020385F8843168
:104EB00094F8203095F86420C3F3801363F3C302A1
:104EC000311D85F86420204602F07EF90221284633
:104ED00000F0CEFC0223A372CFE7084A0A49094832
:104EE0004FF4BF7311F057FE86F31188BFF36F8F35
:104EF0000323184602DFE669ABE700BFA4B902004E
:104F000054B102007CB0020010BA0200F8B50546A8
:104F10000C4603F0C7F910B10223A372F8BD214675
:104F2000284600F083FC0028F6D0284603F0AEF9AE
:104F30000728F1D00D21284603F0A6F91723637343
:104F40002146284600F07AFC0646E06120B3637BE8
:104F500066610027172BE76116D0174A17491848D2
:104F600040F2C93311F017FE87F31188BFF36F8F3A
:104F70000323184602DF2846314600F075FC284618
:104F8000BDE8F84003F096B9311D284602F040F91B
:104F900041F603036381EEE7074A0A4908484FF4E4
:104FA000697311F0F8FD86F31188BFF36F8F032347
:104FB000184602DFE669CAE7A4B9020054B102004C
:104FC0007CB0020010BA0200F0B591F80AC083B0BC
:104FD0000C46074615461E46BCF1090F0BD8DFE804
:104FE0000CF005051B0A0A0A310A74A8002A00F011
:104FF000AF8003B0F0BD9E4A9E499F4840F26533A2
:1050000011F0C9FD002383F31188BFF36F8F0323D1
:10501000184602DF03B0F0BD032AEAD190F843300E
:10502000DB0940F0C880924A9249934840F28A23B3
:1050300011F0B1FD002383F31188BFF36F8F284671
:1050400002DFD6E7052A00F0A980062A00F0858055
:10505000022ACED190F94330002B0EDB844A8749D7
:10506000854840F2CB2311F096FD002383F311888D
:10507000BFF36F8F0323184602DF0221384603F087
:10508000FFF83146204602F0D9F821463846FFF7AE
:105090002FFE0546204600F00BFC002D40F0A580B9
:1050A00094F827302BB197F8642063F3061287F841
:1050B0006420384601F044FD0823A37202213846DB
:1050C00003B0BDE8F04000F0E7BB002A91D18D8C21
:1050D000FFF764FB401B03048BD497F9435097F808
:1050E000640097F8652094F8263094F82710002D76
:1050F00000F0070C02F00706C0F29380002138464A
:1051000003F0BEF894F82030002284F82220DB0956
:1051100094F8212063F3000284F8212097F864308A
:10512000C3F3020262F30613092287F86430A27205
:105130005FE7042A7FF45DAFFFF70AFE384601F00F
:10514000C3FD0021384603F09FF80023A37250E707
:1051500003B0BDE8F040FFF751BE002103F090F826
:10516000D7F820311A2223F48073C7F8203184F84D
:105170002220204600F09CFB94F8213043F00103EC
:1051800084F8213097F86430C3F3020262F3061307
:10519000092287F864300221A27290E73146204646
:1051A00002F00AF894F84E3084F822300021384694
:1051B00003F066F8DDE7324B90F8642093E80300D3
:1051C00094F82030134302AD03F0070305E9030010
:1051D00008336B44022113F8083C63F3061241F6CE
:1051E000060387F86420638169E70021384603F0ED
:1051F00047F894F822300BB187F8403194F820300A
:1052000094F82120DB0963F3000284F8212097F849
:105210006430C3F3020262F3061387F86430092393
:105220004BE711F0030115D061F3020013F0030303
:1052300087F8640019D063F302028C4587F8652073
:1052400010D00021384603F01BF8002384F82230E8
:1052500001235DE713F003033FF450AF63F3020251
:1052600087F865209E42ECD148E78C45E9D145E7B7
:10527000A4B9020054B102007CB0020024BA0200BA
:1052800020AB0200F0B50C46897A83B0064615467D
:10529000092906D8DFE801F0161B545D0505BF0596
:1052A00090AF854A8549864840F20A5311F073FC55
:1052B000002383F31188BFF36F8F0323184602DFA7
:1052C00003B0F0BD002DFBD10123A372F8E719460E
:1052D000204601F08FFF94F8202096F88431C2F325
:1052E000C200C3F3C2010140C3F30203C2F30200D0
:1052F000034043EAC10322F03F02134384F8203005
:1053000096F94330002B0BDB94F8203013F0380F64
:1053100040F0A28094F8203023F03F0384F820303E
:105320000221304600F0A4FA012DC9D196F843308D
:10533000DB0907D1604A6149614840F23443B5E76F
:10534000002DBDD12146304603B0BDE8F040FFF747
:10535000DDBD022DB4D190F94330002B0EDB564A4F
:105360005849574840F2544311F015FC002383F389
:105370001188BFF36F8F0323184602DF524B96F854
:10538000642093E8030094F82030134302AD03F047
:10539000070305E9030008336B44022113F8083CB6
:1053A000304663F30612062386F86420A37203B026
:1053B000BDE8F04000F070BA002D81D1A78CFFF756
:1053C000EDF9C01B03043FF57BAF84F8225096F93A
:1053D000430096F8642094F8261094F827300028AB
:1053E00002F0070C3CDB2A4694F8213062F30003FC
:1053F00084F8213025E0042D7FF462AF2146FFF7C9
:10540000A7FC304603F02AF90021304602F03CFFA9
:105410000023A37254E7032D7FF452AF19462046B0
:1054200001F00CFF21463046FFF762FC054620469E
:1054300000F03EFA75B394F82230282B01D186F89B
:10544000403196F86430C3F3020262F30613092276
:1054500086F86430A27233E75A077FF461AF59E7E8
:1054600096F8650013F0030301F0030100F007074D
:1054700016D063F3020286F86420C1B99C4518BFB8
:105480000122B1D196F8652002F00705EA1B18BF8A
:105490000122A9E7304602F013FF0823A3720FE7A9
:1054A0000029A0D061F3020086F86500EAE761F305
:1054B000020086F86500E1E7A4B9020054B10200D9
:1054C0007CB0020024BA020020AB020092F81FC098
:1054D000BCF1110F02F11C030FD0BCF1180F12D058
:1054E000BCF1070F0CD010B524230C4680F84031D6
:1054F00001F0EAFB0023A37210BD0522FFF764BD93
:105500000622FFF761BD0222FFF75EBD13460022AF
:10551000FFF75ABD13460322FFF756BD38B58B7A05
:10552000092B14D8DFE803F012121213131312130D
:10553000120505460C46FFF70BFC284601F0C4FB9C
:105540000021284602F0A0FE0023A37238BD084ABD
:105550000849094840F2653311F01DFB002383F32D
:105560001188BFF36F8F0323184602DF38BD00BFD9
:10557000A4B9020054B102007CB0020010B592F848
:105580001FE0BEF1160F02F11C030BD0BEF1180F85
:105590000DD024230C4680F8403103F05FF800233F
:1055A000A37210BDBDE810400122FFF76BBEBDE83D
:1055B00010400322FFF766BE13460022FFF762BECB
:1055C00013460222FFF75EBE00230422FFF75ABEF5
:1055D0000023037043608360C3600361704700BFB2
:1055E000037801330370704703785BB9C3687BB1FC
:1055F00002691AB1816861B10B6082600023C360E7
:1056000003617047013BDBB20370002BEED07047A3
:1056100070474360F1E700BF03783BB100230C30D3
:105620000B60436843B11960416070470023043048
:105630000B604368002BF6D101604160704700BFEA
:1056400000230B60836813B119608160704741606B
:1056500081607047406870470346406828B1996888
:1056600002685A60884208BF9A6070474078A0F18B
:105670000C00B0FA80F04009704700BF4078A0F1FC
:105680000800B0FA80F04009704700BF4078A0F1F0
:105690000200B0FA80F04009704700BF4078A0F1E6
:1056A0001700B0FA80F04009704700BF4078A0F1C1
:1056B0000100B0FA80F04009704700BF4078A0F1C7
:1056C0000900B0FA80F04009704700BF4078A0F1AF
:1056D0000600B0FA80F04009704700BF4078A0F1A2
:1056E0001800B0FA80F04009704700BF4078A0F180
:1056F0000300B0FA80F04009704700BF4078A0F185
:105700000500B0FA80F04009704700BFF8B50646C2
:1057100008460D46F9F76EF8044680B1002745604B
:105720000672476187612C22394620300CF024FC38
:105730004FF47F43FF2262726381A381A7732046E7
:10574000F8BD00BF4078A0F10200B0FA80F0400937
:10575000704700BF4078A0F10200B0FA80F0400925
:10576000704700BF4078A0F10100B0FA80F0400916
:10577000704700BF4078A0F10200B0FA80F0400905
:10578000704700BF4078A0F11800B0FA80F04009DF
:10579000704700BF4078A0F10100B0FA80F04009E6
:1057A000704700BF4078A0F10100B0FA80F04009D6
:1057B000704700BF4078A0F10900B0FA80F04009BE
:1057C000704700BF4078A0F10300B0FA80F04009B4
:1057D000704700BF4078A0F10300B0FA80F04009A4
:1057E000704700BF38B5456804462DB129462046AC
:1057F000BDE83840F9F714B8094A0A490A48702345
:1058000011F0C9F985F31188BFF36F8F0323184690
:1058100002DF656820462946BDE83840F9F700B840
:105820003CBA02007CBA02007CB00200024B18684D
:10583000003818BF012070477C0F002010B50448C5
:10584000F8F7D8FF04460430FEF796FF204610BD57
:105850007C0F002008B50120FBF77EFB003818BF45
:10586000012008BDFBF792BBC430FFF7E9BE00BFC3
:1058700038B590F8363105460C461BB11C4385F807
:10588000364138BDC430FFF7ABFE95F836311C43C6
:1058900085F8364138BD00BF90F8363123EA010162
:1058A00080F8361101B17047C430FFF79DBE00BFCC
:1058B00038B58569044645B12B792D2B04D02D23AD
:1058C0002B71A36922691A6038BD084A0849094842
:1058D0004FF4967311F05FF985F31188BFF36F8F62
:1058E0000323184602DFA569E6E700BF3CBA0200C1
:1058F00088BA02007CB0020038B5856904465DB103
:105900002B792D2B00D038BD01232B71A169BDE867
:1059100038400868FBF70CBB074A084908484FF4B1
:105920009D7311F038F985F31188BFF36F8F03234E
:10593000184602DFA569E3E73CBA020088BA020014
:105940007CB002008B6913B11A792D2A08D0CB697B
:105950002BB1D0F83C211A60CB69C0F83C317047BC
:105960001B68D0F838215A608B6901221A718B6943
:10597000C0F83831EBE700BFF8B50D4F05463846A3
:10598000F8F738FF044680B100264760057246618B
:1059900086612C22314620300CF0EEFA4FF47F4322
:1059A000FF2262726381A381A6732046F8BD00BF07
:1059B0006C0F002010B50A4B062258685021F8F7EA
:1059C000F5FE084B012258685021F8F7EFFE064B10
:1059D000BDE81040586804222C21F8F7E7BE00BF4C
:1059E000740F00206C0F00207C0F002038B5044697
:1059F000002501F029F92046C4E9365584F8E45021
:105A000002F020FEC4F80851C4E93A5584F8F65073
:105A1000A4F8F450A4F8F850C4F80B51A4F8285195
:105A2000C4F81051C4F81451C4F81851C4F81C51EA
:105A3000C4F82051C4F82451FAF778FB94F87E306A
:105A400084F83651C4E94801C4E94E5523F01803DF
:105A500084F87E30A58738BD08460149F8F7E0BED6
:105A60007C0F002038B5B0F8E2500346144625B14B
:105A7000A9420ED26D1AA0F8E250B3F8F22022B17A
:105A800091420DD2521AA3F8F22000231846237037
:105A900038BD00F09BFF054658B12B7A0A2B03D086
:105AA00022236FF07300F2E795F820306FF0730057
:105AB000EDE7074A0749084840F2022311F06BF866
:105AC00085F31188BFF36F8F0323184602DFE4E7E5
:105AD0003CBA02009CBA02007CB00200034B0B44AB
:105AE000B3FBF1F3A0F8F830704700BFFF59620232
:105AF00010B5044602F0AEFD2046BDE8104001F0AE
:105B0000ABB800BF10B5044611B1012907D010BDD4
:105B100002F0A8FD2046BDE8104001F0FFB802F0F9
:105B2000A5FD2046BDE8104001F01CB970B5D0F8C5
:105B30003841064634B1206821464468FBF7ECF949
:105B4000002CF8D1D6F83C410023C6F838313CB1DE
:105B5000054D204624682946F8F762FE002CF8D14E
:105B60000023C6F83C3170BD7C0F002090F9433013
:105B7000002B14DA70B504460E4603200949154679
:105B8000FFF7C4FD014640B180F8206080F8215045
:105B9000204600F0E7FE002070BD0C2070BD0C20F8
:105BA000704700BF740F002010B50749044601205C
:105BB000FFF7ACFD28B10146204600F0D3FE0020DF
:105BC00010BD0C2010BD00BF740F002038B5044676
:105BD0000D4602200849FFF799FD58B190F8203092
:105BE00065F30003014680F82030204600F0BAFE3D
:105BF000002038BD0C2038BD740F002010B50749B7
:105C000004460420FFF782FD28B10146204600F03B
:105C1000A9FE002010BD0C2010BD00BF740F002095
:105C20002DE9F04105468846072010499DF8186087
:105C300017461C46FFF76AFDA8B1E30008F0070805
:105C400003F03803BF0143EA080307F040073B4372
:105C500043EAC613014680F82030284600F082FE51
:105C60000020BDE8F0810C20BDE8F081740F002019
:105C700038B504460D4601F0CDF8204602F052FD3D
:105C800007490A20FFF742FD38B1014680F820504D
:105C9000204600F067FE002038BD0C2038BD00BF54
:105CA000740F002008B590F94330002B08DB00F09A
:105CB0008DFE20B1037A0B2B0CBF2230002008BDD3
:105CC00002F0ECFAF5E700BF70B506460D4602F0AB
:105CD000E5FA20B1037A053B012B044601D90C20DB
:105CE00070BD01463046FEF7F7FF0028F7D029685F
:105CF0006A68AB68ED68C4F837503046C4F82B10BA
:105D0000C4F82F20C4F833302146FEF7DDFF002011
:105D100070BD00BF38B5054602F0C0FA20B1037A65
:105D2000053B012B044601D90C2038BD014628460D
:105D3000FEF7D2FF0028F7D028462146FEF7C8FF1D
:105D4000002038BD2DE9F0470546D0F82001BDF808
:105D50002090099E9A4683078846174632D495F9C3
:105D60004330002B50DB30490820FFF7CFFC0446BE
:105D7000002C56D0237A082B2AD0092B34D1A4F832
:105D800026802785A4F82AA0A4F82C90002E3ED0C7
:105D90003388238773886387B388A387F388E3876F
:105DA0003389A4F840307389A4F8423095F9433020
:105DB000002B12DA2846FDF7D1FF0146284602F0F3
:105DC0007BFD0AE018490920FFF7A0FC0446CFE755
:105DD0002785A4F82AA0A4F82C902846214600F094
:105DE000C1FD0020BDE8F087104A1149114840F27A
:105DF000054310F0D0FE002383F31188BFF36F8FAB
:105E00000323184602DFE8E71A20BDE8F0870A4AB4
:105E10004FF0FF33C4E90E23A4F840304FF6FF7370
:105E2000C2E70C20DEE700BF740F00203CBA02007E
:105E300054B102007CB002000000FFFF10B5044620
:105E400002F02CFA10B1037A092B00D010BD0146E4
:105E50002046BDE8104002F043B800BF38B5044604
:105E60000D4602F01BFA10B1037A092B00D038BDA1
:105E700080F8205001462046BDE8384002F034B892
:105E800008B502F00BFA28B1007AA0F10900B0FAC7
:105E900080F0400908BD00BF38B505460C4600F04B
:105EA00095FD10B14369A3420ED0284602F0F6F9E1
:105EB00010B14369A34200D038BD224601462846AE
:105EC000BDE8384002F098BB01462246284600F063
:105ED00085FEEAE710B5044600F078FD18B10146EA
:105EE000204600F09FFE204602F0D8F9014620B17E
:105EF0002046BDE8104002F093BB10BD2DE9F041F3
:105F0000537F144605460E46002B3FD0D37F1E2BF1
:105F100029D9284600F05AFD0746284602F0BEF966
:105F20000146002F5ED0FA7AE37F002848D09342E2
:105F3000C07A51D03A7B002A5DD098424ED00A7B7D
:105F4000002A4BD1072B6DD0112B04D14A7B94F83A
:105F500020309A4242D02346324639462846BDE890
:105F6000F04100F0F1BD444A52F8232022B104F17F
:105F70001C00904760B1E37F022BCAD10123224667
:105F800031462846BDE8F04102F074BBFF23D377C9
:105F9000284600F01BFD28B1E27FC37A9A420DD05B
:105FA000037B5BB9284602F079F9002850D0E27FE4
:105FB000C37A9A4202D0037B002BE0D0BDE8F08187
:105FC0009342C8D03A7B002AC5D1072B4DD0112B64
:105FD0004BD00D2BBFD0D1E798421CD11F2385F8A1
:105FE0004031EBE70028C9D0234632462846BDE8B9
:105FF000F04102F07DBA072B2CD0112B18D0B3F151
:106000000D0218BF012298421FD00B7BEBB9002A6A
:10601000A1D02423E3E70A7B002ADFD1072B95D008
:10602000112B98D14B7B94F820209A42D6D092E73E
:106030007A7B94F82030D21A18BF0122112804D09C
:10604000087B10B9487B9842E1D1002ACCD1C5E742
:10605000034694E77A7B94F82030D21A18BF0122C5
:106060000728EDD1002ABFD1B8E77A7B94F8203019
:106070009A4283D16FE700BFA0BA020070B505460F
:106080000E46FFF7DBFB044600285BD0337A013B6A
:10609000211D092B06D8DFE803F021272D34050543
:1060A0000505053A2E4A2F492F48DD2310F073FDD0
:1060B000002383F31188BFF36F8F0323184602DF99
:1060C000E379737321462846FFF7CEFB337A0A2B18
:1060D00024D02846BDE8704000F028BD084600F0F6
:1060E000B7FE1323F372EBE7284600F0E5FE092321
:1060F000F372E5E7304600F09DFFFF237461F37211
:10610000DEE7084600F0B8FF0C23F372D8E730460C
:1061100000F0A2FFFF237461F372D1E76B8EB5F834
:106120007C1140F2E24202FB03F342F2107202FBE6
:10613000013101392846B1FBF3F1BDE8704089B265
:1061400000F0FABC064A09490748A22310F023FDD3
:1061500084F31188BFF36F8F0323184602DF95E79E
:106160001CBB020054B102007CB002002CB902003A
:10617000F8B506460C4602F095F820B10323002539
:10618000A3722846F8BD21463046FFF74FFB05466F
:106190000028F3D021463046FFF750FB0746002881
:1061A0003AD0237A022B07F104002ED0042B22D000
:1061B000012B25D0204A2149214840F25E4310F0AE
:1061C000EAFC002383F31188BFF36F8F0323184683
:1061D00002DFFB79637339463046FFF745FB3046F3
:1061E00002F068F80423A372304602F037FA002365
:1061F000A3722846F8BD00F03FFFFF23E372E8E7F3
:1062000000F030FEFF23E372E3E70146304600F082
:1062100077FEFF23E372DCE7074A0A4908484FF498
:10622000836310F0B8FC87F31188BFF36F8F0323EB
:10623000184602DFB5E700BF1CBB020054B10200E4
:106240007CB002002CB9020038B50B7A042B0C4646
:10625000054612D006D8013B012B19D8BDE83840BD
:10626000FFF786BF0A2B13D102F0F8F994F820301B
:106270000022A27285F8403138BD90F80831BBB9D0
:10628000FFF776FF0028F7D0012385F8083138BDE5
:106290000A4A0B490B4840F20E5310F07CFC0023D5
:1062A00083F31188BFF36F8F0323184602DF38BDD5
:1062B00002F0D4F90023A37238BD00BF1CBB02005A
:1062C00054B102007CB0020070B50C46897A0646D3
:1062D000154604297DD8DFE801F00E0313060500FA
:1062E000022D2BD070BD002DFCD121463046BDE8DB
:1062F0007040FFF7A9BF002DF4D10123A37270BD38
:10630000002DEFD1237A0A2B09D1304602F0A6F9ED
:1063100094F820300022A27286F8403170BD354AD0
:106320003549364840F2245310F035FC85F3118886
:10633000BFF36F8F0323184602DFE6E7DA78627255
:10634000023A102A24D801A151F822F0C1630100B9
:106350009163010091630100916301009163010069
:1063600091630100B9630100916301009163010031
:1063700091630100B1630100916301009163010029
:10638000916301009163010091630100EB620100E0
:10639000184A1B49194840F20D4310F0FCFB00233A
:1063A00083F31188BFF36F8F0323184602DF9CE746
:1063B000194600F089FE98E7194600F0E1FD94E7E0
:1063C0001946204600F054FE08213046FFF750FAE7
:1063D0008BE7084A0A49094840F28A5310F0DBFB70
:1063E000002383F31188BFF36F8F0323184602DF66
:1063F00070BD00BF1CBB020064BB02007CB0020089
:1064000054B102002DE9F041D1F8188000260C4665
:1064100005468E61B8F1000F3BD00126032788F8AE
:1064200004702B8EA8F80630237A022B08F11C0189
:106430001AD0042B13D1637A0C2B40D0244A25495F
:1064400040F20F13244810F0A6FB002383F31188B9
:10645000BFF36F8F384602DF86B1BDE8F0811C4A7A
:106460001C4940F2AB13EDE7637A072B2BD0092BC5
:106470000BD0174A17494FF48173E3E7D8F80000AF
:106480004146BDE8F041FAF753BD284600F05AFDF9
:10649000E2E7FFF7E7F980460028BFD10C4A0F4931
:1064A0000D484FF4C67310F076FB88F31188BFF3E4
:1064B0006F8F0323184602DF88F80480FFDE28462A
:1064C00000F0ECFDC8E7204600F0E8FCC4E700BFA0
:1064D0001CBB020054B102007CB00200A0B9020053
:1064E00038B50B7A013B0C460546092B14D8DFE87A
:1064F00003F005230D311313131313404B7A072BAD
:1065000004D0132B02D0242385F84031284600F014
:10651000DBFB0023A37238BD1F4A204920484FF4FB
:10652000137310F038FB002383F31188BFF36F8FD0
:106530000323184602DF38BD4B7A072B01D0092B05
:10654000E1D194F82030DB07E0D521462846FFF75B
:1065500059FFDBE74B7A0C2BD5D18B698BB12146E8
:106560002846FFF74FFF284600F0AEFB0023A3723A
:1065700038BD00F0A9FB00221623A27285F8403135
:1065800038BDFFF767F90028E9D1284600F0CEFAB8
:106590000423A37238BD00BF1CBB020054B102002B
:1065A0007CB0020070B50E7A731E0C460546092BAE
:1065B00006D8DFE803F0151C5B3005050505054D21
:1065C000414A4249424840F2CF2310F0E4FA002306
:1065D00083F31188BFF36F8F0323184602DF70BD6A
:1065E00000F094FA00285DD00123A37270BD00F082
:1065F0008DFA0028F8D121462846FFF717F9002820
:10660000F2D021462846FFF739FD6369002B08BF09
:106610000326A67270BD90F80831002B3AD100F025
:1066200075FA0028E0D121462846FFF7FFF8002838
:10663000DAD021462846FFF721FD6269002A4FF093
:1066400001030CBF03220222A27285F8083170BD3B
:10665000FFF7ECF80028C7D021462846FFF70EFDCB
:106660001622022384F82020A37270BD00F04EFA97
:106670000028B9D121462846FFF7D8F80028B3D022
:1066800021462846FFF7FAFC6369002B18BF022653
:10669000A67270BD0C2200234A728B61BDE8704067
:1066A000FFF71EBF21462846FFF7C0F800289BD001
:1066B00021462846FFF7E2FC6369002B0CBF032349
:1066C0000223A37270BD00BF1CBB020054B10200C4
:1066D0007CB0020070B50C46897A0646154604293E
:1066E00000F29F80DFE801F003031B280600002D65
:1066F0005CD070BD002DFCD1237A042B00F0838088
:10670000504A514951484FF45F7310F044FA85F3F1
:106710001188BFF36F8F0323184602DF70BD052D6C
:10672000E7D1237A032B01D00A2BE2D12146304650
:10673000BDE87040FFF7D4BE012DDAD1DA7862727D
:10674000023A172A37D801A151F822F0FB6701005D
:10675000B7670100B7670100B7670100B7670100BD
:10676000F1670100B7670100E9670100B767010041
:10677000B7670100E16701002D670100B7670100FD
:10678000B7670100B7670100D7670100B76701006D
:106790002D670100B7670100B7670100B767010007
:1067A000B7670100B76701002D6701002146BDE80A
:1067B0007040FFF7F7BE234A2349244840F24F3385
:1067C00010F0E9F9002383F31188BFF36F8F0323DF
:1067D000184602DFAAE71946204600F0EDFCA5E7BF
:1067E000194600F071FCA1E7194600F0F7FB9DE7A0
:1067F0001946204600F04EFB98E7124A124913480A
:1068000040F23633DCE7FFF725F800283FF471AF9C
:1068100021463046FFF7F6FD304600F055FAA572E6
:1068200070BD084A0849094840F29A3310F0B3F99C
:10683000002383F31188BFF36F8F0323184602DF11
:1068400070BD00BF1CBB020054B102007CB002004E
:10685000131D0522FFF73EBF02F11C030122FFF7C3
:1068600039BF00BF13460022FFF734BF02F11C03FB
:106870000222FFF729BD00BF13460022FFF724BD07
:1068800070B5044605F09CF968B1D4F8D85045B10C
:10689000D4F8DC202B68C4F8D830954208BFC4F87F
:1068A000DC30284670BD05460121032005F026F99D
:1068B0002A46064601210320F8F73AF8D4F8D850C2
:1068C00045B1D4F8DC202B68C4F8D830954208BF15
:1068D000C4F8DC30002EE4D0012211460320F8F782
:1068E00027F8284670BD00BF70B5044605F068F96A
:1068F00040B1D4F8D850DDB100220123A4F8E22041
:10690000AB7370BD05460121032005F0F7F82A4658
:10691000064601210320F8F70BF8D4F8D850002ED2
:10692000E9D0012211460320F8F702F8002DE3D147
:10693000094A0A490A484FF4F57310F02CF985F317
:106940001188BFF36F8F0323184602DF0022012353
:10695000A4F8E220AB7370BD80BB0200C8BB02008C
:106960007CB00200F8B505460C4605F029F940B1A7
:1069700000232360D5F8DC30F3B11C60C5F8DC409F
:10698000F8BD06460121032005F0B8F83246074657
:1069900001210320F7F7CCFF2660D5F8DC3083B166
:1069A0001C60C5F8DC40002FEAD00122BDE8F840A9
:1069B00011460320F7F7BCBFC5F8D840C5F8DC4046
:1069C000F8BDC5F8D840C5F8DC40ECE770B5054621
:1069D00005F0F6F818B1D5F8D840204670BD044649
:1069E0000121032005F08AF82246064601210320F2
:1069F000F7F79EFFD5F8D840002EEED001221146C1
:106A00000320F7F795FF204670BD00BF38B50C4650
:106A10000546FFF7DBFF84420DD0184A1849194894
:106A2000522310F0B8F8002383F31188BFF36F8F5F
:106A30000323184602DFA36913B11B792D2B07D05E
:106A40002846FFF71DFF2046BDE83840FEF7CABEC6
:106A50000A4A0D490B48572310F09DF8002383F391
:106A60001188BFF36F8F0323184602DF2846FFF714
:106A700007FF2046BDE83840FEF7B4BE80BB0200E9
:106A8000DCBB02007CB00200F0BB020038B505465A
:106A9000FFF79CFF037A013B0446092B1AD8DFE875
:106AA00003F00505050519192913130501460022F0
:106AB0002846FFF7D7FEA37B03B938BD21462846F9
:106AC000BDE83840FFF7A2BF01460022284601F08A
:106AD000D9F9F0E70A4A0B490B484FF4EF7310F06D
:106AE0005AF8002383F31188BFF36F8F03231846EE
:106AF00002DFE0E7014600222846FEF707FDDAE75D
:106B000080BB020054B102007CB0020090F8E400A7
:106B1000A0F10100B0FA80F040097047012380F82D
:106B2000E4307047002380F8E4307047B0F8F83064
:106B3000A0F8E230704700BFA0F8E210704700BF35
:106B40000023A0F8E230704738B50C468969054645
:106B500010461A46F1B1217A0139092922D8DFE815
:106B600001F0050505052121311C1C05214628469B
:106B7000FFF772FEA36923B11B792D2B1CBF0023E5
:106B8000A361A37B03B938BD21462846BDE8384040
:106B9000FFF73CBFA3612061DDE72146284601F0F5
:106BA0001DF9E7E70A4A0B490B4840F249130FF079
:106BB000F2FF002383F31188BFF36F8F032318467E
:106BC00002DFD7E721462846FEF780FCD2E700BF68
:106BD00080BB020054B102007CB0020038B50B7AD1
:106BE000072B0C46054619D00A2B944606D0032BDA
:106BF00004D0A37B0022626153B938BD62462146AE
:106C00002846FFF725FEA37B00226261002BF4D00B
:106C100021462846BDE83840FFF7F8BEFEF77AFC6B
:106C2000E7E700BF38B50B7A072B0C46054608D0BE
:106C3000A37B03B938BD21462846BDE83840FFF79D
:106C4000E5BEFEF76BFCF3E70222002380F8E020AC
:106C5000A0F8E230704700BF38B590F8E030044645
:106C6000032B1AD8DFE803F002100F10FFF7AEFE77
:106C700048B1057A2046FFF709FF0A2D14BF01230A
:106C8000032384F8E03038BDFFF7A0FE0028FAD0D7
:106C90002046BDE83840FFF7F9BE084A08490948D0
:106CA0004FF41B730FF077FF002383F31188BFF3BA
:106CB0006F8F0323184602DF38BD00BF80BB020080
:106CC00054B102007CB0020010B590F8E0300446E8
:106CD000032B0DD8DFE803F008020702FFF704FEDC
:106CE000002384F8E03010BDBDE81040FFF7FCBD84
:106CF000074A084908484FF41B730FF04CFF002364
:106D000083F31188BFF36F8F0323184602DF10BD92
:106D100080BB020054B102007CB0020008B590F8BC
:106D2000E030022B13D000D808BD032BFCD00A4A58
:106D30000A490B484FF41B730FF02DFF002383F318
:106D40001188BFF36F8F0323184602DF08BD0023AD
:106D500080F8E03008BD00BF80BB020054B10200E3
:106D60007CB0020038B590F8E0300446032B3AD8E6
:106D7000DFE803F00926121320462946FEF7E2FD5C
:106D80002846FEF72FFD2046FFF77AFD054600282E
:106D9000F2D1022384F8E03038BDFFF771FD0546DB
:106DA0000028F6D029462046FEF7CCFD2846FEF7FF
:106DB00019FD2046FFF764FD05460028F2D1E8E7FB
:106DC000FFF75EFD05460028E3D029462046FEF782
:106DD000B9FD2846FEF706FD2046FFF751FD0546A2
:106DE0000028F2D1D5E7084A084909484FF41B7337
:106DF0000FF0D1FE002383F31188BFF36F8F0323BD
:106E0000184602DF38BD00BF80BB020054B102004B
:106E10007CB0020038B50546FFF732FD68B1044684
:106E200021462846FEF78EFD2046FEF7DBFC28466D
:106E3000FFF726FD04460028F2D10024A5F8E24021
:106E40002146284601F01CFA85F8E04038BD00BF15
:106E500003780121122243F0030303704170C270D2
:106E6000704700BF03780121132243F0030303702E
:106E70004170C270704700BF0B784FF0020C43F0B6
:106E8000030307220B7081F801C0CA7090F84C30E0
:106E90000B7170470B7980F84C3070470B784FF0CE
:106EA000020C43F0030307220B7081F801C0CA7083
:106EB00090F84C300B71704710B50B780C460922D6
:106EC000082143F00303E1706270237090F94330AE
:106ED000002BACBF0B460E23E370F9F727F9002215
:106EE00061F30702C1F3072C0B0C6CF30F2263F361
:106EF00017421B0A63F31F626060A26010BD00BFEF
:106F000038B50C460546F9F711F9237843F0030329
:106F1000237009236370E370D5F82031217263F088
:106F2000FF031840020C0B0CC0F307252071C1F3BE
:106F30000721100AA2711A0AE07165716172A372C9
:106F4000E27238BD0B78092243F003030B704A70DC
:106F5000CA70D0E94623100CC2F3072C0A711A0C30
:106F600081F805C088714FEA102C0B72C3F307201B
:106F7000130A81F807C048728A72CB72704700BF4B
:106F80002DE9F0414B68144F8E685A0F82EA137254
:106F900002F001021F400021931849419B18054649
:106FA00041F1000887EA0374F9F7C0F804EA000326
:106FB000C5F8203163F0FF0306F0EF063B4046EAD8
:106FC0000878C5E9463608EA01010122C5F824110E
:106FD00085F81021BDE8F0812FCF87F72DE9F0412A
:106FE0004A68134F8E68530F83EA127303F001034C
:106FF000D91807EA02074FF000025241C9180546A6
:1070000042F1000487EA0178F9F790F806F0EF06FC
:1070100046EA0474C5E9467608EA00000C400123FC
:10702000C5F82001C5F8244185F81031BDE8F0818C
:107030002FCF87F70B784FF0030C43F0030319228F
:107040000B7081F801C0CA7090F820300B7190F875
:1070500021304B71704700BF0B78022243F00303CD
:107060000B704A70CA7090F820300B71704700BFE7
:107070000B7980F8203070470378074AC0F8052064
:107080004FF0060C43F0030340F60C51037080F8F8
:1070900001C0A0F803107047F105FFFF0B784FF017
:1070A000060C43F003030C220B7081F801C0CA7078
:1070B00090F80A310B71B0F80B31A1F80530B0F837
:1070C0000D31A1F807307047012380F809310B79A1
:1070D00080F80A31B1F80530A0F80B31B1F807306B
:1070E000A0F80D31704700BF0B78032243F0030373
:1070F0004FF0170C0B7081F801C0CA70D0F8213026
:10710000D0F825208A604B6090F829300B7390F8F6
:107110002A304B73704700BF10B503780D2104224D
:1071200043F0030341700370C270841804F048FDFB
:107130000C2120B12046BDE8104002F001B82046E5
:10714000BDE8104001F0F2BF03780121052243F0B1
:10715000030303704170C270704700BF03780121C0
:10716000062243F0030303704170C270704700BFF2
:10717000037801210B2243F0030303704170C270B6
:10718000704700BF037801714FF0020C43F0030316
:107190000D22037080F801C0C2707047037801713E
:1071A00043F003034FF0030C0370112380F801C078
:1071B000C3704271704700BF0B7980F84D304B7936
:1071C00080F84E30704700BF0B784FF0030C43F04F
:1071D000030316220B7081F801C0CA7090F82030AA
:1071E000C3F3C2034B7190F82030C3F302030B7159
:1071F000704700BF0A7990F8203062F3C50380F829
:1072000020304A7962F3020380F82030704700BFD3
:107210000B784FF0030C43F0030317220B7081F837
:1072200001C0CA7090F88431C3F3C2034B7190F867
:107230008431C3F302030B71704700BFCB88838492
:107240000B7980F826304B7980F82730704700BFE3
:107250000B784FF0180C43F003030F220B7081F8EA
:1072600001C0CA70C38C8B80038DCB80438D0B8192
:10727000838D4B8190F834300B73C38EA1F80D30A1
:10728000038FA1F80F30438FA1F81130838FA1F83D
:107290001330C38FA1F81530B0F84030A1F8173083
:1072A000B0F84230A1F81930704700BF0B784FF0AA
:1072B000180C43F0030310220B7081F801C0CA7050
:1072C000C38C8B80038DCB80438D0B81838D4B8151
:1072D00090F834300B73C38EA1F80D30038FA1F8F2
:1072E0000F30438FA1F81130838FA1F81330C38F73
:1072F000A1F81530B0F84030A1F81730B0F842309E
:10730000A1F81930704700BF8B88C384CB880385F0
:107310000B8943854B8983850B7B80F83430B1F82A
:107320000D30C386B1F80F300387B1F811304387B1
:10733000B1F813308387B1F81530C387B1F817302F
:10734000A0F84030B1F81930A0F84230704700BFC3
:107350000B78002243F003034FF00C0CCA700B7043
:1073600081F801C090F823300B71036B094AA2FB2E
:1073700003239B0AA1F80530438DA1F80930038D42
:10738000A1F80730838DA1F80B30838CA1F80D3064
:10739000704700BF5917B7D10B7980F82330B1F887
:1073A000053040F2E24202FB03F30363B1F8093017
:1073B0004385B1F807300385B1F80B308385B1F808
:1073C0000D308384704700BFB1F8093003844B68E7
:1073D000C0F822300B7A80F82630704770B58C697F
:1073E00000230D4606468B6104B3192322792371CD
:1073F000338EE38095F82030237743B92B8DE383D8
:107400006B8D2384AB8D63842D2A09D070BD738E60
:10741000E383B38E2384B6F87C3163842D2AF5D1BF
:1074200020682146BDE87040F9F782BD074A084947
:10743000084840F207130FF0AEFB84F31188BFF346
:107440006F8F0323184602DFCFE700BF48BC02005E
:10745000A0B902007CB00200F8B58C6900230D468B
:1074600006468B6194B1032327792371338EE38021
:1074700004F11C012846FFF7EBFE2D2F00D0F8BDCC
:1074800020682146BDE8F840F9F752BD074A08498F
:1074900008484FF459730FF07EFB84F31188BFF353
:1074A0006F8F0323184602DFDDE700BF48BC0200F0
:1074B000A0B902007CB0020030B5438E0A8D4C8D1D
:1074C0008D8D934285B002D1838EA34214D00123C7
:1074D00081F8223002950B6BCDE900240C7A91F8EB
:1074E0002320898C0391A4F10801B1FA81F14909A3
:1074F000EAF72AFF05B030BDB0F87C315B1B18BF3E
:107500000123E5E7F8B5CD6900230C46074616468A
:10751000CB61002D3FD0291D112E0AD8DFE806F0DF
:107520002E0909090909092A090909090909090985
:107530003222234A234924484FF452730FF02BFB85
:10754000002383F31188BFF36F8F0323184602DFF4
:10755000EB79637329463846FEF786F9237A092BBF
:1075600014D0F8BD084694F8202094F82110FFF7B5
:1075700015FEEDE72046FFF77FFCE9E72046FFF721
:10758000E7FEE5E72046FFF791FEE1E73846BDE874
:10759000F84000F08FBEFEF751F905460028BAD139
:1075A000074A0A49084840F22E330FF0F4FA85F3EF
:1075B0001188BFF36F8F0323184602DFABE700BFCC
:1075C00048BC020054B102007CB002002CB9020099
:1075D00038B58B690C46054673B11F4A1F492048D0
:1075E00040F286330FF0D7FA002383F31188BFF3FC
:1075F0006F8F0323184602DFFEF734F92D23A061B5
:10760000037194F834200121002384F823102363AC
:10761000218D4AB1B1FBF2F313FB02F3E28C9BB272
:107620009A429CBF23851946238F8B4204D840F28F
:10763000E24202FB03F323632846FDF7AFF8AB8E6B
:1076400006331844A084002221462846FFF75AFF3B
:107650004FF60B73638138BD48BC020094BC020036
:107660007CB002002DE9F0413A4E336804460D46E5
:107670002BB1834203D00123AB72BDE8F0812046D9
:10768000FFF744FA0028F6D1204600F001FE074635
:107690000028F0D129462046FEF7C8F80028EAD095
:1076A0002046FDF77BF801218046204600F0E8FDEA
:1076B000A5F83680D5F81C8085F834703460EF6109
:1076C000B8F1000F29D008F104012846FFF7C0FDEA
:1076D00098F807306B7341462046FEF7C5F82B7AC1
:1076E000092B16D094F84330DB0902D004236B81B8
:1076F000C3E7194A19491A4840F29B130FF04BFA95
:10770000002383F31188BFF36F8F0323184602DF32
:10771000B3E72046FFF70AFAE4E729462046FEF7DA
:107720008DF880460028CED10B4A0E490C4840F215
:107730002F130FF030FA88F31188BFF36F8F0323F4
:10774000184602DF04212846FFF782FD98F807302B
:10775000FFDE00BF4C38002048BC020054B10200DC
:107760007CB002002CB9020038B505460C4600F08A
:1077700099FD10B10923A37238BD21462846FEF7B2
:1077800055F80028F6D021462846FEF757F8E06164
:10779000FEF760F810B90C23A37238BD21462846C5
:1077A000BDE83840FFF714BF70B50C460546FCF73E
:1077B000F5FFA38CC31A1B0400D570BD21462846D3
:1077C000FFF77AFE237A092B15D094F82260E6B9E8
:1077D0002046FEF791F8A661284600F03FFF237A85
:1077E000092B05D10D4B1A68954204BF00221A607F
:1077F0000023A37270BD284600F062FD237A092B96
:10780000E3D194F82030002BDFD0002384F820301F
:1078100021462846FFF7E2FDDEE700BF4C38002096
:1078200070B506460C4600F03DFD10B10623A3726C
:1078300070BD054621463046FDF7F8FF0028F5D01B
:10784000112221463046FFF75DFE304600F006FF6C
:10785000237A092B04D1044B1A68964208BF1D6095
:107860000023A37270BD00BF4C38002070B5204AC1
:10787000136806460C468BB183420FD002238B72ED
:1078800000F010FD054620B921463046FDF7CEFF39
:1078900008BB2046BDE87040FEF70AB8218D738E04
:1078A00016609942628DA08D06D021463046FFF7C2
:1078B000D3FD0423A37270BDB38E9342F5D1B6F805
:1078C0007C318342F1D12046FEF716F800220523D1
:1078D000A261A37270BD4FF47263214623843046C7
:1078E000FFF79EFF2046FEF707F8A56170BD00BFB9
:1078F0004C38002070B50C46897A064615460C298E
:1079000000F2A980DFE801F00B17464E586273A71A
:107910007A848B9F0700002D00F0AD8070BD002D94
:10792000FCD1237A082B00F0C980092B40F0B780E6
:107930000123A37270BD012DF0D119462046FFF737
:10794000E3FCE38C228DA08D618D94F83450052BDF
:1079500017D9B2F5486F14D8934212D8B1F5FA7F0F
:107960000FD2A0F10A039BB240F6764C634508D8CB
:107970004B1C9BB202FB03F3B3EB800F01D2AA4274
:107980000AD240F61E73238421463046BDE870407B
:10799000FFF746BF012DC1D821463046BDE87040F3
:1079A000FFF764BF002DB9D1FDF754FF002840F068
:1079B000C7800323A37270BD032D67D0042DADD102
:1079C0000F22062384F82120A37270BD002DA5D1BB
:1079D00090F94330002B5CDA94F8203083B10F2308
:1079E00084F821302146BDE87040FFF719BF002D13
:1079F00094D12146BDE87040FFF712BF002D8DD114
:107A0000304600F04FFC00285BD00823A37270BD05
:107A1000002D83D12146BDE87040FFF7A5BE022DA1
:107A20007FF47CAF90F84320C2F3C011D20956D145
:107A300084F84C1000F036FC0546002800F08980E0
:107A40000D23A37270BD002D7FF468AF2146BDE801
:107A50007040FFF7A9BE504A5049514840F2515377
:107A60000FF099F8002383F31188BFF36F8F03237E
:107A7000184602DF70BDFDF7EDFE00283FF44EAF63
:107A800021463046BDE87040FFF7A2BD0523A37232
:107A900070BDA5612146BDE87040FFF765BE3E4A56
:107AA0003E493F4840F2F2330FF075F885F31188F4
:107AB000BFF36F8F0323184602DF70BD0A23A37242
:107AC00070BD21463046FDF7B1FE00289DD0102242
:107AD00021463046FFF716FD0A23638170BD194623
:107AE0002046FFF759FC218D628DA58D8B1F9BB21F
:107AF00040F67A4083422AD8B2F5FA7F27D2A5F120
:107B00000A039BB240F67640834220D8531C9BB2B6
:107B100001FB03F3B3EB850F19D23046A58CFCF7BC
:107B20003DFE2B1A9BB247F6FE72934229D92823B9
:107B300086F84031304600F091FD0023A37270BDFD
:107B400021463046FFF788FC0423A37270BD1E2334
:107B5000EEE721463046FDF769FE00283FF470AF9E
:107B6000072221463046FFF7CDFC304600F076FD77
:107B7000237A092BE1D10B4B1A689642DDD11D60A7
:107B8000DBE72046FDF794FE0B23A3722146304627
:107B9000BDE87040FFF708BE48BC020054B10200C7
:107BA0007CB002004C380020F8B50C46897A0646B5
:107BB0001546062908D8DFE801F0172B07073364BC
:107BC0000400002D65D0F8BD7F4A804980484FF4FD
:107BD0003E730EF0E0FF002383F31188BFF36F8F35
:107BE0000323184602DFF8BD002DECD1237A092BC0
:107BF00010D0754A754976484FF4F5730EF0CBFFF7
:107C000085F31188BFF36F8F0323184602DFF8BD99
:107C1000002DD8D121463046BDE8F840FFF722BDFF
:107C2000032D00F08D80042D00F09280022DCAD12A
:107C300019462046FFF7B0FB228D608DB4F82CC0AA
:107C4000931F9BB240F67A418B4244D8B0F5FA7F3D
:107C500041D2ACF10A039BB240F676418B423AD84E
:107C6000431C9BB202FB03F3B3EB8C0F33D22946C8
:107C7000304600F005FB2046FDF71AFE0623A372EE
:107C8000F8BD002D9FD1FEF741FF60B30523A3721D
:107C9000F8BDFCF783FDA38CC01A030493D42946D6
:107CA000304600F0EDFA21463046FFF705FC237A16
:107CB000092B58D094F82250002D5ED12046FDF7B4
:107CC0001BFEA5613046FEF7FFFF237A092B2CD05F
:107CD0000023A372F8BD0021304600F0D1FA1E2324
:107CE00086F84031EEE721463046FDF79FFD00283B
:107CF000CCD02946304600F0C3FAE769E561002F91
:107D000043D094F8202094F82110381DFFF746FA4C
:107D1000FB79637339463046FDF7A6FD237A092BBC
:107D2000D0D13046FEF702FFCCE796F94330002B66
:107D300025DB284B1A689642CAD100221A60C7E791
:107D40005B7984F8203021463046FFF747FBB9E7DE
:107D5000D0F820311A2223F00203C0F82031214646
:107D600084F82020F0E73046FEF7EAFE237A092B5C
:107D7000A0D194F82030002B9CD00023E1E73046BE
:107D8000FEF77EF80028D4D0A2E721463046FDF762
:107D900055FD07460028B4D10B4A0F490C4840F264
:107DA0002F130EF0F8FE85F31188BFF36F8F0323B6
:107DB000184602DF042094F8202094F82110FFF7E1
:107DC000EDF9EB79FFDE00BF48BC020054B10200C0
:107DD0007CB002004C3800202CB9020010B592F89B
:107DE0001FC082B0044602F11C03BCF1110F0AD877
:107DF000DFE80CF02C090909090909250909090915
:107E0000090909091E17242380F840310191FEF762
:107E10005BFF01990B7A092B1FD000238B7202B0F4
:107E200010BD0322204602B0BDE81040FFF7BCBEE3
:107E30000122204602B0BDE81040FFF7B5BE042283
:107E4000204602B0BDE81040FFF7AEBE0222204639
:107E500002B0BDE81040FFF7A7BE94F94330002BF5
:107E600006DB074B1A689442D7D100221A60D4E788
:107E700020460191FEF704F801990028F1D0CCE7E3
:107E80004C38002013460022FFF78EBE70B5D57F18
:107E900002F11C0335B10F2D09D1BDE8704001225C
:107EA000FFF728BDBDE870400222FFF723BD242361
:107EB0000E4680F84031044600F0D0FB337A092B9F
:107EC00005D1044B1A68944204BF00221A600023B3
:107ED000B37270BD4C38002013460022FFF70ABD74
:107EE00000230322FFF706BD00230422FFF702BD93
:107EF00070B5D37F012B05460C4607D0242380F8AC
:107F0000403100F0ABFB0023A37270BD8B7A012BD4
:107F100012D013F0FD0FF8D0154A1649164840F25A
:107F200027130EF038FE002383F31188BFF36F8F01
:107F30000323184602DF70BD02F11C012046FFF743
:107F400043FA2846268CFCF729FC361AB6B247F6C7
:107F5000FE739E4202D80223A37270BD282385F8C7
:107F60004031284600F07AFB0023A37270BD00BFA9
:107F7000B4BC020054B102007CB0020038B58B7A68
:107F8000012B12D0022B0C4610D00BB3124A13490E
:107F9000134840F227130EF0FEFD002383F31188EF
:107FA000BFF36F8F0323184602DF38BD0546FCF789
:107FB000F5FB238CC01A0304F7D404F122012846F0
:107FC000FCF7FAFB284600F049FB0023A37238BDFA
:107FD00001238B7238BD00BFB4BC020054B1020053
:107FE0007CB0020038B5D0F8E8308B4204460D462C
:107FF00023D01C4A1C491D4878230EF0CCFD0023D9
:1080000083F31188BFF36F8F0323184602DFAB6938
:1080100013B11B792D2B15D0D4F8E83043B1D4F827
:10802000EC101A68C4F8E820994208BFC4F8EC20A4
:108030002846BDE83840FDF7D5BB8B69002BE8D159
:108040000B46ECE7074A0A4908487D230EF0A3FDDA
:10805000002383F31188BFF36F8F0323184602DFD9
:10806000DAE700BFFCBC0200DCBB02007CB002000F
:10807000F0BB020038B5D0F8E8502B7A013B04463B
:108080000A2B28D8DFE803F00606060618181D1389
:108090001306220000222946FEF7EEFBAB7B2BB134
:1080A00029462046BDE83840FFF79CBF38BD002276
:1080B0002946FFF711FFF1E700222946FCF714FEDD
:1080C000ECE700222946FDF777FAE7E70022294688
:1080D000FFF754FFE2E7084A084909484FF4E773FD
:1080E0000EF059FD002383F31188BFF36F8F032334
:1080F000184602DFD2E700BFFCBC020054B1020008
:108100007CB0020070B5D0F8E85004461DB394F876
:10811000F430012B03D1022384F8F03070BD2946DE
:108120002046FDF783FB0028F5D029462046FDF7C1
:1081300085FB0646F0B1311D2846FEF79DFEF3791A
:108140006B7331462046FDF78FFB0123AB73002391
:1081500084F8F03070BD0F4A0F49104840F21623E2
:108160000EF019FD85F31188BFF36F8F03231846B6
:1081700002DFCCE7074A0A4908484FF4EF730EF0D4
:108180000AFD86F31188BFF36F8F0323184602DFC1
:10819000D1E700BFFCBC0200C8BB02007CB00200FB
:1081A0002CB9020070B5D0F8E8500446ADB394F88D
:1081B000F430012B03D1012384F8F03070BD29463F
:1081C0002046FDF733FB0028F5D029462046FDF771
:1081D00035FB064600283CD02046FEF7F7FB2A7AFE
:1081E000037A934206F1040026D0082B26D02A21D8
:1081F00094F810311BB1D4F820315B0723D4FEF77B
:10820000C1FFF3796B7331462046FDF72DFB012347
:10821000AB73002384F8F03070BD154A1549164839
:1082200040F206230EF0B7FC85F31188BFF36F8F81
:108230000323184602DFBAE72321D9E7092A14BF2E
:108240002A212321D4E70A4694F8F710FEF7A6FF67
:10825000D7E7074A094908484FF4EF730EF09BFC33
:1082600086F31188BFF36F8F0323184602DFB3E74D
:10827000FCBC0200C8BB02007CB002002CB90200AA
:1082800080F8F610704700BF704700BF00207047AD
:1082900090F8F500003818BF01207047D0F8E800CA
:1082A000704700BF90F8F400A0F10100B0FA80F030
:1082B00040097047B0F8F830A0F8F230704700BFBE
:1082C0000023A0F8F230704738B5D0F8E840A4B1E8
:1082D0000546D5F8EC202368C5F8E83094422146DD
:1082E00008BFC5F8EC302846FDF72CFB2046FDF70B
:1082F00079FAD5F8E840002CEBD138BD022938B521
:10830000054612D004290C460AD0012900D038BDF8
:10831000D0F8E830002BFAD0BDE83840FFF7AABE0D
:10832000FFF7D2FF85F8F04038BDD0F8E8400023D1
:1083300080F8F5303CB100230122A5F8F230A27399
:1083400085F8F03038BD074A0749084840F229232C
:108350000EF021FC84F31188BFF36F8F03231846BE
:1083600002DFE8E7FCBC0200C8BB02007CB00200F0
:10837000F8B590F8F03004460E461546052B00F28D
:108380009F80DFE803F00E1607030B03BDE8F840FB
:10839000FFF7B4BFBDE8F840FFF7B4BE03290CD027
:1083A000F8BD71B10429FBD1FFF78EFF84F8F060AE
:1083B000F8BDBDE8F840FFF7F5BE002380F8F030C7
:1083C000F8BDD0F8E870002FEAD03B7A90F8F6C0FC
:1083D00090F843E0112B11D8414A012101FA03F032
:1083E000024052B30A2B21D0C3B184F8F560204675
:1083F000FFF740FE032384F8F030F8BD394A3A49CC
:108400003A486B230EF0C7FB002383F31188BFF3B8
:108410006F8F0323184602DF3B7AE3E7EB7F87F891
:108420004C302046BDE8F840FFF76CBE2046FFF711
:1084300021FE052384F8F030F8BD10F4386FDDD04C
:108440000A2BF3D0002BE9D0BCF1000F01D10E466E
:10845000CBE71EF0800F12D1BCF1010F22D0BCF18E
:10846000020F9DD12046FEF7B1FA3B7A027A9A427A
:1084700022D0082A1ED02A2384F84031F8BDBCF14E
:10848000010FECD12046FEF7A1FA08B1FF22C2721B
:10849000012384F8F5302046FFF7ECFD032384F830
:1084A000F030F8BDEB7F84F8F7302046BDE8F840A7
:1084B000FFF778BE092BDED1232384F84031F8BDC5
:1084C000084A094909484FF443730EF064FB00233E
:1084D00083F31188BFF36F8F0323184602DFF8BDC3
:1084E0007FF40300FCBC020054B102007CB0020027
:1084F00038B50C468969054610461A46237AE9B113
:108500000B2B5FD8DFE803F00C060606063A3A4A62
:108510004242065221462846FEF7A8F9A16921B138
:108520000B792D2B1CBF0023A361A37B2BB121460C
:108530002846BDE83840FFF755BD38BDA26120612F
:108540000B2B3FD801A151F823F000BFBD850100DE
:1085500015850100158501001585010015850100AF
:108560007D8501007D8501009D8501008D850100CF
:108570008D85010015850100AD8501002146284645
:10858000FCF782FBA1690029CAD1CEE72146284623
:10859000FFF77CFCA1690029C2D1C6E72146284625
:1085A000FCF7ECFFA1690029BAD1BEE721462846B5
:1085B000FFF79EFCA1690029B2D1B6E71146002958
:1085C000AED1B2E7094A0A490A484FF4A1730EF046
:1085D000E2FA002383F31188BFF36F8F0323184659
:1085E00002DFA16900299BD19FE700BFFCBC02000C
:1085F00054B102007CB0020038B50B7A072B0C4650
:1086000005460AD0A37B002262612BB12146284691
:10861000BDE83840FFF7E6BC38BDFCF7D1FFF1E715
:1086200038B50B7A072B0C46054608D0A37B2BB137
:1086300021462846BDE83840FFF7D4BC38BDFCF7DA
:10864000C3FFF3E70422002380F8F020A0F8F23003
:10865000704700BF00220121FFF78ABE00220221DD
:10866000FFF786BE00220321FFF782BE002204210D
:10867000FFF77EBEF0B5044683B00E4615467BB1CB
:10868000D37F1B2B31D8DFF898C090F843100CEB48
:108690004307C9097F781AB201238B403B402BD195
:1086A0001846FDF769F90746E8B100230360D4F8DE
:1086B000EC30E3B11860C4F8EC002A4600212046F3
:1086C000FFF756FEBB7B1BB139462046FFF78AFCFD
:1086D000D4F8E81039B12B463246204603B0BDE845
:1086E000F040FFF705BF03B0F0BD0023D8E7C4F8A2
:1086F000E800C4F8EC00E0E71CF812300A2BCFD1F8
:108700000193FFF7E1FD0022A4F8F22084F8F520A0
:1087100084F8F0202046FEF77DFB019BC0E700BFF8
:1087200044BD020010B50446FFF7CEFD0023A4F8B7
:10873000F23084F8F53084F8F03010BD10B50C46F6
:1087400030B994F864316FF3000384F8643110BDDC
:108750000A4A0B490B4840F2A2230EF01CFA0023F0
:1087600083F31188BFF36F8F0323184602DF94F859
:1087700064316FF3000384F8643110BD7CBD0200E6
:10878000C4BD02007CB0020000B9704708B5084AB9
:108790000849094840F29A230EF0FDF9002383F3BB
:1087A0001188BFF36F8F0323184602DF08BD00BF97
:1087B0007CBD020014B802007CB00200012800D089
:1087C000704710B50C46F8F74DFC84420ED0084AAD
:1087D0000849094840F292230EF0DDF9002383F3A3
:1087E0001188BFF36F8F0323184602DF10BD00BF4F
:1087F0007CBD0200D8BD02007CB002002DE9F84328
:10880000099C9DF820900546208E4FF6FF71884206
:1088100025D02946204690461F46FBF76BFDF0B950
:1088200026780136F6B226705EB31D491D4B0F81C6
:1088300004F11C000022C860C1E9005881F80A90C8
:10884000996001201146F6F7A7F850B9FF20FBF711
:1088500085FD2046FF21BDE8F843FBF751BEBDE88A
:10886000F883114A114912484FF413730EF093F92B
:10887000002383F31188BFF36F8F0323184602DFB1
:10888000E4E7094A0B490A4840F23F230EF083F916
:1088900086F31188BFF36F8F0323184602DFC4E706
:1088A000383B0020840F00207CBD020030B1020064
:1088B0007CB00200D0B60200438F43B110B590F8EF
:1088C000643113F0010488B002D008B010BD7047C5
:1088D000124A43F0010380F8643105310123CDE9E8
:1088E0000442CDE902430690CAB2CDE900442346D2
:1088F00003212046F7F776FB10F0FD0FE5D0084A7C
:108900000849094840F205230EF045F984F311881F
:10891000BFF36F8F0323184602DFD6E73D870100C0
:108920007CBD020080B802007CB0020038B50C4665
:108930001546FBF723FA48B11CB1BDE83840FDF7F6
:10894000E9B92946BDE83840FDF7BEB9022038BD77
:1089500038B50C461546FBF711FA58B190F943307B
:10896000002B05DA2A462146BDE83840FDF7FEB85F
:108970000C2038BD022038BD054B064A10B41F201C
:108980004FF0FF3425211C601871117010BC704726
:10899000483B00203D51002030B5044600789DF84A
:1089A0000C5002FB01111F4A014482FB01020A44E0
:1089B000521102EBC20002EB80028A1AD0B2C10847
:1089C0002070595C02F0070241FA02F212F0010233
:1089D0001FD1B0FBF5F405FB1404E4B25D1E104694
:1089E000043300F1080E15F8011F5FFA8EFE0246EF
:1089F00011F0010F02F1010C4FEA510102D04CB10C
:108A0000013CE4B25FFA8CF27245F1D110469D420E
:108A1000E7D130BDC11D891AC9B207291046F6D861
:108A200030BD00BFA7C867DD42880088504070474E
:108A3000F0B5344D344C48404FF0030C060A5FFA51
:108A400080FE0EEB8E2E06EB862004EA401705EA28
:108A5000400605EA4E0004EA4E1E3E4340EA0E0080
:108A600000EB002706EB062E06EB0E2600EB072098
:108A7000360CC0F3074040EA062000EB00100CF172
:108A8000FF3C08441CF0FF0C80B2D7D141401F4886
:108A9000A0FB01400C1A00EB5400400900EBC0049D
:108AA00000EB8400081AC0F3C40400F00705145D4D
:108AB0002C41E407C0B21CD401FB03F3561EC3F3E0
:108AC00007430432604600F1080516F801CFEDB205
:108AD00001461CF0010F01F101044FEA5C0C02D0C9
:108AE00043B1013BDBB2E1B2A942F2D10846964262
:108AF000E9D1F0BD0730401AC0B207280846F6D8C1
:108B0000F0BD00BF10210200408408004D91CFBA93
:108B100000F00CBB684620F007018D4601B502F05D
:108B200083FBEFF703FBBDE801408546704700BFBC
:108B300008B50A4BD3F840213AB90120F5F78AFF6E
:108B4000BDE808400220F5F785BF0020C3F84001CA
:108B5000D3F84031F7F7B2F9EFE700BF00B00040BB
:108B60000020F5F777BF00BF70B508BB214B224C42
:108B70001A7821789142D3B20FD0204A2049214857
:108B800040F234430EF007F8002383F31188BFF35B
:108B90006F8F0323184602DF23781B4E1B4D32785C
:108BA000013323702B78934212D033782B7070BD31
:108BB000124A1749134840F22F430DF0ECFF0023EF
:108BC00083F31188BFF36F8F0323184602DFCDE7CD
:108BD0000A4A10490B4840F23A430DF0DCFF0023EB
:108BE00083F31188BFF36F8F0323184602DF3378B6
:108BF0002B7070BD3E5100203F51002018BE020076
:108C000060BE02007CB002004351002042510020AF
:108C100014B802007CBE020070B51A4E1A4D3378AB
:108C20002A789A4204460BD033782B70174E184D91
:108C30001CB933782A789A4212D033782B7070BDE1
:108C4000144A1549154840F21B430DF0A4FF0023B8
:108C500083F31188BFF36F8F0323184602DFE3E726
:108C60000C4A0F490D4840F226430DF094FF84F35F
:108C70001188BFF36F8F0323184602DF33782B7000
:108C800070BD00BF41510020405100203E510020E6
:108C90003F51002018BE0200A4BE02007CB00200BA
:108CA000CCBE020002F0D2BB38B5194C194D237866
:108CB00029788B421AD0184B2170002205999960AF
:108CC00001201146F5F768FE00B938BD134A144972
:108CD000144840F2B3430DF05EFF002383F3118884
:108CE000BFF36F8F0323184602DF38BD0B4A0E49CE
:108CF0000C4840F2AD430DF04EFF002383F3118882
:108D0000BFF36F8F0323184602DF2978D3E700BF34
:108D10003E5100203F510020940F002018BE020059
:108D20004CB202007CB00200E8BE02002DE9F04F18
:108D3000494A4A4F12783B789A428BB00C4605D18B
:108D4000474B484A1B7812789A4271D0E368D4F8AE
:108D500000801B68DFF81091DD68D3E901219142A2
:108D60002CBFC5EB0105C5EB020508EB050626F097
:108D70007F46D9F800103046F7F7D4F910F4000018
:108D800002D10BB0BDE8F08F384A394B11781A7810
:108D9000914232D1324A33491278097891422CD02B
:108DA0001A7801324FF0000AD2B21A705146314B94
:108DB000CDF800A052465046F7F72CF910F0FD0F01
:108DC0001BD02D4A2D492E4840F29F430DF0E3FE63
:108DD0008AF31188BFF36F8F4FF0030B584602DF01
:108DE000254A2649264840F267430DF0D4FE8AF30F
:108DF0001188BFF36F8F584602DFE368C9F800603F
:108E00000693204B0022CDE907321F4BCDE9022209
:108E1000CDE90423CDE900523C780134E4B2434665
:108E2000114610463C70F7F761F80BB0BDE8F08FC3
:108E3000C368D0F800801A68DFF82C90D568D2E9B2
:108E4000011088422CBFC5EB0005C5EB010508EBFE
:108E5000050626F07F46D1E742510020435100200D
:108E60003E5100203F510020583B0020405100203F
:108E700041510020198C010018BE0200E4B5020027
:108E80007CB00200698B0100A98C0100804A9368C4
:108E9000002B7ED02DE9F04F136889B082467BB15C
:108EA0004FF0FF338DF80A3003E0067F16F003061B
:108EB00009D00DF10A00F8F72DFA05460028F4D183
:108EC00009B0BDE8F08FC368534576D00768B14656
:108ED000B04602E0037F990722D00DF10A00F8F7AF
:108EE00019FA04460028F5D1B8F1000F08BFA846CA
:108EF00041464046FFF71AFF30F00203E0D0654AD2
:108F00006549664840F2FA430DF045FE84F3118846
:108F1000BFF36F8F0323184602DF09B0BDE8F08F5F
:108F2000C368B9F1000F0ED0534527D0D4F800B074
:108F300039465846F7F7F6F800F4000000281CBF41
:108F4000A0465F46C9E79A458146EFD12B7FE96885
:108F500043F002032B772846AB699847FF238DF82F
:108F60000A3003E0037F13F0030413D00DF10A006D
:108F7000F8F7D0F905460028F4D1A1E72B7FE9687E
:108F800043F002032B772846AB699847A14587D168
:108F9000E4E77047C36853450FD03E4A40493F4815
:108FA00040F21D530DF0F7FD84F31188BFF36F8F6E
:108FB0000323184602DFD5F80CA0354A5046536803
:108FC000116803AA98470446F0B110F1100F3FF45E
:108FD00077AF2F4A002093681168984714F10B0F60
:108FE0001BD08C343FF46CAF2A4A2E492B4840F2F8
:108FF0005A530DF0D0FD002383F31188BFF36F8F18
:109000000323184602DF5BE72B7FAA69E96843F078
:1090100002032B772846904752E70224FF258DF85C
:109020000B500DF10B00F8F775F998B1037F9A0713
:10903000F7D40EB9DB07F4D4154AC3681168994216
:10904000EFD1037F43F002030377836998478DF8DC
:109050000B50E6E70126B44201D03446DFE70C4D61
:10906000039B286800940021CDE904110691079024
:10907000296004AAD5E90101F8F704F9044600289B
:109080007FF41EAF034A084904484FF4AB633BE743
:109090005C3B002018BE0200E4B502007CB0020078
:1090A00004BF020030BF020028BF020010B51548FF
:1090B00010F0F3FC10B3144B00249C6000F048FB4C
:1090C00000281ADB214601202246EFF717FB224633
:1090D0000B200121EFF712FB224621461820EFF763
:1090E0000DFB0120EFF7DAFA0B20EFF7D7FA182083
:1090F000EFF7D4FA02F0C8F8204610BD6FF0120066
:1091000010BD00BF78A502005C3B002008B500F050
:109110002FFB002809DB0120EFF7CEFA0B20EFF739
:10912000CBFA1820EFF7C8FA002008BD0346034821
:109130008AB2194683681B68184700BF78A50200E9
:1091400030B4074DAB685C6834B18AB2A4460146BE
:109150000023284630BC60476FF0850030BC704764
:1091600078A5020030B4074DAB685C6834B18AB2B0
:10917000A44601460023284630BC60476FF08500B6
:1091800030BC704778A502000020704730B5254BF1
:1091900083B0044670B31A68824225D0FF250DF1D2
:1091A00007008DF80750F8F7B5F838B91AE0A14272
:1091B0000AD00DF10700F8F7ADF898B1037F9B07CF
:1091C000F7D4C168002CF2D1037F826943F0020317
:1091D000037790470DF107008DF80750F8F79AF8DC
:1091E0000028EBD103B030BD9D6865B10146002079
:1091F000A847D3E79D68002DD0D019680029CDD0AD
:109200000020A847CAE7084A0849094840F2BF13A6
:109210000DF0C1FC85F31188BFF36F8F032318464F
:1092200002DFBBE75C3B002018BE02003CBF02002F
:109230007CB002000020704738B50446F8F75CF8AF
:1092400064B1054620B324680020F8F77DF8204675
:10925000F8F720F9044658B1002038BD1B4DAC6822
:109260002CB32C680023AB602B60002CEBD1EBE718
:10927000174A184918484FF40C730DF08CFC84F30E
:109280001188BFF36F8F0323184602DF002038BD1B
:109290000F4A1249104840F2F9130DF07CFC85F397
:1092A0001188BFF36F8F0323184602DFCBE7084A0C
:1092B0000B4909484FF4FF730DF06DFC84F31188DE
:1092C000BFF36F8F0323184602DFCAE75C3B002021
:1092D00018BE020068BF02007CB0020044BF02005A
:1092E00054BF0200054A136892681B1A18BF012375
:1092F000B2FA82F00B704009704700BF5C3B00205F
:10930000D0E90132002A04DB9A4238BF1A461046DF
:109310007047C068984238BF1846704710B5144669
:10932000F6F7FEFE2146F6F7FDFE034610F40000B8
:1093300004D10333092B88BF184610BD002010BD8F
:10934000262810B504461CD0272812D0252808D07E
:109350000A281ED9272821D80330400001F0E2FF57
:1093600002E0022001F0DEFF2046BDE8104001F0DF
:10937000DFBF502001F0D6FF2046BDE8104001F0CD
:10938000D7BF1A2001F0CEFF2046BDE8104001F003
:10939000CFBF0230400001F0C5FFE5E7074A0849AA
:1093A000084840F2A2230DF0F6FB002383F3118856
:1093B000BFF36F8F0323184602DFD5E718BE020004
:1093C00054B102007CB0020002F010B802F016B8EE
:1093D00008B502F03BF8BDE8084002F095B900BFBF
:1093E00008B502F033F802F08FF9BDE8084002F04A
:1093F00053B900BF08B502F029F802F085F902F070
:1094000069F9BDE8084002F047B900BF08B5014658
:10941000184801F019FF02F04FF860B102F03AFA73
:1094200001F06AFF00F0E8F900280EDBBDE8084013
:109430000020FFF701BF01F0F5FF02F02BFA01F069
:109440005BFF00F0D9F90028F0DA0B4A0B490C4811
:1094500040F21E330DF09FFB002383F31188BFF30E
:109460006F8F0323184602DF0020BDE80840FFF796
:10947000E3BE00BFA58C010018BE020070BF020051
:109480007CB0020010B5044601F0E0FF02F03CF9A8
:1094900002F020F902F000F92046BDE81040FFF785
:1094A000B5BF00BF08B50146144801F0CDFE02F07B
:1094B00003F840B100F0A0F900280ADBBDE808403D
:1094C0000020FFF7B9BE01F0ADFF00F095F90028CC
:1094D000F4DA0B4A0B490C4840F22D330DF05BFBDC
:1094E000002383F31188BFF36F8F0323184602DF35
:1094F0000020BDE80840FFF79FBE00BFA58C01001B
:1095000018BE020070BF02007CB002002DE9F04FCF
:1095100089B01F46FF239DF848B08DF81F30804664
:109520008946924602E0037F9C0722D00DF11F007E
:10953000F7F7F0FE0028F6D1684DAB680446002B23
:1095400040F08180FB682B60C5E901893846D0472F
:10955000054603E0037F13F0030356D00DF11F000F
:10956000F7F7D8FE01460028F4D1284609B0BDE837
:10957000F08F05683E689DF81F3005930446294624
:109580003046F6F7CFFDBBF1000F01D1010254D4F4
:10959000BC4214BF2646002602E0027F920724D078
:1095A0000DF11F00F7F7B6FE0028F6D14B4D059BD5
:1095B0008DF81F30AB68002B46D1002E44D1002C13
:1095C000C0D0BBF1000F66D1BC42BBD0444A454974
:1095D000454840F2B2330DF0DEFA8BF31188BFF349
:1095E0006F8F0323184602DFACE702680490294618
:1095F00010460392F6F796FD039A049B00F40000D0
:1096000000281CBF15461E46CAE71C46FFF78EFB06
:1096100030F00203A9D0324A3449334840F2D23301
:109620000DF0B9FA84F31188BFF36F8F0323184646
:1096300002DF284609B0BDE8F08FFF2335460593C9
:109640005C465E46ACE726464946CDF800B0534638
:109650003A464046F7F716FE014638B3BBF1000F15
:1096600016D1002E35D03046FFF760FB30F00203F4
:109670000ED01B4A1D491C4840F28D330DF08BFA69
:10968000002383F31188BFF36F8F0323184602DF93
:109690006FF0760569E7CDF800B053463A46494683
:1096A0004046F7F7EFFD06460028F1D10C4A104975
:1096B0000D4840F27B330DF06EFA002181F31188E2
:1096C000BFF36F8F0323184602DFBBF1000FC8D032
:1096D000DEE7002C14BF26460E46C4E75C3B0020A4
:1096E00018BE020084BF02007CB00200E4B5020094
:1096F0007CBF020001F1100006F0BEBF70B5054648
:109700008AB00C460122002104A810F0B5FB0F4BD3
:1097100001930026032369462846039602930DF021
:109720002EFD002810DB4FF40043314640F2E730B5
:10973000E4FB03014FF47A720023E7F739FE024697
:109740000B4604A806F0D2FF0AB070BDF5960100E2
:1097500010B5012004F062F90449002301244B6094
:109760008C60CB60BDE810400DF009BD6C3B002063
:1097700010B5012004F052F9044904460DF07AFDB9
:109780002046BDE810400DF051BD00BF6C3B0020ED
:109790000C4B1A780AB10020704710B501201870E0
:1097A00004F03CF94FF4FA710446FFF7A7FF38B90B
:1097B00020460DF03BFD02280CBF00206FF0040096
:1097C00010BD00BF4451002008B50A4BBFF35B8FAA
:1097D00053E8002F511C43E800100028F8D1BFF3D4
:1097E0005B8F002A01DD002008BD04F01FF9002076
:1097F00008BD00BF683B002008B50C4B1A68002A62
:1098000011DDBFF35B8F53E8002F511E43E80010BA
:109810000028F8D1BFF35B8F012A01DD002008BDCD
:1098200004F01AF9FAE76FF0770008BD683B0020F2
:1098300032207047014B33F810007047B8BF020068
:1098400010B50446FFF7D6FD01F03AFF2046BDE80B
:109850001040FFF7DBBD00BF38B50546FFF7B8FD88
:10986000962001F061FF002318461A46194601F0C0
:1098700093FE0120F7F7AAFC044678B304F11C001C
:1098800001F0A8FD01F0F8FDC0B929461B4801F020
:10989000DBFC02F053F800210446084601F0B0FD5D
:1098A00000210546084601F0A7FD2C44CB34201AC0
:1098B00001F0FCFFBDE8384002F032B8104A11490F
:1098C000114840F29C430DF066F9002383F31188A0
:1098D000BFF36F8F0323184602DFD6E7084A0B4910
:1098E00009484FF493630DF056F984F31188BFF3E0
:1098F0006F8F0323184602DFC0E700BFC59E01003B
:10990000C8BF02001CC002007CB0020014C00200EC
:10991000814208B50ED00B7ADB0702D46FF08B00C2
:1099200008BD134B1360FFF74FFF00280FDB6FF0EC
:109930000A0008BD0B7B01EB83010B691B7803F068
:109940000F03012B14BF6FF08B00002008BD094AE4
:1099500009490A4840F251430DF01DF9002383F3F1
:109960001188BFF36F8F0323184602DFDFE700BFC4
:10997000A99D0100C8BF020070BF02007CB00200B8
:1099800010B50446FFF736FD01F09AFE2046FFF7BA
:109990003DFD0C4B0021012208469C60F4F7FCFFC2
:1099A00000B910BD084A0949094840F2B1530DF009
:1099B000F2F8002383F31188BFF36F8F0323184657
:1099C00002DF10BDA40F0020C8BF02004CB202008D
:1099D0007CB0020010B5E8B10C46FFF70DFF00287F
:1099E00004DB2046BDE81040FFF726BC0D4A0E49B7
:1099F0000E4840F277430DF0CEF8002383F3118830
:109A0000BFF36F8F0323184602DF2046BDE81040E6
:109A1000FFF712BC064801F017FCBDE8104001F04A
:109A200001BD00BFC8BF020070BF02007CB00200D1
:109A300041980100084B042210B598182821F4F72A
:109A4000B5FE064B00249C8102222146044810F0FA
:109A500013FA204610BD00BFAC3B00209C3B002009
:109A6000843B0020084B042210B598182821F4F7F5
:109A70009DFE064B00249C8102222146044810F0E2
:109A8000FBF9204610BD00BFAC3B00209C3B0020F2
:109A9000843B002010B504460548F4F7ABFE20B126
:109AA000034600205870636010BD6FF00B0010BDBE
:109AB000AC3B002003460020187058709860704737
:109AC00038B52B4D2B7B6A7B9A4202D055F8234048
:109AD00034B92848F4F78EFE044680B1204638BDDC
:109AE000254806F029FE2B7B6A7B9A42F6D001338B
:109AF000DBB2032B08BF00232B73204638BD1E4862
:109B00004FF42032002306F0F1FD90B91A4806F018
:109B100013FE2A7B6B7B93421AD0531CDBB255F8A1
:109B20002220032B08BF00232B738AB11446204642
:109B300038BD124A124913484FF4DB730DF02BF86D
:109B400084F31188BFF36F8F0323184602DFDDE72C
:109B50000A4A0D490B4840F2BB130DF01CF80023D4
:109B600083F31188BFF36F8F0323184602DFB5E735
:109B70009C3B0020AC3B0020843B0020C8BF02007F
:109B800030B102007CB0020030C0020010B5027893
:109B900043789A4214D0D4B244700278944204D0EC
:109BA0005A1C4370D3B2022B0ED01A4600EB82042B
:109BB0000B70606800B110BDFFF782FF606010BDE0
:109BC0000133DBB2022BF0D100221346EEE700BFD7
:109BD000F8B5027843789342044625D0D5B2154AA9
:109BE00000EB8507507B92F80CC0431CDBB2032BC3
:109BF00008BF00239C450E46796806D042F8201025
:109C000053730D4806F038FD00216B1CDBB2022BAC
:109C10000ABF00221A46134679602370012104EB23
:109C2000820431706068F8BD1A4604EB82046068F3
:109C3000F8BD00BF9C3B0020843B002070B5057A36
:109C4000C5F302150446002D95FAA5F0B0FA80F090
:109C500008BF4FF0FF3082B000F101063CD0227AFD
:109C60006B1E2B4063F3061206F124002272FFF7ED
:109C700067FB00230DF1070104F10C008DF807309C
:109C8000FFF7A6FF0546002838D0284601F0A8FBBC
:109C90002B7803F00F03022B15D00DF1070104F10F
:109CA0001800FFF795FF0546002836D021462248C8
:109CB00001F0CAFA962001F037FD002002B0BDE89D
:109CC000704001F021BC1D48214601F0BDFA02B0F0
:109CD000BDE8704001F0C0BC194A1A491A4840F268
:109CE000BC530CF058FF85F31188BFF36F8F03232B
:109CF000184602DF257AC5F30215B0E7104A13496A
:109D0000114840F2C5530CF046FF85F31188BFF3AC
:109D10006F8F0323184602DFB7E7094A0C490A4848
:109D200040F2CF530CF037FF85F31188BFF36F8FEC
:109D30000323184602DFB9E759980100559D010039
:109D4000C8BF020034C002007CB002003CC0020068
:109D500040C0020010B5044601F0ACFBFFF74AFB1F
:109D6000237A03F07102012A05D1C3F3420262F3A0
:109D700006132372DBB213F0700F05D0636853B182
:109D800093F82C309B0706D501F09AFC2046BDE8DD
:109D90001040FFF73BBB2046FFF750FF01F03CFBB4
:109DA000BDE8104001F0BCBD70B5C36804461E6834
:109DB000F6F7B6F905463046FFF7A2FA00232D1A4A
:109DC000C4E9005323812046BDE87040E8F74CBE4B
:109DD00010B582B00446FFF7F7FC00281CDB164ADA
:109DE0001649174800940023F7F782FB08B1773033
:109DF00001D102B010BD134A1349144840F2AF23F9
:109E00000CF0C9FE002383F31188BFF36F8F032387
:109E1000184602DF02B010BD0A4A0D490B484FF444
:109E20002B730CF0B8FE002383F31188BFF36F8F00
:109E30000323184602DFD2E7692A0000D599010002
:109E400011990100C8BF0200A0B202007CB002005C
:109E500070BF0200F8B5079D9DF818709DF820406E
:109E60000E462DB10C78B2EBD41F16D00020F8BDF1
:109E7000417A01F00301012901D9002CF6D0317893
:109E8000B2EBD11FF2D1062206F10801184607F005
:109E9000C3FFB0FA80F04009F8BD18460622083129
:109EA00007F0BAFF0028E1D1C4F38014BC42DED130
:109EB0000622B11C284607F0AFFFB0FA80F0400937
:109EC000F8BD00BFF0B587B0044601F0E9FAC0B2B2
:109ED00050B9FFF78FFA7348214601F0B5F907B082
:109EE000BDE8F04001F09EBA01F0FCFA054601F031
:109EF000FBFBEDB2064601F001FC01F0D7FBFFF7DA
:109F000079FA002DE7D0FF2301208DF81730F7F7FD
:109F10005DF90546002800F0A680237B95F81CE03B
:109F200004EB830305F11C011869034613F802CB07
:109F30000CF00F07012F08BF00F10807CCF38012C7
:109F4000F0B24FEADC160EF00F0C18BF0027BCF180
:109F5000030F4DD0BCF1050FBDD16D7F222DBAD1BD
:109F60006568002DB7D095F82C5015F00205B2D1D8
:109F7000CDE901700DF11700039000962046FFF720
:109F800069FF0028A7D00420F7F720F90028A2D005
:109F90004548214601F058F901F044FA01F06CFA05
:109FA000002851D1626892F82C3043F0010382F806
:109FB0002C30F7F725F917224FF6FF730271C38093
:109FC0008460054601F060FC286101F0B1FC0021CD
:109FD0000446084601F014FA241A6C61F7F710F9E8
:109FE000E8602868294607B0BDE8F040F7F732B9C5
:109FF000697F0C297FF46FAF002F7FF46CAF617A1B
:10A00000C90702D500283FF466AFB2EBDE1F7FF42C
:10A0100062AF05F124010622184607F0FDFE054651
:10A0200000287FF458AF1F48214601F00DF901F0D8
:10A0300013FB237E04EB8303D86901F0D1F901F00F
:10A040001BFAF8B907B0F0BD184A1949194840F28F
:10A050005F630CF0A0FD85F31188BFF36F8F0323BE
:10A06000184602DF9EE7114A1349124840F2FF5397
:10A070000CF091FD85F31188BFF36F8F0323184611
:10A0800002DF4AE7094A0A490A484FF4C3630CF061
:10A0900082FD85F31188BFF36F8F0323184602DF1B
:10A0A000D0E700BF559D010081990100C8BF0200A3
:10A0B0001CC002007CB0020014C002000021E8F7BE
:10A0C0007BBD00BF38B50446FFF794F923796FF3E1
:10A0D000000323719B0619D5962001F025FB002370
:10A0E00018461A46194601F057FA0120F7F76EF89C
:10A0F000054698B105F11C0001F06CF901F0BCFABD
:10A1000021460E48BDE8384001F09EB801F0A4FA9F
:10A110000120F7F75BF805460028EBD1084A09490A
:10A12000094840F25F330CF036FD85F31188BFF328
:10A130006F8F0323184602DFDCE700BF15A4010080
:10A1400084C0020014C002007CB0020010B50446B6
:10A15000FFF750F901F0B4FA2046BDE81040FFF7D0
:10A1600055B900BF08B5FFF7ADFF01F04FF9BDE8E5
:10A17000084001F0D5BB00BF70B50546FFF728F9D0
:10A1800001F06AFA0120F7F721F8044678B304F1E8
:10A190001C0001F01FF901F06FF9C0B901F0CEFB0E
:10A1A00000210446084601F02BF900210646084626
:10A1B00001F022F93444CB34201A01F077FB01F08E
:10A1C0005BFA29461148BDE8704001F03DB8104ADD
:10A1D0001049114840F21A330CF0DDFC002383F3E0
:10A1E0001188BFF36F8F0323184602DFD6E7084AB2
:10A1F0000A49094840F216330CF0CDFC84F311886B
:10A20000BFF36F8F0323184602DFC0E715A40100D8
:10A2100084C002001CC002007CB0020014C0020016
:10A2200010B50446FFF74EFF23792279C3F34103AB
:10A23000013303F00303032B08BF002363F342023F
:10A2400014BF03F1250025202271FFF779F80020C3
:10A2500001F0EAFABDE8104001F062BB70B5C368D6
:10A2600004461E68F5F75CFF05463046FFF748F8E0
:10A2700000232D1AC4E90053238120460121BDE8A3
:10A280007040E8F799BC00BF00B9704708B5084AAC
:10A290000849094840F28F230CF07DFC002383F32A
:10A2A0001188BFF36F8F0323184602DF08BD00BF7C
:10A2B00084C0020014B802007CB00200814210B5D4
:10A2C0000DD00C6914B16FF08B0010BD0F4B1360F3
:10A2D000FFF77AFA002809DB6FF00A0010BD0C487E
:10A2E00000F0B2FF01F09EF8002010BD094A0A49B3
:10A2F0000A484FF40D730CF04EFC84F31188BFF341
:10A300006F8F0323184602DFE6E700BF5DA201005E
:10A3100021A2010084C0020070BF02007CB00200D4
:10A3200008B50D4B03989860002211460120F4F700
:10A3300033FB00B908BD094A09490A484FF42273A2
:10A340000CF029FC002383F31188BFF36F8F0323E4
:10A35000184602DF08BD00BFB40F002084C0020011
:10A360004CB202007CB0020010B5E8B10C46FFF719
:10A3700043FA002804DB2046BDE81040FEF75CBF2E
:10A380000D4A0E490E484FF41E730CF004FC0023D6
:10A3900083F31188BFF36F8F0323184602DF204633
:10A3A000BDE81040FEF748BF064800F04DFFBDE88D
:10A3B000104001F037B800BF84C0020070BF020037
:10A3C0007CB00200C9A3010030B5044685B0FFF798
:10A3D00011F80DF10F012046FEF784FFC0B90546C4
:10A3E00001F06EF922790095C2F34103013303F0C5
:10A3F0000303032B08BF002363F3420222712B46A1
:10A40000032229462846F5F705FE2046FEF7FEFF03
:10A4100005B030BD2DE9F843044601F041F8C0B263
:10A4200048B9FEF7E7FF2146934800F00DFFBDE86D
:10A43000F84300F0F7BF01F055F8054601F054F974
:10A44000074601F05BF901F031F9EDB2064601F083
:10A4500011F9FEF7CFFF002DE5D00120F6F7B6FE8B
:10A460000546002800F0B68023791A07C3F3C10817
:10A4700066D42A7F12F00F01F6B266D16A7F052AF0
:10A48000D1D9252ACFD803F02103202B40F0B28068
:10A49000962001F049F9002001F036F80320F6F784
:10A4A00095FE07460028BED0F6F7AAFE4FF6FF73CA
:10A4B000FB8005233B71002E40F0CB807F227B7E0A
:10A4C0003A766FF300037B7639463868F6F7C2FEBA
:10A4D00001F016F80278032666F3030202702A7F61
:10A4E0000178C2F3801262F3C7110C22017042702E
:10A4F0002279C9B2C2F3801262F38611024602F8D1
:10A50000021BD4F80510C0F80210B4F809109180AD
:10A51000D5F81E2082606A8C828100F061FF00F015
:10A52000ABFF002840F0998001F0FAF923795348F5
:10A5300043F0010323712146BDE8F84300F084BED7
:10A54000FFB2002F3FF46FAF93E7062996D045275F
:10A55000CF4017F001074CD1012955D004297FF4D1
:10A5600062AF6A7F063A1F2A3FF65DAFDB077FF5D1
:10A570005AAF00F0C5FF2B7F0278C3F38013B3EB13
:10A58000D21F7FF450AF0830062205F11E0107F0FC
:10A5900043FC00287FF447AF6B7F002B3FF443AFB1
:10A5A0000320F6F713FE054600283FF43CAFF6F70C
:10A5B00027FE4FF6FF73EB8005232B7106BB7F2030
:10A5C0006B7E287667F3000328686B762946F6F7DA
:10A5D00041FE28E72A4A2B492B4840F2C7230CF0BA
:10A5E000DAFA85F31188BFF36F8F0323184602DF71
:10A5F0003AE76A7F063A1F2A3FF615AF0027CFE7F2
:10A6000001F044F8C0B2DBE7697F0C297FF40BAF9F
:10A61000C3F38013B3EBD21F4FEAD21910D0B8F1B5
:10A62000010F7FF600AFB9F1000F3FF4FCAE95F8D3
:10A63000293003F0C003402B7FF4F5AE0127AFE7CC
:10A64000062205F12401601D07F0E6FB0028A7D0D3
:10A65000E5E701F01BF8C2B231E7094A0B490A48A5
:10A6600040F233530CF097FA002383F31188BFF3C1
:10A670006F8F304602DF57E765A1010079A1010025
:10A6800084C0020014C002007CB002001CC00200A2
:10A69000002070470020704710B582B00446FFF7D5
:10A6A00093F800281BDB154A15491648009400232F
:10A6B000F6F71EFF08B1773001D102B010BD124A83
:10A6C0001249134883230CF066FA002383F31188A0
:10A6D000BFF36F8F0323184602DF02B010BD0A4A92
:10A6E0000C490B4880230CF056FA002383F31188A1
:10A6F000BFF36F8F0323184602DFD4E7BDA001002C
:10A7000069A30100BDA2010084C00200A0B2020042
:10A710007CB0020070BF0200F8B50546FEF76AFE85
:10A72000F6F7AAFE044600283FD0274B274A1B789D
:10A730001178A27926485B0001F0010103F00203C1
:10A740000B4322F003021343224A01881278A180AE
:10A7500001202070A371227219B195F92730002BC6
:10A7600004DB2846BDE8F840FEF750BE95F82C30D3
:10A77000C3F30213022B16D0042B0CBF4FF4BC778B
:10A78000282701F0C1F8064601F0C4F8361AE66041
:10A79000EA6BC4E904270023EB636B642846BDE839
:10A7A000F840FEF733BE1827EBE70B4A0B490C487D
:10A7B0004FF478730CF0EFF984F31188BFF36F8FC7
:10A7C0000323184602DFB0E746510020475100201E
:10A7D000C64B002045510020E4C0020010B6020024
:10A7E0007CB0020008B500F087FE02780346012124
:10A7F00061F301021A70002008BD00BF00207047FD
:10A80000704700BF30B4074A074D084C0848094953
:10A8100000231380084A2B80237003700B70137081
:10A8200030BC7047C64B0020C84B00204751002069
:10A8300048510020465100204551002091F82C300D
:10A840005B070AD481420AD1064B1B88002B14BF38
:10A850006FF08B006FF00F007047002070476FF0B3
:10A860008B007047C84B002038B50D46002842D0F9
:10A870000446FEF7C1FF002851DBE2682389518BB3
:10A88000938301330B4492F927105383002913DB80
:10A89000F6F7F2FD0446F8B1A37923F00303002292
:10A8A00043F0020301212170A280A3712272284685
:10A8B000BDE83840FEF7C0BC2089136B916B00FBEC
:10A8C00003330B44516B8B4228BF0B469363F6F75F
:10A8D000D3FD04460028DFD1184A1949194840F22F
:10A8E00007130CF058F984F31188BFF36F8F03231B
:10A8F000184602DFD0E791F92730002B07DB294605
:10A90000114800F0A1FCBDE8384000F08BBD0F4BB2
:10A910001B88002BF3D10E4B01221A70EFE7074A78
:10A920000C490848EE230CF036F9002383F3118814
:10A93000BFF36F8F0323184602DF9EE7E4C00200D7
:10A9400010B602007CB0020019A70100C84B00201D
:10A950004651002070BF020070B506460120F6F790
:10A9600035FC044640B30021617796F8495005F064
:10A970000705284600F0C2FC96F86230AA001B07C3
:10A9800004F11C0442F001020DD51F21082000F043
:10A99000F7FC2246294606F1630000F0D5FFBDE82A
:10A9A000704000F017BD08201B2100F0E9FC204694
:10A9B000BDE8704000F00EBD074A0849084840F263
:10A9C00013330CF0E8F884F31188BFF36F8F03237F
:10A9D000184602DFC7E700BFE4C0020014C002004F
:10A9E0007CB0020038B50446FEF7F2FC2B4AA08981
:10A9F00013880133138000F097FE94F8482094F8F0
:10AA00004900C2F3C00300F0070002F00702002172
:10AA100000F0C2FD2046FFF79FFF00F037FD60BB4E
:10AA200000F08CFF258A034694F849000D3501217A
:10AA300000F007001D4400F0E3FC94F8493003F0F7
:10AA40000703022B054416D0042B0CBF4FF4BC7334
:10AA5000282394F84800C0F3C00100F007001D440B
:10AA600000F0CAFC281A00F021FF21460C48BDE87E
:10AA7000384000F0E9BB1823EBE70A4A0A490B48C3
:10AA800040F2AF230CF087F8002383F31188BFF363
:10AA90006F8F0323184602DFC2E700BFC84B0020B8
:10AAA000C1AB0100E4C0020030C102007CB0020072
:10AAB00070B590F84830054603F007040E4620466E
:10AAC000C3F3C00100F01AFC95F86230A200DB0667
:10AAD00042F001020CD508201F2100F051FC314644
:10AAE00005F1840000F07EFFBDE8704000F078BC06
:10AAF00008201B2100F044FC3046BDE8704000F007
:10AB00006FBC00BFF0B5054683B001AAC06C0F460C
:10AB1000296DF3F7D5FE95F862305A07064638D40A
:10AB200048B3019C95F8613095F8602004341C44CA
:10AB300012B9627885F8602033B12378012262F37C
:10AB40000103237095F8613095F86020D31A637083
:10AB50002846F9F70FFE637883422AD960700121F5
:10AB6000237803F00F03002243EA01132370A2703D
:10AB70003C6003B0F0BD43F0040385F8623000F0A0
:10AB8000BBFC044623786FF3041323703C6003B0CE
:10AB9000F0BD43F0040385F8623000F0ADFC0446DC
:10ABA000002EEFD0037843F0100303703C6003B035
:10ABB000F0BD32682B6D9A42D1D10021D0E700BFA1
:10ABC0002DE9F04182B0044600F06AFCC0B250B9F1
:10ABD000FEF706FCBD48214600F036FB02B0BDE89A
:10ABE000F04100F01FBC00F07DFCC5B200F05EFD3E
:10ABF000FEF7F6FBB64A1388012003441380F6F7EC
:10AC0000E5FA0646002800F0E380002D4ED1B14B56
:10AC10001F78002F40F0AA80012201A920461A7057
:10AC2000FFF770FF0027DDF804803D46E08900F063
:10AC30007BFD94F8490000F0070000F065FCA64891
:10AC4000214600F001FB00F06BFE94F8622098F8BA
:10AC5000003062F3C30388F8003094F8623098F84B
:10AC60000020C3F3400363F3820288F800204146CA
:10AC70002046FFF71DFF00F009FC002840F09880F7
:10AC800000F042FE002867D0002D6BD0A08A4FF65E
:10AC9000FF73984200F0D1802946F9F7D1FC002FCC
:10ACA00077D102B0BDE8F041F6F7CCBA94F8623043
:10ACB000327F03F00101C2F38000884200F09A80E5
:10ACC00094F9272081F0010161F30003002A84F840
:10ACD000623005DA94F82C3043F0080384F82C3005
:10ACE00094F862305D0700F1BC80D4E9130101AA39
:10ACF000F3F7E6FD0546002800F0B98094F86120DE
:10AD0000019B1344597971B194F86230D8060AD581
:10AD1000D4F894300133C4F89430D4F8983043F127
:10AD20000003C4F8983094F860300A44D2B29A42D2
:10AD3000C0F0A28000F0B780684A6949694840F2D3
:10AD40006D430BF028FF002383F31188BFF36F8F4F
:10AD50000323184602DF8AE000F0CAFD00F0CEFDB2
:10AD6000002D93D1AFB902B0BDE8F081013FFFB231
:10AD700001A920461F70FFF7C5FE002F7FF452AFD8
:10AD8000DDF804805148214600F05EFA00F064FCD2
:10AD90005BE7F6F735FA03233371A38A3068F38053
:10ADA0003146F6F73FFA02B0BDE8F041F6F74ABA8D
:10ADB0004A4A4D494B4840F2E9130BF0ECFE0023A0
:10ADC00083F31188BFF36F8F0323184602DF57E721
:10ADD000424A464943484FF4AA730BF0DCFE86F31F
:10ADE0001188BFF36F8F0323184602DF002D3FF455
:10ADF0000EAF5BE70025C2F3C002C3F340039A42E3
:10AE00003DD00027334A3A4B0021117020460122E1
:10AE100001A91A70FFF776FE337FDA061ED4DDF83B
:10AE2000048098F80030DB063FF500AF98F8013059
:10AE3000002B7FF4FBAEA5E70027284A2D492948BF
:10AE400040F209230BF0A7FE002383F31188BFF320
:10AE50006F8F0323184602DFA08A1DE7DDF8048008
:10AE6000E4E66FF3820384F8623000F045FB94F867
:10AE70006230327F0025BEE784F86120F7E70320C7
:10AE8000F6F7A4F90028BCD094F8623083F00203EE
:10AE900084F86230737F002BB3D094F862301907C6
:10AEA0002AD40127AEE70022A4F86020206D04F127
:10AEB0004C01F3F70DFD019B1B682B60019B1D608E
:10AEC000019D94F86230327F95E700BF19A7010019
:10AED000C64B002048510020E5A90100E4C0020053
:10AEE00054B102007CB0020030C1020014C0020064
:10AEF000475100204CC1020000F0AEFD074600287B
:10AF000068D000F0D1FD002854D1D4F87330D4F8C3
:10AF10007720134304D1337F03F00303032B32D094
:10AF2000344B3548022221461A7000F08DF900F0AA
:10AF300079FA00F0A1FA78B900F0E6FCE0B1002D52
:10AF40003FF411AFA08A4FF6FF7398423FF474AFFD
:10AF50002946F9F775FBA4E6284A2949294840F211
:10AF600065130BF018FE002383F31188BFF36F8F76
:10AF70000323184602DFDFE700F0BAFC00F0BEFC56
:10AF8000002DDFD1EFE600F0BBFA4378272B014616
:10AF9000C6D80333DAB206F11C00E5F771F9D4F82C
:10AFA0007330D4F87720013BC4F8733042F1FF339B
:10AFB000C4F87730D4F873300E4A0133C4F87330D4
:10AFC000D4F8773004F1730143F100034B6001239F
:10AFD000137066E7094A0C490A484FF491630BF075
:10AFE000DAFD87F31188BFF36F8F0323184602DF62
:10AFF00087E700BF4551002019A70100E4C0020007
:10B000001CC002007CB0020044C1020010B582B036
:10B010000446FEF7D9FB00281BDB154A15491648E4
:10B0200000940023F6F764FA08B1773001D102B03A
:10B0300010BD124A1249134855230BF0ACFD0023F2
:10B0400083F31188BFF36F8F0323184602DF02B02A
:10B0500010BD0A4A0C490B484C230BF09CFD002301
:10B0600083F31188BFF36F8F0323184602DFD4E701
:10B07000B92D000069A801003DA8010064C10200CB
:10B08000A0B202007CB0020070BF02004FF08053FB
:10B090000246D3F8A410013107D04FF08051D1F807
:10B0A000A00010F0010009D17047D3F8A8304FF686
:10B0B000FF719BB28B42F0D100207047D1F8A430D1
:10B0C0001360D1F8A8301371C3F3072363F03F0373
:10B0D0005371D1F8903001331CD0D1F89430013342
:10B0E00018D0D1F89830013314D0D1F89C30013306
:10B0F00010D0D1F89030C2F80630D1F89430C2F8B0
:10B100000A30D1F89830C2F80E30D1F89C30C2F82D
:10B11000123008E00023C2F80630C2F80A30C2F844
:10B120000E30C2F812300120704700BF00234FF0EC
:10B130008052036043608360C360D2F88030013383
:10B1400018D0D2F88430013314D0D2F888300133CB
:10B1500010D0D2F88C3001330CD0D2F880300B6094
:10B16000D2F884304B60D2F888308B60D2F88C30C3
:10B17000CB60704700230B604B608B60CB607047E7
:10B18000054B4FF480320021C3F80815C3F844235F
:10B19000C3F80423704700BF00B00040054B187887
:10B1A000421C1A7018B9044B01221A607047012022
:10B1B000704700BF4951002000B0004038B50E4D27
:10B1C0002C784CB1601EC0B2287018B90B4B01220C
:10B1D0005A6038BD012038BD094A0A490A4871231E
:10B1E0000BF0D9FC84F31188BFF36F8F032318464B
:10B1F00002DF2C78E6E700BF4951002000B0004094
:10B20000C4C1020010C202007CB00200014BD3F89E
:10B210000405704700B00040024B00F5A87043F8E9
:10B220002010704700B00040044BD3F8103123B118
:10B23000034A044B10681B68184770470010004011
:10B240006C3F0020703F002038B5044601200D46B9
:10B25000EDF732FA084B094A1C600949094B1560A1
:10B2600010200222C1F80403C3F88021BDE8384051
:10B270000120EDF713BA00BF703F00206C3F0020A3
:10B280000010004000E100E04FF080434FF0FF323B
:10B290000021C3F8002EC3F8042EC3F8081EC3F81B
:10B2A0000C2EC3F8101EC3F8142EC3F8182EC3F8C2
:10B2B0001C2EC3F8202EC3F8242EC3F8282EC3F862
:10B2C0002C2EC3F8302EC3F8342E704710B5012051
:10B2D000EDF7F2F9064B074800244FF490514FF474
:10B2E0001052C0F81845C3F80018C3F8042810BD60
:10B2F00000F0014000100040704700BF054B0228DD
:10B300000CBF0421032140F20122C3F81015C3F839
:10B310005026704700100040014BC3F80C057047E1
:10B3200000100040014BC3F80805704700100040B2
:10B33000084B00F07F00C3F85405D3F8182522F01D
:10B340000072C3F81825D3F8182542F00072C3F82C
:10B350001825704700100040084A00210123C2F858
:10B360002C15C2F83035C378C2F8243581780388AB
:10B3700043EA01431B02C2F81C357047001000402D
:10B38000C2F38203A3F1020302F00302B3FA83F3D0
:10B39000013A5B091B06022A98BF43F4801300F0B0
:10B3A0000F000A4A184340F48070C2F81405D2F81E
:10B3B0001805074B0340C2F81835D2F81835194361
:10B3C00041F44031C2F81815704700BF001000402A
:10B3D0000000F8FE014BC3F8040570470010004060
:10B3E000014BC3F8040570470010004002280CBF51
:10B3F00028202920704700BF01207047292070476E
:10B4000002280CBF05200A20704700BF014B012213
:10B410005A60704700100040014B01221A607047CB
:10B4200000100040074A084910B401234FF410648B
:10B430000020C2F808455360D360C1F800020B61D8
:10B4400010BC704700F0014000100040094B002282
:10B45000C3F80021D3F80011C3F80421D3F8041174
:10B46000C3F80C21D3F80C11C3F81021D3F8103114
:10B47000704700BF00100040034BD3F800010038B4
:10B4800018BF0120704700BF00100040034BD3F8E5
:10B490000401003818BF0120704700BF00100040B1
:10B4A000034BD3F80C01003818BF0120704700BFD0
:10B4B0000010004001207047034BD3F85005B0FA4C
:10B4C00080F04009704700BF00100040044B40F27C
:10B4D0000312C3F83425C3F83805C3F83C15704788
:10B4E00000100040034BD3F80004003818BF0120BF
:10B4F000704700BF00100040004870476C3E0020BD
:10B5000000487047683D0020F0B41D4B1D4D1E4E95
:10B510001E4C1F4F0322C3F800222A78C6F8687514
:10B5200002F10C03DBB2D000DB00910003F1804399
:10B5300000F1804003F5F83300F5F83001F1804167
:10B54000C6F86C0501F5104104EB82041148C3F8FC
:10B550001045C3F81405D1F840352D2B8ABFD1F81A
:10B56000403501232D3BC1F840350132064B4FF4E5
:10B57000106102F00102C3F804152A70F0BC704794
:10B58000001000404A51002000F00140409100406E
:10B590000C110040041000402DE9F041284E294CC8
:10B5A000294FDFF8A8E0DFF8A8800323C6F80032AF
:10B5B0002178CEF8688501F10C03DBB2DB00CD0009
:10B5C00003F1804303F5F83305F1804507EB81076C
:10B5D00005F5F835CEF86C554FEA810CC3F81075B7
:10B5E00049F63465C3F814654AF2B813022A18BF45
:10B5F0001D460CF1804C42F2B84241F288330228D9
:10B6000018BF13460CF5104C124A2B44A2FB03231F
:10B61000DCF84025B2EB931F85BF9809DCF8403574
:10B6200001231B1ACCF840350131084B4FF410624E
:10B6300001F00101C3F804252170BDE8F08100BFCD
:10B64000001000404A5100204091004000F00140AD
:10B650000C110040D34D62100449054B03204FF4F8
:10B660001062C1F80002C3F80825704700100040BE
:10B6700000F0014000207047034AD2F8003243F442
:10B680008873C2F80032704700100040014BD3F8B5
:10B690004805704700100040034B0022C3F81C21EE
:10B6A000D3F81C31704700BF00100040034BD3F8A3
:10B6B0001C01003818BF0120704700BF0010004077
:10B6C000034AD2F8403623F0FF03C2F840367047F1
:10B6D00000100040034B0022C3F81421D3F81431AA
:10B6E000704700BF00100040034BD3F8140100382E
:10B6F00018BF0120704700BF00100040014BD3F875
:10B7000010047047001000400449054B054A4FF4EF
:10B710008020C1F84803C3F80825704700B00040F6
:10B7200000F00140C001700E034B044A1B7803F582
:10B73000A87342F8230070474A510020009000404F
:10B74000F0B4A2F574232F4DA3F51073AB42044659
:10B7500006D902F1E87202F5D432013902F5A57278
:10B76000294B2A482A4D2B4E0127DF600027C3F8BA
:10B770000475A0FB02020427C3F81075900C022781
:10B78000C3F80875244AC3F84005C5F848154FF4B6
:10B790008021C5F844134021C2F84065C2F8443501
:10B7A000C2F804154CB34FF48013C2F804351B4A99
:10B7B000012100240423D160C2F80445C2F81035E9
:10B7C000154BC2F8084511601549C3F850150C32E5
:10B7D000C3F8542502F5AF32124CC3F8584502F5B0
:10B7E000FC7201F50041C3F85C2538310832C3F81A
:10B7F0006015C3F86425F0BC70474FF40013C2F81D
:10B800000435D4E7BFBDF07F0080004083DE1B43DA
:10B8100000B0004048B1004000F0014000900040FE
:10B820000C1100404091004070B4154B0122DA64C5
:10B83000D3F84C25E8B103F5B8334FF48011C3F8C1
:10B8400004150F4B11460026012502E0D3F84041B4
:10B850006CB9C2EB4102C3F84061501CD3F84011EF
:10B86000C3F84005DD64D3F84C158A42EED370BCB2
:10B870007047044B4FF40011C3F80415E1E700BF13
:10B880000080004000F00140014BD3F848057047AC
:10B8900000B000400349044A01234B600B61536030
:10B8A0001361704700800040009000400449054B40
:10B8B000C1F844054FF08862C3F80425704700BF03
:10B8C0000080004000F00140054B06480649074A49
:10B8D000C3F84805C3F84C15C3F80425704700BFEA
:10B8E00000F0014000110040408000408000000452
:10B8F000014BD3F84405704700800040014B1860AD
:10B90000704700BF643D0020014B1868704700BFBE
:10B91000643D0020014BD3F8400570470080004093
:10B92000024B4FF00062C3F80425704700F001405D
:10B93000014BD3F84805704700800040014BD3F815
:10B9400048057047008000401F4B30B40024C3F806
:10B9500000450224A142C3F8004505462DD003F559
:10B9600080334FF00071194CC3F80415164B184979
:10B97000C3F80445D1F818151648174CC9B2043954
:10B98000C3F818150021C3F80855C3F80C05C3F80F
:10B990001025C3F81445C3F80012C3F80011D3F8FA
:10B9A0000021C3F80411D3F80421C3F808110122BF
:10B9B000D3F808111A6030BC7047084B084C4FF0A0
:10B9C0000071C3F80415D1E700F000400100000148
:10B9D00000100040683D0020583C002000F001406D
:10B9E0000100010130B4174B00240222C3F80045C6
:10B9F000C3F80025144AC3F80425144AD2F81825C0
:10BA0000D2B20546043AC3F818251148C3F80855C0
:10BA10000122C3F80C150F49C3F81005C3F814151B
:10BA2000C3F80022C3F80041D3F80011C3F8044161
:10BA3000D3F80411C3F80841D3F808111A6030BCD8
:10BA4000704700BF00F000400000010100100040FE
:10BA5000683D0020583C002038B5114C0223C4F842
:10BA60000433D4F8043163B92025EFF3118085F352
:10BA70001288BFF36F8F0BF0D1FFD4F80431002B85
:10BA8000F3D0074B074A02204FF40041C3F80803E4
:10BA9000C2F88011D3F80801B0FA80F0400938BD2F
:10BAA00000F0004000E100E0034BD3F80004003850
:10BAB00018BF0120704700BF00F000400139012984
:10BAC00005D80B200AB1ECF7E9BDECF7F5BD08B5D8
:10BAD000074A084908482D230BF05DF8002383F33B
:10BAE0001188BFF36F8F0323184602DF08BD00BF24
:10BAF0001CC2020054B102007CB0020029B101391D
:10BB0000012905D80B20ECF7EBBD1820ECF7E8BDB8
:10BB100008B5084A0849094841230BF03CF80023BE
:10BB200083F31188BFF36F8F0322104602DF18469C
:10BB300008BD00BF1CC2020054B102007CB002006C
:10BB400088420FD0012807D002280DD1A1F10100B1
:10BB5000B0FA80F040097047A1F10200B0FA80F01D
:10BB6000400970470120704700207047012908B53F
:10BB700011D002290FD0A1B10D4A0E490E487B23E6
:10BB80000BF009F8002383F31188BFF36F8F0323B1
:10BB9000184602DF08BD094B4FF40062C3F80021CC
:10BBA00008BD064B4FF08072C3F8002108BD00BFEE
:10BBB0001CC2020054B102007CB0020000E100E0AF
:10BBC00008B50EF048FA08BD032810B5044604D89D
:10BBD000124B1C5D9CB1204610BD114A1149124800
:10BBE00029230AF0D8FF002383F31188BFF36F8F56
:10BBF0000323184602DF094B1C5D002CEBD1084AD9
:10BC00000A4909482C230AF0C6FF84F31188BFF3C0
:10BC10006F8F0323184602DF204610BDECC20200DE
:10BC20006CC20200BCC202007CB00200DCC2020096
:10BC3000013810B51C46042863D8DFE800F0142250
:10BC40001B29030004292CD0304A31493148B8233C
:10BC50000AF0A1FF002383F31188BFF36F8F032342
:10BC6000184602DF10BD04292BD0284A284929484C
:10BC70004C23EDE704291CD0244A254925487A2382
:10BC8000E6E7032925D0214A214922486323DFE73B
:10BC900003292ED0042924D01C4A1D491D48A02365
:10BCA000D6E71D4B9C60BDE8104002210320F2F74F
:10BCB00073BE1A4B9C60BDE8104002210120F2F7D0
:10BCC0006BBE174B9C60BDE8104002210020F2F7CC
:10BCD00063BE144B01219C60BDE810400846F2F79A
:10BCE0005BBE114B02219C60BDE810400846F2F794
:10BCF00053BE0E4B9C60BDE8104001210220F2F7BC
:10BD00004BBE024A02490348BE23A1E76CC20200AF
:10BD100054B102007CB00200C40F0020F40F0020D8
:10BD20001410002004100020D40F0020E40F002085
:10BD300001460020FFF770BA124B30B401210446CF
:10BD400000205960C3F80445C3F80001C3F804019A
:10BD5000196005E0D3F8042132B9D3F804251AB1EB
:10BD6000D3F80021002AF5D05960D3F80421002A25
:10BD7000E7D1D3F80455002DE3D0C3F8042530BC37
:10BD8000704700BF00E0004070B5174C0126D4F8A2
:10BD9000045566600E20ECF78FFCD4F8040140B126
:10BDA0000021C4F80411D5E90E323046BDE87040D8
:10BDB0001847D4F8006146B1C4F80001D5E90E3245
:10BDC00005F12001BDE870401847084A08490948B4
:10BDD000E4230AF0E0FE86F31188BFF36F8F03239C
:10BDE000184602DF70BD00BF00E00040F0C2020054
:10BDF00054B102007CB0020070B58CB00E461546FE
:10BE00000146102268461C46F2F728FD10220DEB71
:10BE100002003146F2F722FD6846FFF78DFF25B19B
:10BE2000102208A92846F2F719FD2CB108AD0FCD54
:10BE300020606160A260E3600CB070BD020600F09B
:10BE40007F0312D5082B05D1010700F00F0306D59B
:10BE50000E48704710F0780F12D100F00F034C20FD
:10BE600000EB43100A4B18447047082B05D102071A
:10BE700000F00F0306D50748704710F0780FF6D092
:10BE800000207047044800EB43107047F04000204A
:10BE9000A43F002010420020104100200149024828
:10BEA0000EF089B8CC3F00206024002001460148F4
:10BEB0000DF0C9BFC014002002480022002304F086
:10BEC000A9BB00BFC014002013B5124800F098FFB2
:10BED000114B98421AD1114803F078FD0024104804
:10BEE00003F0BAFD0F49104800944FF0FF334FF4B0
:10BEF000806204F0BDFD0D490B480EF0B2F80C480D
:10BF00000C490EF03CF8204602B010BD6FF0040062
:10BF1000FAE700BFBDC401000000AD0B56EB020004
:10BF20003CC30200808100206024002058E9020008
:10BF3000CC3F0020B1C0010010B50E49BFF35B8FAC
:10BF4000002351E8002F012A03D141E800300028E6
:10BF5000F7D1BFF35B8F0CD151F8044C1439204654
:10BF60000BF088F9783004D12046BDE810400BF082
:10BF70005DB910BDC43F002038B5002464F07F00D7
:10BF8000C0B2FFF75BFF01340DF0E7F8082CF5D1E4
:10BF90000E4D0024E0B2FFF751FF036903B90561BC
:10BFA00001340DF0DAF8082C05F14005F2D108480B
:10BFB0000DF0D3F8074BD3F87C2212B9064AC3F828
:10BFC0007C2206480DF0C9F8002038BD3446002018
:10BFD000F0400020A43F0020344200201042002006
:10BFE00010B5054CFFF768FF20B1416820460DF001
:10BFF00003FEF7E710BD00BFE412002007B50023E1
:10C000001348002201A904F04FF9D8B11149124890
:10C010000DF0B6F8FFF7E4FF0D480022002301A958
:10C0200004F042F928B10D490B480DF0A9F80020A1
:10C030000AE00198042340600374FFF737FFFFF71D
:10C040002DFFF4E70198406003B05DF804FB00BFEA
:10C05000E412002063E9020090AA020081E90200D4
:10C060000346024A024801210BF085BA9DE902000D
:10C0700090AA0200022810B511D80B4A145CFFF7F1
:10C08000BDFF80B1002202740472FFF70FFF074B5F
:10C0900093F824303BB1BDE81040FFF7FFBEBDE888
:10C0A0001040FFF7DDBF10BD53EB0200A43F00209E
:10C0B0002DE9F043A24CDFF88C9285B08046FFF763
:10C0C000FBFE074610B905B0BDE8F08394F82520C3
:10C0D0003B7C3AB9002B00F09A80796899480DF0C2
:10C0E0008BFDECE7042B00F27381DFE813F0900086
:10C0F000050012013D015D0118F8043C33B9BB682D
:10C100005B7A914A914801210BF035FA3B7BBD687F
:10C11000032B37D8DFE803F0023D63686E698C4B70
:10C12000002232607260D3F880143170D3F8841426
:10C130007170D3F88814D3F88C0441EA002171801F
:10C14000D3F89014D3F8940441EA0021B180D3F8D5
:10C150009814D3F89C3441EA0323F3800823EB605E
:10C16000306871687B4B03C311462B68687A984727
:10C1700096F90030002B08DBF38833B1A4F88C3239
:10C1800001F08CF979684846A9E70023A4F88C32BD
:10C19000F8E76B7F002BF5D02B7F002BF2D0002629
:10C1A0004FF0FF326C486E774FF0FF332E770CF074
:10C1B000EBFF6B6901936B68CDE9023601A9687AE0
:10C1C00000F074FE654A9042034604D0644A5F481A
:10C1D00001210BF0D0F960480CF0D8FFD2E72B68B2
:10C1E0000121687A9847CDE7AB7A6BB9EB7F5BB9F1
:10C1F00059484FF0FF324FF0FF330CF0C5FF01F00C
:10C2000053F955480CF0C2FF2B680221E9E73B7A4D
:10C21000042BB7D8DFE803F059032367730000F05D
:10C22000AFFD05460028ADD100F0EAFCBFF35B8FFF
:10C230004C49012351E8002F002A03D141E8003086
:10C240000028F7D1BFF35B8F9CD141F8085C41F81F
:10C25000105CE069636114390AF091FF92E70025F0
:10C2600065F07F00C0B2FFF7E9FD037A13B1407AB1
:10C2700001F07EFA0135082DF2D194F854311BB14A
:10C2800094F8550101F074FA0025E8B2FFF7D6FDE5
:10C29000037A13B1407A01F06BFA0135082DF4D11D
:10C2A00094F874321BB194F8750201F061FA002021
:10C2B00000F04AFD012384F825302368002B3FF469
:10C2C00061AF0021022098475CE7002584F82550E3
:10C2D00001F0B4F9FFF730FE2368002B3FF452AFB2
:10C2E00029460420EFE7002A3FF44CAF00F052FD4E
:10C2F0002368002B3FF446AF00210520E3E72368C5
:10C30000002B3FF43FAF002A3FF43CAF0021062052
:10C31000D9E708F110054FF0FF334FF0FF32284600
:10C320000CF032FFFFF728FE28460CF02FFF58F8DC
:10C33000283C002B3FF426AF00210120C3E700BFBB
:10C34000A43F0020E4120020B8E9020090AA0200F5
:10C3500000700240A83F0020DC3F00200000AD0B31
:10C36000DEE90200C43F002094F874325BB101257D
:10C3700084F8895284F88852FFF740FE58B917496B
:10C3800017480CF0FDFE58F8283C002B3FF4FAAE9D
:10C3900000210A2097E7134A057405738260FFF7AE
:10C3A00085FDFFF77BFDEEE70F490D480CF0E8FE39
:10C3B0000DF0EDFA01F042F900F018FCFFF710FE65
:10C3C000FFF7DAFD0DF0DCFA084800F019FDD9E6B8
:10C3D000074A034801210BF0CEF8D3E604EA020035
:10C3E00090AA02001042002018EA0200BDC4010019
:10C3F0002FEA0200F7B5877806463846FFF71EFD9C
:10C400003B06F47805461DD554B1032C06D0284AC6
:10C4100028480097234601210BF0B7F803B0F0BD80
:10C42000FFF7ECFD03460028F8D00122AC77027438
:10C43000032202739D60FFF739FD03B0BDE8F040B1
:10C44000FFF72CBD54B1012CE1D1FFF7D7FD034616
:10C450000028E3D06C7704740473EBE7FFF7CEFD9C
:10C460000028DBD0B278144B12F0800F02F00801E4
:10C4700011D041B1D3F8A836EB6001230374022335
:10C4800003738560D7E702F00F02142101FB02332A
:10C49000D3F80836F0E711B1D3F8A837ECE702F08B
:10C4A0000F02142101FB0233D3F80837E4E700BF81
:10C4B00047EA020090AA020000700240F0B5142280
:10C4C0008BB0064600210DEB020005F055FD3378D8
:10C4D000013B052B21D8DFE803F08B0314147B16F6
:10C4E00003238DF81C300024FFF788FD0346A0B11C
:10C4F000047400F10802DDE9070182E80300184630
:10C5000026E00423EDE7B7783846FFF797FC837AF7
:10C51000054623B1013B022B54D90BB0F0BD3B06BD
:10C52000F4781CD54CB1032CF7D0324A324800972E
:10C53000234601210BF029F8EFE7FFF75FFD0346E3
:10C540000028EAD00122AC770274032202739D60B6
:10C55000FFF7ACFC0BB0BDE8F040FFF79FBC54B157
:10C56000012CE2D1FFF74AFD03460028D5D06C77B5
:10C5700004740473EBE7FFF741FD04460028CCD0B8
:10C5800002230127037307748560B07805F10C015D
:10C590000CF033FE034620B1184A174839460AF01A
:10C5A000EAFF174AE968B2F88C328B4206D95B1A67
:10C5B000A2F88C3200F072FF2046C9E70023A2F8EF
:10C5C0008C32F9E730460BB0BDE8F040FFF712BF00
:10C5D00003A800F041FF9DF80D30052B04D19DF814
:10C5E0000C3013F0600F98D0064B079301247BE7C3
:10C5F000022479E747EA020090AA020073EA0200E7
:10C60000A43F00201041002038B5164D95F8244075
:10C610002CBB05F138000DF046FB204601F0FEF979
:10C6200022460121E8612720ECF768F80DF0A8F90F
:10C63000FFF7A2FC044610B9012385F824300A4B09
:10C640001B680BB1FFF72AFC4FF08043D3F8383456
:10C65000DB0702D50020FFF70DFD204638BD002482
:10C66000FBE700BFA43F0020C0140020074B93F855
:10C6700024203AB193F82530002B14BF00206FF02E
:10C68000120070476FF01200704700BFA43F0020F7
:10C6900008B50378027903F00F013AB989B10A4964
:10C6A0000A480CF06DFD4FF0FF3008BD082901D994
:10C6B0000749F5E7012A04D183F0080040F3C000E0
:10C6C000F3E743F3C000F0E793EA020090AA020008
:10C6D000B2EA020038B5124B93F824300446E3B1B5
:10C6E00005782846FFF7AAFB80B14572237983724B
:10C6F000638843602078618810F0080F09D14B1ED1
:10C700000B4206D0074908480CF03AFD6FF01500BF
:10C7100038BD0CF06DFD0020FAE76FF01200F7E76E
:10C72000A43F0020D1EA020090AA020038B5154BC0
:10C7300093F8242005460AB393F82530F3B1FFF7A8
:10C740007DFB044610B96FF0150038BD837A012BCC
:10C750000FD007D9023B012B07D96369A3610020E1
:10C76000E060F2E700F0A6FEF7E7284600F048FE9A
:10C77000F3E7054905480CF003FDE4E76FF012000C
:10C78000E3E700BFA43F0020F9EA020090AA0200FC
:10C7900038B50E4B93F82420054682B193F8253026
:10C7A0006BB1FFF74BFB68B115F008040AD12846BE
:10C7B00000F048FE284601F013F8204638BD6FF01F
:10C7C0001200FBE76FF01500F8E700BFA43F002060
:10C7D00038B50C4B93F8242005460C4662B193F80B
:10C7E00025304BB1FFF72AFB48B144B1284600F091
:10C7F0000FFE2070002038BD6FF01200FBE76FF0D5
:10C800001500F8E7A43F002070B5134E96F82430C9
:10C810000446C3B1FFF712FB0546B8B1230705D4A0
:10C82000204600F00FFE204600F0DAFF2B7A83B995
:10C8300001232B7296F825300BB9002070BD2046DD
:10C8400000F096FFF9E76FF01200F7E76FF01500C0
:10C85000F4E76FF07700F1E7A43F00202DE9F04303
:10C86000DFF8F4801E4698F8243085B007468946E4
:10C870001546002B6DD098F82530002B69D00306A3
:10C880000BD5FFF7DBFA044638B1037A5BB9334ABC
:10C8900033483B4601210AF06EFE6FF01504204636
:10C8A00005B0BDE8F0834FF0FF334FF0FF3208F1E1
:10C8B00038000CF069FCA37F33B108F138000CF0AC
:10C8C00065FC6FF00A04EAE7A37A05B37BB30123A2
:10C8D000A3774FF0000801A93846CDE90195CDF8BE
:10C8E0000C8000F0E3FA1F4A904203462DD084F8F2
:10C8F0001E800EB1C6F800801B4A194801210AF0BB
:10C900003AFE6FF0040419480CF040FCC7E7E27FE0
:10C9100002B1E577002BDAD100F0D2FD8742D6D004
:10C9200000F0C2FD11480CF031FC0024B7E7B8F864
:10C930000A309D42F0D26268B5FBF2F302FB13535A
:10C94000002BE9D10123E377E6E706B13560002447
:10C95000D9E76FF01204A2E7A43F00201BEB02000E
:10C9600090AA02000000AD0B3AEB0200DC3F002071
:10C970002DE9F0411D46254B174693F824208046AB
:10C980000E46002A3FD093F82530002B3BD010F004
:10C99000800F0ED101B967B94046FFF74FFA044640
:10C9A00038B1037A43B91A4A1A48434601210AF0BA
:10C9B000E2FD6FF0150013E04FF0FF3316484FF023
:10C9C000FF320CF0E1FBE3689F42B84628BF98466F
:10C9D00046B93FB905B12B600F480CF0D7FB0020DA
:10C9E000BDE8F081A16942463046E3F749FCA369FE
:10C9F0004344A361E368A3EB0803E360002DEBD09D
:10CA0000C5F80080E8E76FF01200E9E7A43F0020D6
:10CA10001BEB020090AA0200DC3F002070B5224D03
:10CA200095F824300646002B3AD095F82530002B97
:10CA300036D003060BD4FFF701FA044638B1037A67
:10CA400043B91A4A1A48334601210AF094FD6FF09F
:10CA5000150070BD4FF0FF334FF0FF3205F1380085
:10CA60000CF092FBE368B3B9012663692677A361F2
:10CA7000637F83B1FFF7C2FA30B905F138000CF0DB
:10CA800085FB6FF00B00E4E7067484600673FFF724
:10CA90000DFAFFF703FA07480CF078FB0020D8E7FF
:10CAA0006FF01200D5E700BFA43F00201BEB02008F
:10CAB00090AA0200DC3F002010B5084B93F8243008
:10CAC0000C462BB1FFF7BAF928B10460002010BD65
:10CAD0006FF01200FBE76FF01500F8E7A43F0020AD
:10CAE000014B1860704700BFA43F002008B5074BFA
:10CAF00093F8243023B1FFF7A1F920B1406808BDB5
:10CB00006FF01200FBE76FF01500F8E7A43F00207C
:10CB10004FF08053D3F83021082A06D1D3F83431AE
:10CB2000052B04D8034AD05C7047002070470120D1
:10CB3000704700BF60EB0200064B10F0800FA3F1BE
:10CB4000D80208BF134600F00F00182202FB003085
:10CB5000704700BF4C490020EFF31180202383F37E
:10CB60001288BFF36F8F0A4BD3F8001C032261B900
:10CB700049F27531C3F8001CC3F8142DC3F8001C2A
:10CB800080F31188BFF36F8F7047C3F8142DF7E758
:10CB900000E00640EFF31180202383F31288BFF3F7
:10CBA0006F8F0A4BD3F8001C61B949F27532C3F894
:10CBB000002CC3F8141DC3F8002C80F31188BFF3B8
:10CBC0006F8F70470022C3F8142DF6E700E006408F
:10CBD0004FF08053D3F83031082B02BF024B0022B4
:10CBE000C3F81C2C704700BF00700240024A0023AB
:10CBF0001360024A137070472C4A00204F510020E6
:10CC000008B54A4B4FF40062C3F80024FFF780FFD9
:10CC100008B1FFF7A1FF4FF08053D3F83031082B54
:10CC200018D1EFF31180202383F31288BFF36F8FA5
:10CC30003F4BD3F8001CC02200296ED149F2753158
:10CC4000C3F8001CC3F8142CC3F8001C80F311882F
:10CC5000BFF36F8F354B0122C3F80025D3F80024B2
:10CC60001205FBD54FF40062C3F800244FF0805347
:10CC7000D3F83031082B17D1EFF31180202383F341
:10CC80001288BFF36F8F2A4BD3F8001C002947D1BD
:10CC900049F27532C3F8002CC3F8141CC3F8002CF9
:10CCA00080F31188BFF36F8FFFF732FF30B1FFF7CA
:10CCB00071FFFFF72DFF08B1FFF74EFF4FF08053D4
:10CCC000D3F83031082B194B0AD140F2E372C3F884
:10CCD00000284022C3F80428BFF36F8FBFF34F8FA3
:10CCE0008022C3F81C250122C3F83025114B40F2E5
:10CCF000FF121A60104B00211960104B1970FFF7DA
:10CD000067FF0F4B19700F4B02221A70FFF700FFDD
:10CD100050B1BDE80840FFF73DBFC3F8142C95E7BC
:10CD20000022C3F8142CBBE708BD00BF007002400E
:10CD300000E00640284A0020244A00204B510020F1
:10CD40004D5100204F510020094B002210B51A70A0
:10CD5000084A094B094C002808BF1346C4F80033A1
:10CD60002720EBF79BFC0123C4F8043510BD00BF5E
:10CD70004E510020FDFFDF01FDFFFF01007002406A
:10CD8000034B1878012894BF00200120704700BF92
:10CD90004F51002010B54FF0FF324FF0FF331548D0
:10CDA00003F0A4FCEFF31181202383F31288BFF377
:10CDB0006F8F114B1B7803F0FF0483B10F4BD3F837
:10CDC000002412F400720AD10120C3F82C05D3F814
:10CDD0002C05D3F80004800502D5C3F82C250024C7
:10CDE00081F31188BFF36F8F024803F045FC2046A2
:10CDF00010BD00BF481400204E51002000700240BA
:10CE0000F8B51C4B1C7894BB1B4A106001221A70A9
:10CE100040F2FF17264664F07F0514F0080FEDB2CC
:10CE200014BF3946402128460CF0E2F92846FFF7A6
:10CE300083FE0134092C867506730661EBD100244C
:10CE400040F2FF17254614F0080FE6B214BF39462A
:10CE5000402130460CF0CCF93046FFF76DFE01342E
:10CE6000092C857505730561EDD10448F8BD0448AA
:10CE7000FCE700BF4F5100202C4A00200000AD0B02
:10CE80000500AD0B084B10F0800F00F00F0114BF30
:10CE9000D3F81025D3F8142501238B40134214BF77
:10CEA00001200020704700BF007002402DE9F843C8
:10CEB0000246EFF31187202383F31288BFF36F8FAD
:10CEC000030703D1184B1B78834229D1174B184E07
:10CED0001C68356810460CF083F9E443A4B24FF0A7
:10CEE00001092C4309FA00F814EA08041AD1104683
:10CEF000FFF722FE80F80C90034607C91C6183E807
:10CF000007009C750B4B0C4845EA080580223560EC
:10CF1000C3F8042187F31188BFF36F8FBDE8F8834E
:10CF20000648F7E70648F5E74D510020284A00205B
:10CF3000244A002000E100E00000AD0B0A00AD0B28
:10CF40000B00AD0B10F0080F074B06D0D3F8C00450
:10CF500010F4803F18BF0020704700F00F0000F56C
:10CF6000947053F820007047007002402DE9F74F8D
:10CF7000AB4BAC4ED3F85421DAB10022C3F85421A4
:10CF8000D3F80413890214D58DF80420D3F8202592
:10CF9000ADF80620D3F8C034002B336814BF4FF02F
:10CFA00001224FF48072134333609F4B01A81B682A
:10CFB00098479B4BD3F8604134B10022C3F86021FD
:10CFC000D3F86C44C3F86C44D3F828214AB100224A
:10CFD000C3F82821954B18780CF002F901238340FF
:10CFE0001C43DFF84C82934F98F8005098F900905A
:10CFF00015F0080143D1B9F1000F05F00F032EDA47
:10D000008D4A52F8230020B342F8231014225343D0
:10D0100003F1804303F51C33D3F80836874A1178AF
:10D0200003F001034B401370FFF7D2FD844803F077
:10D0300023FB2846FFF780FD837D032B37D128464D
:10D040000CF0CEF8012303FA00F03B6823EA00035A
:10D050003B60DFF8D4A101254FF006095DE0794A75
:10D0600052F823000028F4D042F82310142253432E
:10D0700003F1804303F51C33D3F80837CEE7B9F149
:10D08000000F674B09DBD3F85021002AE1D00022C2
:10D09000C3F85021D3F8A837C0E7D3F82C21002AD1
:10D0A000D7D00022C3F82C21D3F8A836B6E7037BEB
:10D0B000DBB928460CF094F8012303FA00F03B6832
:10D0C000B9F1000F23EA00033B6001DA882DC0D1DB
:10D0D00006238DF8043000238DF80730524B8DF86D
:10D0E00006501B6801A89847B3E7002DB1D14C4BFF
:10D0F0000122DA64ADE794FAA4F03268B0FA80F065
:10D1000005FA00F31A430F28326024EA03043A6850
:10D1100040F39C80134200F0A980002CEBD1404BDF
:10D12000D3F800215AB1C3F80041474B1C703F4B64
:10D130001C70012301933C4B01A81B689847384B96
:10D14000D3F85821002A2ED00022C3F85821D3F852
:10D150000044C3F80044E30508D53B4B01221A7094
:10D1600002230193304B01A81B689847A50508D5F9
:10D17000354B00221A70032301932B4B01A81B6827
:10D18000984760050FD5304B1A7862B100221A70AB
:10D19000234B0122C3F808259A6504230193224BEF
:10D1A00001A81B6898471E4BD3F85C3103B3244B8E
:10D1B0009B681BB998F80030590619D0184B00220B
:10D1C000C3F85C21D3F88034184A23F07F0313702E
:10D1D0003B6823F001133B60336823F4803343F052
:10D1E00001033360052301930F4B01A81B68984787
:10D1F0003A6833681A4200F0EB801148002200239D
:10D2000003F074FA002840F0E380054BD3F82C3586
:10D21000002B7BD00A4803B0BDE8F04F03F02CBAD6
:10D2200000700240284A00202C4A00204D51002066
:10D230004C510020244A0020087102404B5100202C
:10D2400048140020307102404E51002013407FF4FA
:10D2500064AF60F07F018DF804908DF806108DF8B2
:10D260000730DAF8003001A8984756E7A0F110011E
:10D270008DF804908DF806108DF80750F1E749F00D
:10D2800080052846FFF758FC4368B0F814A00168F1
:10D290009A4528BF9A4601F06043B3F1005F044607
:10D2A00004D054485246E2F7EBFF524922686368C3
:10D2B00052442260A268A3EB0A03D20768B26360FB
:10D2C00053D5BAF1000F52D1002323734FE011461A
:10D2D0004FF0000A604545D1003B18BF0123002AEA
:10D2E00042D0504540D9012303FA09F32BEA030346
:10D2F0003B6006238DF804303F4B8DF80650022228
:10D300001B68A2758DF8072001A89847D7F800B0D0
:10D3100033681BEA03093FF47DAF19F0012314BF02
:10D3200093FAA3F999FAA9F9B9FA89F9B9F10F0FA2
:10D33000A5D9A9F11005EDB22846FFF7FDFB04467B
:10D340002846FFF7FFFD6368B4F814C022689842CE
:10D35000BDD81B1A00EB020E11466360C4F800E052
:10D360008246B7E70023BAE768B2002BACD04FF093
:10D370008053D3F83031082B02BF204B8222C3F8F0
:10D380001C2C336888F80050012202FA09F923EABC
:10D3900009033360236915F0080F53442361174BC9
:10D3A00019D1002805F00F054FF0140000FB0530DF
:10D3B000A9BF0A3503EB8503C0F80017C0F804A71E
:10D3C000AFBF43F82520C0F80016C0F804A65A6085
:10D3D00003B0BDE8F08F0028B5BFC3F8A016C3F8AE
:10D3E000A017C3F8A4A6C3F8A4A7B4BF5A629A644E
:10D3F000EEE700BF344800202C4A002000700240B5
:10D40000024B40F48070C3F818057047007002406A
:10D41000030713D400F00F0310F0800F084A0BBF6E
:10D4200003F5887303F5847302EB830252F823003B
:10D4300008BF5068003818BF0120704700207047AF
:10D4400000700240034BC3F80C0540F48070C3F831
:10D450000C057047007002400023036043600E4BD0
:10D46000D3F880240270D3F884244270D3F888243F
:10D47000D3F88C1442EA01224280D3F89024D3F8E6
:10D48000941442EA01228280D3F89824D3F89C3481
:10D4900042EA0323C380704700700240014B01221F
:10D4A000DA64704700700240014B01221A65704730
:10D4B00000700240014B01225A6570470070024023
:10D4C000014B1878704700BF4D51002010B502463F
:10D4D000EFF31184202383F31288BFF36F8F0BF0D7
:10D4E0007FFE0B49012303FA00F00B6823EA0003D7
:10D4F0000B6012F0080101BF02F00F02054B02F5AC
:10D50000947243F8221084F31188BFF36F8F10BD1B
:10D51000284A002000700240F7B50146EFF311855C
:10D52000202383F31288BFF36F8FFFF705FB0646B6
:10D5300008460BF055FE012211F0800F02FA00F2AE
:10D540002D4818D1036832EA03040AD00846FFF7D1
:10D55000BDFF0323B37585F31188BFF36F8F03B04D
:10D56000F0BD2649347323EA020303600B6823EA03
:10D5700002030B60EDE70B0715D48029204B2FD059
:10D5800001F00F0404F2DA346400C3F80048D3F861
:10D590000448D3F80478E4B244F002043C43C3F8EE
:10D5A0000448D3F80438154F04683B6864EA030C58
:10D5B0001CEA020FCFD013433B60002333730323D5
:10D5C000B3758DF807300F4B8DF8061024EA02046E
:10D5D000062204601B688DF8042001A89847BAE76A
:10D5E00040F2B474C3F80048D3F80448D3F8047880
:10D5F000E4B244F00404D1E7244A0020284A002081
:10D60000007002402C4A002038B50446094D4FF006
:10D61000FF324FF0FF33284603F068F82046FFF74B
:10D620007BFF284603F028F8034B8022C3F804212F
:10D6300038BD00BF4814002000E100E0F8B54FF00D
:10D64000FF324FF0FF332B4803F050F82A4B802273
:10D65000C3F884212720EBF743F898B1274E284BD5
:10D6600034681B68240C24041C43012764BB254D2B
:10D6700040F2FF1333602720C5F80445EBF71CF890
:10D68000C5F80043204A13788BB11E4B0021C3F824
:10D6900008110121C3F80026C3F804165960D3F815
:10D6A00008110029FBD00021C3F808111170154B97
:10D6B0000022C3F80025FFF78BFA0E4802F0DCFFCA
:10D6C000124B01221A70F8BD94FAA4F5B5FA85F54B
:10D6D0000F2D2846C6BFA5F11000C0B240F0800053
:10D6E000030701D4FFF718FF07FA05F524EA05043C
:10D6F000BCE700BF4814002000E100E0284A0020F9
:10D70000244A0020007002404B5100204F5100205D
:10D7100010B504464FF0FF324FF0FF33114802F0CE
:10D72000E5FF2046FFF7F8FE04F00F0201239340C7
:10D730000D4A14F0800F14BFD2F81015D2F814154A
:10D740006FEA030315BF0B400B40C2F81035C2F857
:10D750001435044802F090FF044B8022C3F80421E2
:10D7600010BD00BF481400200070024000E100E03E
:10D7700070B50446FFF786FB68B904F00F02012577
:10D7800014F0800F144B05FA02F205D0D3F81015EF
:10D790000A43C3F8102570BDD3F814150A43C3F823
:10D7A0001425631E062BF6D8EFF31186202383F38E
:10D7B0001288BFF36F8F2046FFF788FE20460BF0DC
:10D7C0000FFD064A1368854023EA0503136086F3BC
:10D7D0001188BFF36F8FDEE700700240244A0020FB
:10D7E000030610B5044605D4FFF712FE10B120461B
:10D7F000FFF76CFE014BC3F8184510BD00700240E6
:10D80000084B70B5C31A0D4607499B10044659438F
:10D81000064840220BF010FD2B4601462046BDE88D
:10D8200070401847444A0020B76DDBB628A50200B7
:10D8300073B50C4C0C4A4023041B00930D460B4659
:10D840000A49A4106143064609480BF020FD011E59
:10D8500005DA30462B4602B0BDE87040184702B0EA
:10D8600070BD00BF444A0020F7920200B76DDBB6DE
:10D8700028A5020010B5EFF31184202383F312884A
:10D88000BFF36F8F074A136823F00201DB071160B3
:10D8900002D401200BF0E6FF84F31188BFF36F8FF1
:10D8A00010BD00BF944A0020002270B5012104463B
:10D8B0001046EAF723FF0F4801F0E8FB0E4B9842B1
:10D8C00015D101F0F3FB26690C49304609F044FC00
:10D8D00000280BDB012535642469084904F11C008C
:10D8E00009F03AFC002801DBE564002070BD6FF010
:10D8F0000400FBE701DA01000000AD0B40C30200A9
:10D900007FB500220123CDE9022304ABCDE9043326
:10D91000094ACDF800D06B46CDF804D00BF0E4FCFA
:10D92000002805DB4FF480420023684602F0DEFE4B
:10D9300007B05DF804FB00BF1593020030B4104B34
:10D940000C2202FB003301460020D3E90E529863FB
:10D95000EFF31180202484F31288BFF36F8F1C6CC7
:10D9600004F0C00444F002041C6480F31188BFF387
:10D970006F8F1DB12B46034830BC184730BC704731
:10D98000444A002028A5020010B4EFF3118220239E
:10D9900083F31288BFF36F8F1748016841F00204C8
:10D9A0000460C80707D482F31188BFF36F8F01208A
:10D9B00010BC01F093BB4FF08041D1F80C04D1F8BA
:10D9C0000C14C907EFD5EFF3118083F31288BFF36E
:10D9D0006F8F0A490B6C03F0C00343F002030B6422
:10D9E00080F31188BFF36F8F82F31188BFF36F8FBD
:10D9F000002010BCFFF7A2BF944A0020444A002038
:10DA000010B1012804D07047034B1B6C5B0701D198
:10DA1000FFF794BF704700BF444A0020024AC3B2D8
:10DA20001C2003FB00207047444A0020094BBFF331
:10DA30005B8F53E8002F42F0010143E800100028FB
:10DA4000F7D1BFF35B8F930702D4012001F046BBEF
:10DA5000704700BF944A002010B5EFF311842023D3
:10DA600083F31288BFF36F8F074A136823F0010115
:10DA70009B07116002D401200BF0F4FE84F311889F
:10DA8000BFF36F8F10BD00BF944A00202DE9F04115
:10DA90003849BFF35B8F0746012251E8003F41E858
:10DAA00000200028F9D1BFF35B8F33B932493348E6
:10DAB0004B60CB608A6009F062FB7B1E012B2BD888
:10DAC000012F07D14FF08043D3F81C3403F0030338
:10DAD000012B21D00CF0BFFA0546F8B9284B1B7872
:10DAE000E3B14FF080430222C3F808230646DFF873
:10DAF00094804FF08044D4F81824D4F81834D2031A
:10DB000015D503F00303012B01D0012F0FD155B31D
:10DB100086F31188BFF36F8FBDE8F081EFF31186B4
:10DB2000202383F31288BFF36F8F0125DFE7ADB1A8
:10DB3000304609F073FFD4F81835002BDBD1D4F848
:10DB40000421002AD7D0C4F80431D4F804310123C9
:10DB5000C4F81835C8F88031A360CCE70021212033
:10DB60000CF031FBE7E74FF080430222C3F80423B7
:10DB7000D2E700BF404A0020304A0020604A00201F
:10DB80007451002000E100E008B507480BF085FF64
:10DB900038B10648EAF7D2FF0448E7F727FA002031
:10DBA00008BD6FF01200FBE7A0A50200B1DB010089
:10DBB0000A2838B5074D044604D1AB680D21DB694E
:10DBC00028469847AB680348DB69E1B2984720468E
:10DBD00038BD00BFA0A50200EFF31182202383F31C
:10DBE0001288BFF36F8F0A4BD3F8001161B1002187
:10DBF000D3F80805C3F80011D3F80031C0B282F39E
:10DC00001188BFF36F8F70476FF00A00F7E700BF0E
:10DC100000D00040F0B5034610469C7893F803C04E
:10DC2000EFF31182202585F31288BFF36F8F1F78E1
:10DC300093F801E0E41B04EA0C04A04288BFA0B200
:10DC40003E180CEA06063D461E7082F31188BFF3AB
:10DC50006F8F0A188A4216D177450CD1EFF31182E3
:10DC6000202181F31288BFF36F8F1978597082F3E6
:10DC70001188BFF36F8F1B79241AA34222BF064B72
:10DC800001221A60F0BD5E190135767901F8016B49
:10DC900005EA0C05DEE700BF00D00040DB432DE9BC
:10DCA000F04713F001050E46144604D02248FFF752
:10DCB000B1FFBDE8F0879AB3EFF31188202383F317
:10DCC0001288BFF36F8F0D20EAF70AFD07460D207B
:10DCD000EAF7F2FC88F31188BFF36F8FDFF85CA0DE
:10DCE000DFF85C80CAF80051DAF800314FF40059CF
:10DCF0000123CAF800302546C8F88091DAF80031CF
:10DD000083B1FFF769FF031EC8F88091F6DB013D80
:10DD1000ADB27355002DF1D117B10D20EAF7BEFC5D
:10DD20002046C6E7EFF31180202383F31288BFF368
:10DD30006F8F09F073FEE1E7C84A002000D0004071
:10DD400000E100E02DE9F041124F0D46144607F1C5
:10DD5000450814B92046BDE8F0814FF0FF334FF07D
:10DD6000FF32384602F0C2FC224629464046FFF701
:10DD700051FF0646384602F07FFC3EB94FF0FF32B5
:10DD80004FF0FF33044802F0B1FCE6E7A41BA4B255
:10DD90003544DEE7984A0020B04A002038B5194CD7
:10DDA0000122114620460CF067F80122002104F1FF
:10DDB00018000CF061F840F20743A4F848304FF027
:10DDC000706323630C2384F8343000250E4B84F8F1
:10DDD0004550A4F84650D3F8042542F00102C3F898
:10DDE00004250121C3F80051D3F80021C3F804131E
:10DDF0002A4619600D20EAF781FC0D20EAF74EFC57
:10DE0000284638BD984A002000D0004010B5FFF7E2
:10DE1000E3FE002820DB174B93F8322093F83140C3
:10DE200093F83310141B31EA0404C0B20DD193F8F7
:10DE3000472093F8464093F84810141B31EA040435
:10DE40000BD10D4B01225A600EE09C18013211409B
:10DE500084F8350083F8321010BD9C18013211404F
:10DE600084F84A0083F847100448BDE8104002F0E7
:10DE700003BC00BF984A002000D00040B04A0020F8
:10DE8000F0B54068057B01F01F0444EA45140569BC
:10DE900087B0002D64D0B2F5001F00F1100506D147
:10DEA000214628460BF05EFD002007B0F0BD01AE14
:10DEB0000027B2F5800F0197776039D1B3F1007F69
:10DEC00014BF052304238DF804300023CDE9046337
:10DED0000393836823FA01F111F001011AD1B2F121
:10DEE000A07F17D104F01F03620903F5E0732AD065
:10DEF000012A3BD11F4A52F82330DB070AD40DF127
:10DF0000030632462146284601F0C6FB1A4B9842CA
:10DF10001CD0029603AA2146284601F07FFA174B2F
:10DF2000984220D101222146284601F019FCBBE786
:10DF3000B3F1C06F05D0B3F1007F14BF01230223FA
:10DF4000C1E70323BFE74FF0A042D4E7314628469C
:10DF500001F000FC094B9842DBD06FF00B00A4E706
:10DF60006FF08500A1E76FF015009EE751F82330B0
:10DF7000FFDE00BF000300500400AD0B0000AD0B3E
:10DF800038B545682B69B3B11035284601F0D2FB8E
:10DF9000044680B90146284601F098FB084B984298
:10DFA0000BD108492246284601F070FB2246052184
:10DFB0000620EAF7A3FB002038BD6FF00400FBE762
:10DFC0000000AD0BC9DF0100420970B5034602D065
:10DFD000012A17D070BD0D4E326951680029F9D061
:10DFE00003F01F0301250C689D400029F2D08A68C8
:10DFF0002A4002D04B68304698472CB1236821460E
:10E000001C46F2E7024EE7E72346F8E750A5020078
:10E010003CA502002DE9F043466840F20635D006E3
:10E02000337B87B002EA050554BFC2F340100320DA
:10E0300001F01F07B5F5837F144647EA43178DF8B3
:10E04000030045D00FD8062D18D007D8B5B1022D42
:10E0500040D06FF0150007B0BDE8F083B5F5807FC4
:10E06000F7D101250AE040F20222954234D0B5F5FD
:10E07000407F33D0B5F5007FEBD102250123220389
:10E0800003FA01F12CD57368C3F80815326982BB15
:10E0900007F01F037F0929D0012F77D13E4A02EBF9
:10E0A000830284F48033D2F80017C3F30043C4F32F
:10E0B000404444EA430421F4E16144EA800421F04D
:10E0C000070144EA05230B43C2F800370020C2E7EA
:10E0D0000725D3E70425D1E70525CFE70325CDE7BD
:10E0E000630344BF7368C3F80C15CFE74FF0A04239
:10E0F000D5E710360DF102023946304601F0CCFA70
:10E1000014F4403F80460CD1394630460BF028FCD1
:10E11000224B9845DAD19DF80210304601F014FBED
:10E12000D4E701AB4FF0000903AA39463046CDE9E8
:10E130000439CDE90199CDF80C9001F06FF9174B36
:10E14000984286D114F4003315D09DF803308DF831
:10E150000E3084F48034C4F300444B4603AA39469D
:10E1600030468DF80C508DF80D4001F011FA0B4B34
:10E170009842CDD06DE7CDE9043303AA0DF1030336
:10E1800039463046039301F049F9F0E703F5E073AF
:10E1900052F82330FFDE00BF000300500000AD0B3B
:10E1A0002DE9F0474668336800AF0546D3B96C46A1
:10E1B00088B001686A463748C2E905014FF400712A
:10E1C0009183354942F8101F34484FF4E251E8F783
:10E1D000BBF9A5466FF01204336813BB2046BD4659
:10E1E000BDE8F0870024F7E72D4A034601212B48BC
:10E1F00009F0C1F9F2E76C4688B029686A462948F7
:10E20000C2E905014FF400719183234942F8101FC0
:10E2100022484FF4E251E8F797F9A5466FF012044F
:10E22000DCE7002CFAD1A1464FF00108746854F8DD
:10E23000390004EBC90A0BF030FC03460028DAD0A1
:10E2400054F839009AF80410BAF80630D0F810C023
:10E25000D0F808A0DCF80040DA0754BF43F4B0134C
:10E2600083F4D01323F4801208FA01FEDB074CBFBD
:10E2700044EA0E0424EA0E04CCF80040DAF8003038
:10E28000984704460028AFD1336809F101094B458E
:10E29000CCD8A3E7DAEB02000300000108AA0200D1
:10E2A00005EC020024EC02002DE9F04145682B68E2
:10E2B00000AF73BB6C4688B001686A461648C2E975
:10E2C00005014FF400719183144942F8101F14485E
:10E2D0004FF4E251E8F738F96FF01200A546BD4659
:10E2E000BDE8F081D5F80480260158F806000BF04F
:10E2F000D4FB034638B958F806206C4688B011683C
:10E300006A460848DBE701342B689C42EADB0020C0
:10E31000E5E70024F8E700BFDAEB020003000001A4
:10E3200010AA020047EC0200036803F01F025B0919
:10E33000026004D0012B034818BF002070474FF043
:10E34000A0407047000300502DE9F04FDFF8949192
:10E35000DFF894A185B01546834600EB810140F2B9
:10E36000FF18594503D1002005B0BDE8F08FDBF858
:10E3700000305E04C3F3C322C3F3080400F1AC8091
:10E380001B0E19F80270444508BF4FF0FF34222BD2
:10E3900000F2A580DFE803F012191F22252B22A32B
:10E3A000A3A3A33B68A3A3A3A3A3A3A3A3A36B813A
:10E3B0008487A3A3A38A9194979A9D00C5F80C45DE
:10E3C000601C5ED10BF1040BCBE7C5F81445621C51
:10E3D000F8D000265FE0C5F80845F1E7C5F810451C
:10E3E000F5E7631CC5F80845ECD0002604E0661C80
:10E3F000C5F80C45E6D0012603A80394FFF794FF67
:10E40000039B012202FA03F3C0F80C3508E0C5F8BB
:10E410000845002FDBD1631CD4D0002632460627E6
:10E42000DBF80030019303F40040002818BF0022FD
:10E4300003A8009218BF01260394FFF775FF039C01
:10E44000019B009A00EB8400C3F3412CD0F80047F5
:10E450003B0243EA8C03134304EA0A04234343EADE
:10E460004603C0F80037ADE7C5F80C45D1E7C5F85D
:10E470006045601CDBF80030A4D0C3F30043002BE0
:10E48000B9D003A80394FFF74FFF039B012606FAB8
:10E4900003F3C0F808353246C2E7C5F86445E8E73B
:10E4A000C5F86845E5E7C5F86C45E2E7C5F82445D9
:10E4B000621C87D000220126B2E7C5F828457FE715
:10E4C000C5F83045F4E7C5F83445F1E7C5F83845F7
:10E4D000EEE7C5F83C4573E76FF0150044E76FF0D1
:10E4E000850041E770EC0200F0F8FCFF036803F0E0
:10E4F0001F025B09026004D0012B034818BF0020F3
:10E5000070474FF0A040704700030050F0B504463C
:10E5100083B0002200AF01211C20EAF7EFF8606809
:10E5200023692E4A00F1080101F094FB2C4B98421C
:10E5300018D023686C4688B06A462A49C2E9051398
:10E540004FF400739383284B42F8103F2748002371
:10E550004FF4E251E7F7F8FF6FF00F00A5460C37D4
:10E56000BD46F0BD6568AE6B3A1D002130460AF02D
:10E57000B6FF002805DB7B68326819791868FFF759
:10E58000E3FE002631462B6801F5AC7253F82230C9
:10E59000002B0EDB7B60381DFFF7A8FF7A68D0F8F0
:10E5A0000435D34013F001031CBF01238B403343D8
:10E5B000DEB201310429E6D1002301206268916AAC
:10E5C00000FA03F232420CBF01220022D20321F8EA
:10E5D00013200133042BF1D10020C0E70595020080
:10E5E0000000AD0B78EC02000300000158AA020005
:10E5F0002DE9F341BDF820C04668046903290746A8
:10E600000D460CF0010C06D9514A0B465148012128
:10E6100008F0B1FF1AE0B17F012908BF5B084FF095
:10E62000010108BF520801FA05F0002B66D09A429A
:10E6300067D9D4F800E072451DD094F804E03EEAB2
:10E64000000E08D0444A434808F08CFF6FF01500D4
:10E6500002B0BDE8F0811146B1F5004F44D222600E
:10E6600084F805E0326896F81E80C2F80CE5C2F81E
:10E670000485C2F80815627923FA02F292B24FF0CB
:10E68000010E79688CF00108896A42EAC83221F8E3
:10E6900015205FFA80F8BEF1000F41D1326805F510
:10E6A000AC7552F82520002A0FDBBCF1000F4BD0CF
:10E6B000B3FA83F35B094BBB01A80192FFF716FF86
:10E6C000019A01239340C0F80C35217921EA080111
:10E6D000217151B3A3797BBB1023012206F12801DC
:10E6E000304601F0DDFA25E00EF1010EBEF1080F13
:10E6F0004FEA5101B0D11346184A87E79E461A46A1
:10E70000BFE74FF0000E47F6FF72BAE701A801928B
:10E71000FFF7ECFE019A01239340C0F80835D4E7D7
:10E72000237948EA03032371D4E7786801F0F6FA05
:10E730000123A37100208BE70023A37130460BF067
:10E7400093F90028FAD0C7E7003B18BF0123B2E7CE
:10E7500098EC020058AA0200ADEC0200C2EC0200E4
:10E760002DE9F843044645680E460BF074FC6368D7
:10E770004FF02009D3F8008088B9234A127872B18B
:10E78000642760680AF09BFFF0B901200BF05CF889
:10E79000013FF6D1002121200BF015FDF0E7EFF34A
:10E7A00011810F4689F31288BFF36F8F60680AF0FA
:10E7B00086FFA8B981F31188BFF36F8FEFE781F36C
:10E7C0001188BFF36F8FE5E7EFF311810F4689F3EF
:10E7D0001288BFF36F8F60680AF071FF0028EED0D7
:10E7E0006B685B0744BF4FF48003C8F80433AB6920
:10E7F0001E70A969012220460AF041FF87F31188A3
:10E80000BFF36F8FBDE8F88374510020F7B505465C
:10E81000002201210220E9F771FF0220E9F73EFF03
:10E820006A6811681369C1F82435137D507D927DA3
:10E8300003431343C1F86C356E68D6E9004313F007
:10E84000010344D02F6907F10C000BF009F82D4BA0
:10E85000984208D02C482D4A012108F083FE6FF021
:10E86000040003B0F0BD387B04F10C0204F5907194
:10E870000AF0ECFF387B012707FA00F000F09EFB5E
:10E880000823C4F80035B369C4F844350023C4F83C
:10E890004835A760D4F85831002BFBD00021C4F8CC
:10E8A00000156C68E66801AA30460AF018FE0028D8
:10E8B00005DB019B326819791868FFF745FD63682D
:10E8C0005B0702D468680AF0C8FE0020C9E7082286
:10E8D000C4F80025B269C4F84425C4F848350123BA
:10E8E000A360D4F82031002BFBD00023C4F82031E2
:10E8F000D4F820310123E3604FF48073C4F804336B
:10E90000C8E700BF0000AD0B70AA020002ED0200D4
:10E9100070B5012383400E4ABFF35B8FDC4352E89E
:10E92000001F01EA040542E80056002EF7D1BFF3AC
:10E930005B8F4FF4803282400648C0F80823BFF353
:10E940005F8FBFF36F8F0B4214BF0120002070BD9B
:10E95000104B00200010014070B40E49D1E9003482
:10E96000D01AC31844F1000422F07F46C1E90034F4
:10E97000A6F50013B3F5400F09D2074B1B681A0A1E
:10E980001B069C19054B42F10005C3E9004570BC0C
:10E9900002F004BE10250020144B00201825002092
:10E9A00011B3BFF35B8F0123104A834052E800CFBD
:10E9B0004CEA030C42E800C10029F7D1BFF35B8F9A
:10E9C0000B4A4FF480338340C2F80433094BBFF342
:10E9D0005B8F1B68BFF35B8FC340DB0742BF064BF7
:10E9E0004FF40032C3F80021704700BF104B0020E5
:10E9F000001001400C4B002000E100E00D4B1868B6
:10EA0000010A0006BFF35F8F0B4BD3F804351818CB
:10EA100041F10001B3F5801F0AD2084BD3E900236E
:10EA2000904271EB030303D210F1807041F10001B9
:10EA3000704700BF144B0020001001401825002033
:10EA40002DE9F04F85B016461F469DF840A00446BC
:10EA5000FFF75EFF0190FFF7D1FFB04271EB0703B4
:10EA600054D23E4B301A67EB0101984271F100011C
:10EA70004FD23B4B03EB0413D3E902239F4208BF61
:10EA800096425ED037494FF4803804F1500508FAB9
:10EA900004F8AD00C1F848832046ADB20AF0C3FEC9
:10EAA00026F07F4B05F1804504F5A87305F5883500
:10EAB000DC464FF003090293029A2CF07F4341F8A1
:10EAC0002230C1F84483D1F80435274A6FF00200A0
:10EAD000C01A604420F07F40904232D9286868B163
:10EAE000D1F804350393A3EB0B0020F07F40B0F581
:10EAF000000F26D920460AF096FE039BBAF1000FBC
:10EB000007D109EB030C09F10109D5E7BAF1000FB0
:10EB100009D06FF0150520460199FFF741FF2846FF
:10EB200005B0BDE8F08F0123104ABFF35B8FA3400F
:10EB300052E8000F184342E800010029F8D1BFF362
:10EB40005B8F07490E98230101EB0412C8500F9BFD
:10EB50005360C2E902670025DDE700BF01008000C5
:10EB60000025002000100140FDFF7F000C4B00201D
:10EB70007FB51C4C1C4BC4F80833C4F848331B4BFE
:10EB800000254FF0FF304FF0FF31C4F80855C3E9BE
:10EB900002014FF48033C4F80433154B02264FF4BE
:10EBA00000320121C4F804631120C3F880212A46F1
:10EBB000E9F7A4FD1120E9F771FD0E4A0123A360D6
:10EBC000236013600C4B0D4A0093CDE901550023DF
:10EBD0002846FFF735FF3046FEF758FF284604B0B9
:10EBE00070BD00BF0010014003000F000025002091
:10EBF00000E100E0104B002059E90100FFFF7F0019
:10EC00002DE9F7432F4CD4F8043399070BD5D4F8EA
:10EC1000043143B12C4A0023C4F80431D4F8043140
:10EC2000136801331360D4F80433DA0329D5BFF332
:10EC30005B8F264B53E8002F22F0010143E80010C0
:10EC40000028F7D1BFF35B8FD30702D4D4F840314B
:10EC5000BBB10025C4F84051D4F84031FFF7CEFED7
:10EC6000EFF31182202383F31288BFF36F8F184BC9
:10EC7000D3E90267B042B94106D282F31188BFF3EB
:10EC80006F8F03B0BDE8F0834FF0FF384FF0FF39CE
:10EC9000C3E90289D3E900101D604FF48033C4F842
:10ECA0004833C4F84051D4F8403182F31188BFF39F
:10ECB0006F8F0029E5D0009032463B4628468847B2
:10ECC000DFE700BF00100140144B00200C4B002078
:10ECD0000025002030B5431C124C85B005D084427D
:10ECE000A8BF0446012CB8BF0124FFF787FE0E4BD6
:10ECF0000C4DD3E90013401AB0F5000F10D22218C2
:10ED0000AA4228BF2A4652184FF000000749009136
:10ED1000CDE9010043F10003FFF792FE05B030BDDD
:10ED20002A46F0E7FFFF7F001025002059E9010087
:10ED300008B5FFF763FE024B1B68C01A08BD00BF91
:10ED4000102500204FF08053D3F83021082A06D137
:10ED5000D3F83431052B02D8024AD05C704700202A
:10ED6000704700BF45ED0200024AD2F80034002B84
:10ED7000FBD0704700E0014010B54FF08053D3F84E
:10ED80003021082A4ED14FF080420021C2F80C11E8
:10ED9000C2F81011C2F8381502F54042D3F8041435
:10EDA000C2F82015D3F80814C2F82415D3F80C14AF
:10EDB000C2F82815D3F81014C2F82C15D3F814147F
:10EDC000C2F83015D3F81814C2F83415D3F81C144F
:10EDD000C2F84015D3F82014C2F84415D3F824140F
:10EDE000C2F84815D3F82814C2F84C15D3F82C14DF
:10EDF000C2F85015D3F83014C2F85415D3F83414AF
:10EE0000C2F86015D3F83814C2F86415D3F83C146E
:10EE1000C2F86815D3F84014C2F86C15D3F844341E
:10EE2000C2F87035FFF78EFF18B13A4B3A4AC3F873
:10EE30008C26FFF787FF18B1384BFB22C3F8182543
:10EE4000FFF780FF70B14FF080414FF08053D1F851
:10EE5000E42ED3F8583222F00F0203F00F031343CD
:10EE6000C1F8E43EFFF76EFF20B12D4B4FF4007266
:10EE7000C3F840264FF08053D3F83031082B1AD115
:10EE80004FF08043D3F80024D20744BF6FF0010253
:10EE9000C3F800244FF08053D3F83431052B02D847
:10EEA000204AD35C3BB14FF01023D3F808224FF037
:10EEB0008043C3F858254FF01023D3F80022002ACE
:10EEC00003DBD3F80432002B22DA174901234FF079
:10EED0001020C1F804351224FFF746FFC0F80042A5
:10EEE000FFF742FFC0F80442FFF73EFF0023C1F8DE
:10EEF0000435FFF739FFBFF34F8F0C490C4BCA683D
:10EF000002F4E0621343CB60BFF34F8F00BFFDE715
:10EF100010BD00BF005000404881030000F00040D9
:10EF2000009002403FED020000E0014000ED00E0F3
:10EF30000400FA0530B50468CCB1BFF35B8FB4FAB6
:10EF400084F3C3F11F03DBB201229A4024EA0202D8
:10EF500050E8005FA54204D140E8002CBCF1000F4E
:10EF6000F6D1BFF35B8FE6D102480B7030BD02488B
:10EF7000FCE700BF0000AD0B0200AD0B10B503684D
:10EF8000CB40DB0714D401238B400268BFF35B8FB7
:10EF900043EA020150E8004F944204D140E8001CCB
:10EFA000BCF1000FF6D1BFF35B8FEED1014810BD6D
:10EFB0000148FCE70000AD0B0400AD0B014BC3F8AA
:10EFC0000405704700F00140F7B50546F8B1012887
:10EFD0001BD104224FF4807301464FF0804003445C
:10EFE0000244C0F808130026012111601E608D4202
:10EFF0001B688DF8071008BF0DF1070642F2107468
:10F000004FF0804745B1012D28D003B0F0BD0C2250
:10F010004FF482730221E0E7D7F8183403F4803309
:10F020003EB9002BF1D001200AF00EFC013CF3D1D7
:10F03000EBE7D7F8182402F003023260002BE4D08B
:10F040009DF80700012803D10AF0FEFB013CD9D14D
:10F05000012DDAD10C4B00225A71D6E7D7F80C34C7
:10F0600003F480333EB9002BF4D001200AF0ECFB0E
:10F07000013CF3D1EEE7D7F80C2402F00102327024
:10F08000002BDDD1E6E700BF184B0020044B1A79B6
:10F0900022B9012218609A800248704702487047DE
:10F0A000184B00200000AD0B0C00AD0B08B5094B50
:10F0B0001B682BB10020E9F713FB08B9E9F7EEFA5A
:10F0C0004FF080430022C3F81825034B01221A7029
:10F0D00008BD00BF184B00207251002010B510B1C0
:10F0E000012843D010BD4FF08043D3F81814D3F853
:10F0F0001824C80321D502F00303012B04D013B157
:10F100000020FFF761FF00234FF080420220C2F889
:10F11000183508224FF4827303F1804300211960EF
:10F1200002F180421C6801241460154A12680AB377
:10F130004FF08043C3F80403D4E7D3F81424D10775
:10F14000E1D5D3F81C249207DAD40D4A12681AB11B
:10F150000222C3F80423C5E7D3F80421002AFBD018
:10F160000022C3F80421D3F80431BBE700224FF496
:10F170008073D1E71A68002AFCD019601B68B1E7D8
:10F18000184B002010B54FF08043D3F800216AB12E
:10F190000022C3F80021D3F800210122C3F808237C
:10F1A000114B587910B95A711B6898474FF080433A
:10F1B000D3F8042172B10022C3F80421D3F804214A
:10F1C000D3F81824D3F81824920704D10122C3F8E5
:10F1D00018259A6010BD0222C3F80823024BBDE82F
:10F1E00010401B6801201847184B0020036803F0EB
:10F1F0001F025B09026004D0012B034818BF0020E6
:10F2000070474FF0A040704700030050034A430985
:10F2100000F01F00D35C1844C0B270474BED0200F1
:10F2200070B50546FFF7F2FF0C4C08300E4634F877
:10F230001030DA0508D5C3F3432304EBC302284694
:10F2400054F8333052689847A3682BB1E2683146CE
:10F250002846BDE87040184770BD00BF4810002028
:10F2600008B5FFF7D3FF034B083033F81000400B0D
:10F2700008BD00BF4810002008B5FFF7C7FF034BCB
:10F28000083033F81000C0F3400008BD48100020DB
:10F2900008B5FFF7BBFF034B083033F81000C0F38D
:10F2A000401008BD48100020034611F0010010B5C1
:10F2B000CCB20DD1A207C4F3400012D5094AD2F84E
:10F2C00020055860C2F82005003818BF012008E06A
:10F2D0004FF0A041D1F820251A60C1F82025002A5E
:10F2E000E8D010BD0003005010B5FFF78FFF124AA1
:10F2F000083032F81030D9051CD5C3F3432123F46C
:10F30000F85322F8103002F10E04002034F8023FC6
:10F3100013F4807F03D0C3F3432399420AD0013012
:10F320003028F3D1002342F831300448BDE81040C2
:10F33000FFF724BE10BD00BF48100020C010002001
:10F34000F0B5054600200446012607468C420BD145
:10F35000114BD3F87C2132B10022C3F87C21D3F8C1
:10F360007C3140F00040F0BDE3B29B0003F58072B9
:10F370009B0806FA03F31D420BD002F1804202F50E
:10F38000C042D2F800C0BCF1000F02D01760126872
:10F3900018430134DAE700BF00600040F7B50646C5
:10F3A0000846FFF733FF194F00F108050C4637F800
:10F3B0001530DB0727D530460AF0AEFA2046FFF7B6
:10F3C00067FF40B12046FFF74BFF316800F5A270A0
:10F3D000002341F820302046FFF786FF002301A8D4
:10F3E00027F815300194FFF701FF019B00EB830024
:10F3F000074BD0F80027134043F00203C0F8003752
:10F40000044803B0F0BD0448FBE700BF48100020EB
:10F41000F0F8FCFF0000AD0B0400AD0B2DE9FF413F
:10F42000164680460846FFF7F1FE0D463168044651
:10F4300009B32846FFF720FF18B12846FFF728FF39
:10F4400010BB0023CDE900338DF80E308DF80F305E
:10F450000DF10F020B4628460DF10E010AF004FAD9
:10F46000474A04F1080132F8113023F0020343F057
:10F47000010322F81130736863B328461F78596876
:10F48000FFF7FAFE10B1D1B13E4826E03C4A04F144
:10F49000080032F8103023F02003DB04DB0C22F8E4
:10F4A000103061B1032FEFD87168496891F800C03E
:10F4B000D8F80010A7B90CF5A27C41F82C70304A9E
:10F4C00004F1080132F8113023F01C0343EA8703EA
:10F4D00022F81130B3684BBB2B4804B0BDE8F08173
:10F4E00001EB8C0143EA4C33D1F810E52EF0030E0A
:10F4F000C1F810E5D8F8001001EB8C0E43F02003A2
:10F50000DEF8101522F8103021F44F3121F440714B
:10F51000CEF810152902DEF8108501F47C5141EA7D
:10F52000074141EA0801CEF81015C8E7D3E90067A2
:10F530002846FFF7D9FE002ECED0114DD5E9002385
:10F54000964203D19F4201D1002209E00F480DF1FC
:10F550000F01FFF7EFFC0C4B9842BED19DF80F2036
:10F5600045F8326005EBC20308345F6035F81430AB
:10F5700043EA422343F4807325F81430ACE700BF1C
:10F58000481000200400AD0B0000AD0BC01000209F
:10F590002DE9F0430C4685B08046204611461E46B4
:10F5A000FFF734FE054629B32046FFF765FE18B97C
:10F5B0002046FFF76DFE18BB314F05F1080937F8FB
:10F5C000193013F01C0F02D04B78012B18D00123F7
:10F5D0008DF80F300023CDE900134A1C8B1C204608
:10F5E0000DF10F010AF040F937F8193043F0030329
:10F5F00027F81930002E41D02046FFF73DFE18B9FC
:10F60000204805B0BDE8F08396F800C0D8F8003077
:10F610001B4F0CF5A272002143F8221005F10802DD
:10F6200037F8121021F02001C904C90C27F8121074
:10F6300075781DB3D8F80000B67800EB8C002D0467
:10F64000D0F8103523F4991323F4F853C0F810358B
:10F65000230203F47C5305F440353605D0F810E559
:10F660002B4306F4801641EA4C31334341F020012C
:10F6700043EA0E0327F81210C0F810350248C0E71D
:10F68000481000200400AD0B0000AD0B014BC3E996
:10F69000021270474810002010B508461446FFF7C4
:10F6A000F7FD50B10846FFF7B1FD054B083033F8C0
:10F6B000103004485B0B237010BD0348FCE700BF0B
:10F6C000481000200000AD0B0400AD0B70B5164DC6
:10F6D00095F8804006462CBB2146602205F11000BB
:10F6E00002F04AFC30682E6F21468E420ED1002374
:10F6F000C0F87C31D0F87C3140F30730E8F7CEFF1A
:10F7000001230A4885F88030AB6770BDCBB29B00FF
:10F7100003F580727C2B08BF845001F1010108BF02
:10F720008358E2E70248F0E7481000200000AD0BE4
:10F730000C00AD0B034B93F88000003818BF01207C
:10F74000704700BF481000200148FFF717BC00BFFA
:10F75000BC1000200148FFF7EDBB00BFBC1000202B
:10F7600073B503681646D3F80423002AA8BF4FF0E8
:10F7700000420546A8BFC3F8042308460C46FFF71D
:10F7800087FD00B30846FFF777FD0146D8B920464C
:10F79000FFF766FD04B2A40004F5807203462868F2
:10F7A0008150296882582144D1F8102542F0010285
:10F7B000C1F810252EB12968012202FA03F3C1F81D
:10F7C000043302B070BD2046FFF720FD0F4B083018
:10F7D00033F81030C3F38203042B12D0052B12D060
:10F7E00001A80194FFF702FD019AD0F81035D3402B
:10F7F00003F00103991C204602B0BDE870400AF0F6
:10F800007CB80321F7E70221F5E700BF481000208C
:10F810002DE9F04F694BDFF8A881D3F80403D8F83D
:10F820007010C0B289B040F00040FFF789FD051E9E
:10F830002FDAC24600235AF87C1F06A8CDE906330A
:10F84000FFF732FD5F4B01930DF118094FF0000BEC
:10F85000019A12F8013B0192DA0803F007031AF843
:10F86000022022FA03F3DA071CD409F10409BBF1E0
:10F87000000F14D0D8F870104FF00040FFF760FD73
:10F88000D8F87C1006A8FFF70FFD0028DAD125F084
:10F8900000450124002D79D109B0BDE8F08F4FF06B
:10F8A000010BD5E7484B5B440293D9F800100029BF
:10F8B000DBD0029B91FAA1F11C78B1FA81F141EA07
:10F8C00044142046FFF7A2FC0830059438F8107065
:10F8D000C808BB0819F80020039301F007010123B1
:10F8E00003FA01F122EA010209F8002005A8FFF756
:10F8F0007DFC059A039B02F5E072C7F3820650F87F
:10F9000022205B073746C2F3014224D52046394600
:10F91000D6B2FFF785FC05A80594FFF767FC059BA9
:10F9200003F5E07350F82330C3F301439E4207D13F
:10F930000021204609F0E1FF3146204609F0DDFFB5
:10F9400005A80594FFF752FC059B012202FA03F378
:10F95000C0F82035A9E7022A0CD10321204609F07E
:10F96000CCFF06F00503012BEAD139462046FFF70C
:10F9700057FCE5E702212046039209F0BEFF032E63
:10F98000F3D0039A032ADBD1022EEDE795FAA5F313
:10F99000B3FA83F304FA03F29B0003F1804303F507
:10F9A000C04325EA0205D3F81005D3F81015C0F3BB
:10F9B0000520C1F30141FFF733FC6BE70060004015
:10F9C000481000205BED02005BED020010B5184C02
:10F9D000237853BB0278C2F34003920712D54FF04D
:10F9E0008053D3F83021082A0BD1D3F83431052BBA
:10F9F00007D8104AD35C23B14FF080430122C3F8EB
:10FA0000382601234FF08042C2F88035037803F096
:10FA10000103C2F878350020E8F762FE08B9E8F77C
:10FA20003DFE01230448237010BD0448FCE700BFDD
:10FA3000735100205DED02000000AD0B0C00AD0B1A
:10FA40004FF080434FF46072C3F80823014B00224B
:10FA50001A607047204B002008B5FFF7F1FF0368DC
:10FA60000BB1014A136008BD204B002010B54FF0C8
:10FA70008043D3F80443620707D54FF4847009F03C
:10FA800073FF10B11E4B1B689847A30608D54FF4AF
:10FA90008A7009F069FF18B11A4B00201B6898475B
:10FAA000600608D54FF48C7009F05EFF18B1154B55
:10FAB00001201B689847210608D54FF48E7009F085
:10FAC00053FF18B1104B00201B689847E20508D57A
:10FAD0004FF4907009F048FF18B10B4B01201B68E0
:10FAE0009847A3050AD54FF4927009F03DFF28B15D
:10FAF000054BBDE810401B680220184710BD00BF31
:10FB0000284B0020244B0020204B002001460148B8
:10FB1000FFF710BACC100020036803F01F025B0946
:10FB2000026004D0012B034818BF002070474FF03B
:10FB3000A04070470003005070B505790A4C1423AB
:10FB40006B43E618E35833B90068022109F062FFFD
:10FB500008B101233372142303FB0544207A0238D1
:10FB600018BF012070BD00BF2C4B00202DE9F347CA
:10FB70000B7F04466BBBDFF8D8900D1F01F1100618
:10FB800001F10C08012755F804AFBAF1FF3F1CD072
:10FB90003378CDF804A001A8002B50D0FFF7BCFFAC
:10FBA000019B07FA03F3C0F8083501A8CDF804A0BB
:10FBB000FFF7B2FF019B00EB8300D0F8003703EAA8
:10FBC000090343F00303C0F80037A84506F1010616
:10FBD000D9D191F81DC00D8B4F7D8E7D8A7EC87E58
:10FBE0002368BCF1000F0BD1D1E9008ED1E902C12D
:10FBF000C3F86085C3F864E5C3F868C5C3F86C153D
:10FC000042EA0022C3F80C75C3F80465C3F808552E
:10FC1000C3F8102520680023C0F81031D0F8102157
:10FC2000C0F80831D0F80821C0F80C31D0F80C31F8
:10FC300040F3073002B0BDE8F047E8F72FBDFFF70B
:10FC40006BFF019B07FA03F3C0F80C35ADE700BF6B
:10FC5000F0F8FCFF2DE9F04190F804800D4C1426DB
:10FC600006FB08F6A71997F808C0BCF1000F0ED1E3
:10FC7000A2517B6019B10B7F3B74FFF777FF142310
:10FC800003FB0844044801232372BDE8F0810348C4
:10FC9000FBE700BF2C4B00200000AD0B0C00AD0BB0
:10FCA00070B40C460179266815461A461A4B01EBCA
:10FCB000810103EB81010368C3F82065A688C3F8BE
:10FCC0002465A668C3F82865E668C3F82C65036850
:10FCD0002668C3F84065A688C3F84465A668C3F8DB
:10FCE0004865E468C3F84C45046805F0010303EB7C
:10FCF0005505C4F81455D4070CD412F0020403D0EF
:10FD0000002B14BF082404240568C5F8004270BC09
:10FD100009F04BBE1024F7E72C4B002038B50368E0
:10FD200005790022C3F800220368012204465A60C4
:10FD300071B12046FFF700FF0028FAD023680022A7
:10FD4000C3F80025054B142202FB053301221A7269
:10FD50002046BDE83840FFF7EFBE00BF2C4B002027
:10FD600010B5B2211A4809F055FEC106044608D55F
:10FD7000184BDA68520704D51A6812B15968012085
:10FD80009047A00608D5134BDA68110704D51A6806
:10FD900012B1596802209047220608D50D4BD86849
:10FDA00010F0100003D11A680AB159689047A307F0
:10FDB0000DD5074B0022C3F80025064B01221A720D
:10FDC0001A6822B1BDE8104059680320104710BDE1
:10FDD00000C001402C4B002008B5124BA822002186
:10FDE000184602F0C9F8032202610F4942610F4A26
:10FDF0008161C2614FF480620262002282624262CB
:10FE0000C26201660A49416610218166094902679A
:10FE10000346C266426711F8010D98540132102A58
:10FE2000F9D108BD1004002063ED0200100000208D
:10FE3000000000207CED02002DE9F84FDFF87C8007
:10FE4000182606FB008E00FB06664644DEF82440BA
:10FE5000DEF828C07368A44507468946154603EBBB
:10FE6000040022D8DEF820B0ABEB040A0AF1FF331D
:10FE70009A4203D8E0F704FA2C440FE063449A4214
:10FE800019D852462C44E0F7FBF9B4EB0B0405D02B
:10FE90007068224609EB0A01E0F7F2F9182303FB28
:10FEA000078301205C62BDE8F88F0CF1FF3CACEBEE
:10FEB000040C9445DED20020F5E700BF10040020BA
:10FEC000034B182202FB00339A6A586A801A704763
:10FED0001004002010B4084A08490023C85C12F836
:10FEE000014D844204D10133102BF7D110BC70476F
:10FEF00010BCFFF771BF00BF7CED020010040020B2
:10FF0000014B986864307047404B002010B50446A0
:10FF1000E6F74EFA0348044A012107F023FB204686
:10FF200009F0C6FD50AA02007DED02002DE9F8435C
:10FF3000044600AF0D46EFF31188202383F31288A7
:10FF4000BFF36F8F0428294A98BF294B9668117C0C
:10FF500094BF53F82030274BE9468AB06A462648BA
:10FF6000C2E9073140F201339384244BC2E905040E
:10FF700042F8103F224800234FF43151E6F7E4FAEB
:10FF8000CD4645B1EB69C3F3080323B11D4A1C48B4
:10FF9000012107F0E7FA2EB130460AF065F808B102
:10FFA000037803B91848E9468AB06A46174BD0610E
:10FFB000C2E9053640F201331384154B42F8103F75
:10FFC00000230F484FF41151E6F7BEFA2946CD46FB
:10FFD0002046FFF79BFF88F31188BFF36F8F3046F1
:10FFE000E8F70AFBBD46BDE8F88300BF404B0020A0
:10FFF00074C402008CED02009AED020005000001BD
:020000022000DC
:1000000050AA0200C2ED020071DA0200E3ED020024
:100010000400000138B5094B53F82040013053F873
:100020002050A54200D838BD636823B1204609F0AE
:1000300047FD0834F5E723689847FAE788C40200CB
:1000400070B52B4B2B4C2C4D012286B003201A701F
:10005000FFF7E0FF01F00AFC09F04EFD0420FFF776
:10006000D9FF2646AE4204F1300410D300F086FFDB
:10007000204C224EAC4226D300F094FFE3F740FF21
:100080001F4A137B23F00103137306B070BD54F8AD
:100090000C3C059354F8103C049354F8143C03931F
:1000A00054F8183C029354F81C3C019354F8203C3B
:1000B000009354E90A2354E90C0100F07BFD54F845
:1000C000303C5E65CDE7D4E90A23B3F1FF3F08BFBA
:1000D000B2F1FF3F05D052EA0301206803D101F0DD
:1000E0003FF83034C6E73146183001F0E1F9F8E75F
:1000F0007451002088A70200E8A702005BA102005B
:10010000A025002008B50348034A0021121A09F06F
:10011000EFFC08BDF01600207851002070B50023D8
:1001200086B00122CDE90423134E144D01930F2212
:10013000CDE902321249142303FB005506EBC01629
:1001400004464FF4C07000FB04110E4B00954FF4B1
:10015000A072304600F02EFD737B0B4AEE6023F058
:10016000040373734FF4046304FB033313442C74CC
:100170006B6006B070BD00BF20250020404B002002
:10018000008E0020679C0200C0850020BFB50020C3
:10019000FFF740FF2A4B83F308882A4C2A4F6369F4
:1001A00043F4007363610025E02384F82230E5778F
:1001B00025766576A57684F82050636A43F4E023BB
:1001C000636284F82350E8F7E9F9E8F71FFB4FF082
:1001D000FF33A362E362E8F7F3FBE8F73BFBE6F7E4
:1001E00051F81A481A4C00F04FFD09F055FC012057
:1001F000FFF710FF0220FFF70DFF00F007FF154B80
:1002000015495C61154B05930123CDE903534FF468
:1002100080623B46CDE901550095204600F0CAFCBE
:10022000627B064622F004022046627309F058FF02
:100230002846FFF773FF3A4631462046E8F7CCFAE6
:10024000008E002000ED00E041000200C0260020EA
:10025000A0250020404B0020808F002045EE0200AA
:1002600038B5064C064DAC4201D3002038BDD4E968
:100270000112204609F041FC1434F4E71C1300205D
:100280001C13002038B5064C064D0020AC4200D3AC
:1002900038BD204609F096FC0028F9DB1C34F5E750
:1002A000AC1200201C13002073B50C46EFF3118133
:1002B000202585F31288BFF36F8FC5685DB1256077
:1002C0002B68C360836901338361002081F3118847
:1002D000BFF36F8F11E052EA030603D125606FF080
:1002E0000B00F3E7CDE900230246083000F0A4FD3F
:1002F00018B9034B9B685B69236002B070BD00BFF7
:10030000404B00202DE9F34104460E4600F1080859
:10031000EFF31187202181F31288BFF36F8F006AFA
:10032000E168884237D22568AC4217D0B5B128467B
:1003300009F0A4FC05F1180009F099FFA2686869AA
:100340003146DFF79DFF0023EB67284609F0C8FE22
:100350004046394600F0ECFD002029E0A268E06943
:100360003146DFF78DFFE369A26813446269E361F8
:10037000934204BF2369E361236A0133236210219E
:1003800004F124000AF04AF80028E1D187F311882B
:10039000BFF36F8F0CE052EA03010CD00749896864
:1003A00040464E61CDE900233946224600F044FD27
:1003B00002B0BDE8F0816FF02200E7E7404B00207B
:1003C000F7B5044604F108070846EFF3118620212B
:1003D00081F31288BFF36F8F216A002939D0A26898
:1003E000A169DFF74DFFA369A2682568134462691C
:1003F000A361934204BF2369A361236AAC4203F162
:10040000FF33236233D02846002D31D009F036FC6B
:1004100005F1180009F02BFFA2686969E069DFF7B0
:100420002FFFE369A26813446269E361934204BF4A
:100430002369E361236A0133236200242846EC67C1
:1004400009F04EFE3846314600F072FD204603B0FA
:10045000F0BD52EA030110D0094989684861CDE92D
:10046000002331462246384600F0E6FCEFE7002044
:1004700086F31188BFF36F8FE9E76FF02200F7E78B
:10048000404B00202DE9F341044617461E46EFF38A
:100490001188202383F31288BFF36F8FC368334A18
:1004A0007BB180689168884219D057EA060318D159
:1004B00088F31188BFF36F8F6FF00F0002B0BDE8B3
:1004C000F081916891F90E1021610133E360936826
:1004D000A36088F31188BFF36F8F0020EEE72169D6
:1004E000F2E791F90E1090F90E309942A8BF194623
:1004F0006FF07E029142B8BF11468B422DDD09F0AC
:10050000CAFB0546CDE9007619482246414600F06F
:1005100093FC0028E1D0EFF31186202383F31288A7
:10052000BFF36F8FA068D0B1236821699C420AD0C5
:100530004BB193F90E309942A8BF19466FF07E0374
:100540009942B8BF194609F0A6FB40B108483146A8
:1005500000F0EEFC6FF00A00B0E70025D2E7002DB6
:10056000F4D186F31188BFF36F8FF3E7404B00207F
:1005700075510020F8B583680546002B3FD0234A0B
:10058000926893423ED1C368012B03D9013BC360FB
:100590000020F8BDEFF31187202383F31288BFF307
:1005A0006F8F0169806809F076FB2C68AC4207D137
:1005B0000023C5E9023387F31188BFF36F8FE7E7A4
:1005C000002CF5D0D4E9003213605A60637B00261A
:1005D00023F002036373C4E90066A66004F1180007
:1005E00009F045FEAC6094F90E302B612046E667B9
:1005F00009F076FD0648394600F09AFCC8E76FF02E
:100600001500C6E74FF0FF30C3E700BF404B0020A6
:100610007551002037B51146EFF31185202282F382
:100620001288BFF36F8F04689CB12368426823F07F
:1006300003039442036008BF43600121204609F090
:10064000B8FB044685F31188BFF36F8F204603B0D3
:1006500030BD51EA0302F5D000F10802CDE90013E4
:100660001046294600F0E8FB0028EFD1014B9B68BB
:100670005C69EBE7404B002070B5EFF31186202357
:1006800083F31288BFF36F8F0468A0421AD0CCB1F5
:10069000D4E9003213605A60637B002523F0020323
:1006A000C4E900556373A56004F1180009F0DFFD8B
:1006B000E567204609F014FD31460B48BDE870405F
:1006C00000F036BCD0E902329A4218BF0133836091
:1006D0000221103009F0A2FE0028EDD186F3118826
:1006E000BFF36F8F70BD00BF7551002013B5EFF3DE
:1006F0001181202484F31288BFF36F8F846844B182
:10070000013C846081F31188BFF36F8F002002B039
:1007100010BD52EA030406D181F31188BFF36F8F35
:100720006FF00F00F3E7CDE900230246014800F027
:1007300083FBECE7755100202DE9F8430546EFF304
:100740001188202383F31288BFF36F8F002637466A
:100750006FF00A092C68A54216D0ACB1D4E900327A
:1007600013605A60637BA76023F002036373C4E9DC
:10077000007704F1180009F07AFDC4F87C90204657
:1007800009F0AEFC0126E5E70023AB60022105F18C
:10079000100009F043FE30B92EB988F31188BFF379
:1007A0006F8FBDE8F88341460248BDE8F84300F08A
:1007B000BFBB00BF755100201FB5094A92E8030076
:1007C00002AB83E803004FF48062009305490648BA
:1007D0004FF0FF3300F04CF9002005B05DF804FB4A
:1007E00028AB0200C0930020202600202DE9FF4105
:1007F0004F4E04462027EFF3118887F31288BFF38A
:100800006F8FD4F88050F5B9022104F1980009F0F7
:1008100043FB002868D004F19005002201212846FE
:1008200009F0EAFC0028F8D1002302934FF0FF32D0
:100830004FF0FF33CDE90023414604F188023D48E3
:1008400000F054FDD7E7D4F884202B68C4F880303A
:10085000954208BFC4F88430D4F8983043F00203BE
:10086000C4F89830EB6823F0040343F00103EB6015
:100870006B6888F31188BFF36F8F28469847EFF3B2
:10088000118887F31288BFF36F8FEB68D80623F0C7
:10089000010236D4EA60EB689A0716D5306823F077
:1008A0000203EB6088B10368002170B14268954291
:1008B00035D1036869BB72683360824200D17360CE
:1008C000002340F8083BFFF7D7FED4F8983023F018
:1008D0000203C4F8983088F31188BFF36F8FDB05EB
:1008E00089D400F09BFB86E7D4F89830D9069BD5D5
:1008F000C4F8980088F31188BFF36F8F04B0BDE887
:10090000F08123F01103EB6005F11000FFF7B4FE56
:10091000C1E70B607368834208BF7160D0E723B101
:100920001A68014618461346BFE71A46F9E700BFA2
:10093000604B002075510020F8B5C3689A07044643
:100940000F46C3F340062CD45B071AD40B680BB9CF
:1009500083680B60E368DD0744BFA3683B603D68C4
:100960004CBF02260126002D3AD01F4B9B68AB429C
:100970000AD0D5F89830D807C3F3800214D46FF0AA
:10098000120600233B6025E009F065FBD5F898309E
:100990000028F0D1D907C3F3C002F0D552B15B07EC
:1009A00008D46FF00F06ECE7002AFAD1C3F3C003B6
:1009B000002BF6D100232360D5F8843063B9C5E954
:1009C0002044284609F083FAE36843F00403E36017
:1009D0003B68A3603046F8BD1C60C5F88440F0E772
:1009E0006FF01506CDE700BF404B0020F8B5C36897
:1009F00003F00503002B06460C4614BF0127002711
:100A00001CD085680122002104F1100009F034FA9D
:100A10001349204609F0B3FAE36843F01003E3609A
:100A2000F3685B0712D5336823606BB9D5F884305F
:100A300033B9C5E92044284609F049FA3846F8BDDB
:100A40001C60C5F88440F6E73460F4E7D5F88030E0
:100A50002360D5F88430C5F88040002BEBD1F0E757
:100A6000AF9E02000146014809F0A5BA20260020E9
:100A7000F0B589B004460020C4E920000E9D04F1C1
:100A80008800C4E9220004F19000C4E924004DB3B9
:100A90002879002840F2011008BF0120C4F898000E
:100AA00000204FF0FF364FF0FF37CDE90330CDE99E
:100AB0000100CDE906670C4B0094204600F0B8F821
:100AC00055B1296811B1204609F0CBFA6B791BB1F9
:100AD000237B43F001032373204609B0BDE8F040B7
:100AE00000F03EBB0120D9E7ED07020037B50190C9
:100AF0000846EFF31184202181F31288BFF36F8F32
:100B0000C16811F01E0F16D153EA020508D101A9E0
:100B1000FFF712FF84F31188BFF36F8F03B030BD6E
:100B200041F00801C160019981621030034900F071
:100B3000BFFC0120EEE70020ECE700BF439F02006E
:100B400001460148FFF7D2BF20260020F7B50C462A
:100B5000019016461D46EFF31187202383F3128878
:100B6000BFF36F8F084609F0A3F955EA060309D1D0
:100B700001A92046FFF7E0FE87F31188BFF36F8FCE
:100B800003B0F0BDE368074943F00803E360019B4D
:100B9000A36204F1100032462B4600F089FC0120CC
:100BA000EAE700BF439F020001460148FFF7CEBFBE
:100BB00020260020F0B5073285B022F00702044657
:100BC0007F320E9D0D9E2573583022F03F02C4E9FE
:100BD0001600042500203F2AA673C4E90600A06081
:100BE0006573E07301F14007A2F1400605D880F378
:100BF0001188BFF36F8F284602DFC4E91A768D187B
:100C000000260C9A266702920B9A01920A9A009289
:100C100020462A46E7F7AEFD044B66659B6803B1A4
:100C20005B6F6367284605B0F0BD00BF404B0020F6
:100C3000F0B587B000250595109D04950F9D03958F
:100C40000E9D0295DDE912760D9D01950C9D009596
:100C50000446FFF7AFFFB6F1FF3F08BFB7F1FF3F14
:100C600005D056EA070305D1204600F079FA204660
:100C700007B0F0BD03493A46334604F1180000F0CE
:100C800017FCF4E75BA1020040F20113838100230B
:100C9000C0E91A334367014B98607047404B00200E
:100CA000094A93686FF00A01D967084998674B6849
:100CB00043F080534B60002383F31188BFF36F8FA1
:100CC0009368D86F704700BF404B002000ED00E0F4
:100CD00070B590F90D20437B002A36DBD90634D15C
:100CE0001B4C63F07F032246437352F8183FE169BF
:100CF000934207D1C0E900210860E06111E0994208
:100D0000F8D01B68002BF5D090F90E5093F90E60C7
:100D1000B542F4D0AE42F2DD5968C0E90031086056
:100D20005860A569954200D005B9E568A3685A7B6B
:100D3000D20604D1DA897F2A01D9AA6932B1AB423D
:100D400002D0284600F012FB656170BD6361FCE7CC
:100D5000404B002038B590F90D20437B002A014616
:100D600004DA03F07F03437309F080F90D4D2A463E
:100D7000AB6852F8184F944200D004B9EC688B422B
:100D800007D05A7BD20604D1DA897F2A01D9A26919
:100D90002AB1A34202D0204600F0E8FA23466B6154
:100DA00038BD00BF404B002070B590F90D20437B4B
:100DB000002A014604DA03F07F03437309F056F971
:100DC0004B7B1C4C63F07F0322464B7352F8183F59
:100DD000E069934207D1C1E900200160E16111E0BF
:100DE0009842F8D01B68002BF5D091F90E5093F97A
:100DF0000E60B542F4D0AE42F2DD5868C1E9003071
:100E000001605960A569A368954200D005B9E568FD
:100E10008B4207D05A7BD20604D1DA897F2A01D9C6
:100E2000AA692AB1AB4202D0284600F09FFA2B46AD
:100E3000636170BD404B0020F8B5124B0C46114663
:100E4000114A98681060DDE90676EFF311822022DE
:100E500082F31288BFF36F8F9D68284609F018F956
:100E6000B6F1FF3F08BFB7F1FF3F06D007493A464A
:100E7000334605F1180000F01BFB2046BDE8F840A2
:100E8000FFF70EBF404B0020684B00205BA1020023
:100E9000F8B50446EFF31187202383F31288BFF3DC
:100EA0006F8F437B03F01F02002A0CBF0126002630
:100EB00049B239D103F07F03437309F0D7F81B4DD2
:100EC000437B817363F07F032A46437352F8183FD4
:100ED000934227D1E869C4E900200460EC610FE087
:100EE0008342F8D01B68002BF5D093F90EC0614502
:100EF000F6D08C45F4DD5968C4E900310C605C60C3
:100F0000AC69944200D004B9EC68AB689C4202D052
:100F1000204600F02BFA6C6187F31188BFF36F8FC6
:100F20003046F8BDE869DEE78173F5E7404B002005
:100F300049B9EFF3058030B9054B5A699B689A426D
:100F400001D0FFF7ADBE81F31188BFF36F8F7047FB
:100F5000404B0020034648B9EFF3058232B9064AF8
:100F600051699268914201D0FFF79ABE83F31188CC
:100F7000BFF36F8F704700BF404B0020EFF311812C
:100F8000202383F31288BFF36F8F054B9A68D37BBE
:100F9000013BD37381F31188BFF36F8F704700BF9C
:100FA000404B002070B5EFF31186202383F31288A5
:100FB000BFF36F8F144DAB68DA7B0132DA732A46C8
:100FC00052F8184F944200D004B9EC685A7BD2060C
:100FD00004D1DA897F2A01D9A2692AB1A34202D0B9
:100FE000204600F0C3F923466B6186F31188BFF3F6
:100FF0006F8FEFF31180202383F31288BFF36F8F7D
:10100000BDE87040FFF7A6BF404B0020024B03F144
:101010001802C3E906227047404B002070B5EFF379
:101020001186202383F31288BFF36F8F1B4CA168B6
:10103000E0690B68814214BF1A46002249680B60C0
:101040005960A368E1692AB9154AC3E900210B6018
:10105000E3610CE093F90E0092F90E50A84218D00B
:10106000854216DD5168C3E900210B605360A56914
:101070000B4B9D4200D005B9E568A3689D4202D0A4
:10108000284600F073F965613046BDE87040FFF70F
:1010900007BE8A42D8D01268D5E700BF404B002077
:1010A000584B002050EA01032DE9F04105460E4659
:1010B00004D1FFF7B3FF0020BDE8F081831C71F17C
:1010C000FF3324DB09F0F4F82C18EFF31188202308
:1010D00083F31288BFF36F8F0F4F104BB8681860FF
:1010E000FFF738FEB8680E492A463346183000F03C
:1010F000DFF9BA68537B43F0040353734046FFF7AC
:10110000CFFD09F0D5F8201A20EAE070D4E76FF09F
:101110000104241AD9E700BF404B0020684B00208F
:101120005BA102000C490D4A38B500244FF400457C
:101130008C462146C0FB05C100236046E0F738F924
:10114000C117FFF7AFFF054A47F6FF73C0FB023434
:10115000DB0B43EA444038BD3F420F0040420F00E2
:1011600038B50446EFF31185202383F31288BFF3CB
:101170006F8F437B5B070FD5183009F078F8637BDE
:1011800023F0040320466373FFF7A2FD29460548B8
:10119000BDE83840FFF7CCBE85F31188BFF36F8FF1
:1011A00038BD00BF75510020014B9868704700BFE3
:1011B000404B00202DE9F8430446077BEFF31185EF
:1011C000202383F31288BFF36F8F437B190705D564
:1011D00085F31188BFF36F8FBDE8F883D90943F019
:1011E00008025AD14273A36813B1204608F046FFA3
:1011F00004F1180009F03BF8A66D04F15808B04559
:1012000011D04FF0000976B1304608F037FF06F1F3
:10121000180009F02CF8C6F87C903046FFF758FD0E
:10122000A66DB045EFD1DFF8B880D8F808309C4201
:101230003BD1EFF30589B9F1000918BF4FF001095F
:10124000D8F81860274A964200D00EB9D8F80C603A
:10125000B34202D0304600F089F8C8F81460B9F102
:10126000000F02D02048FFF70FFDD8F808309C424D
:1012700031D1EFF3058373BB227BD20718D4284604
:10128000FFF70EFDFB07A7D5002383F31188BFF3FB
:101290006F8F0423184602DF9EE703F07F0343F0BD
:1012A0000803437308F0E2FE9DE74FF00009C7E72B
:1012B00085F31188BFF36F8F83F31188BFF36F8FAE
:1012C0000423184602DFEFF31180202383F31288F2
:1012D000BFF36F8FD4E785F31188BFF36F8FD1E72A
:1012E000404B0020584B0020C0260020D3B5DDE93C
:1012F0000667089CCDE90067FFF79EFD1CB1034B14
:101300009B685B69236002B0D0BD00BF404B0020EA
:10131000044BC01A044BC0105843044B01221A540A
:10132000704700BF40270020ABAAAAAA7551002031
:10133000C3897F2B12D80A4B1B6863B1094B90F904
:101340000E201B689A4209DB437BDB0606D1064B65
:10135000C31A18BF012303F0010070470023FAE706
:10136000704B00206C4B00202025002070B50E4BE8
:101370000E4C1E7C06EB460304EBC30405462046D8
:1013800008F075FF0A4B002228469A55FFF7D0FF58
:1013900048B1084B08491A68013A2046D317BDE8FE
:1013A000704000F085B870BD404B00204027002001
:1013B00075510020704B00201113020038B5EFF377
:1013C0001185202383F31288BFF36F8F104B114ACE
:1013D0009C681068A04206D1FFF7C8FF85F311880A
:1013E000BFF36F8F38BD00211B7C11600A4AD35CAC
:1013F000002BF3D02046FFF79BFF0028EED0637B45
:10140000DB0602D12046FFF7CFFC2046E4E700BF11
:10141000404B0020684B0020755100200748084AC7
:10142000084908B5121A08F065FB0748074A084939
:10143000BDE80840121A08F05DBB00BFC0040020E0
:10144000F01600209CEE0200B8040020C00400202A
:1014500094EE0200024B1868984208BF00207047C3
:10146000D0100020034B1B680BB9FDF761BC0020B6
:10147000704700BF744B002030B570B10B4B5B68F8
:1014800098420AD0036843B1D3E90421D0E9044566
:10149000121941EB0501C3E90421D0E900321360C0
:1014A0005A600023C0E9003330BD00BFD0100020D7
:1014B000B3F1FF3F08BFB2F1FF3FF8B504461D4648
:1014C00016465AD08160EFF31187202383F31288E8
:1014D000BFF36F8F013275F1FF3321DA2C49D1E967
:1014E00000206FF001039B1A4FF0FF3262EB000007
:1014F0009E1B60EB0500012E70F1000301DA01264E
:101500000020C4E90460FFF7A5FF224E84467068FE
:10151000BCF1000F0DD1C4E90060046074601CE0F0
:10152000FFF7A0FF013645F10005361845EBE070E6
:10153000E7E7DCE90425D4E90431934271EB050EB9
:101540001CDAD21ADCF8043065EB0105CCE904257D
:10155000C4E900C31C60CCF80440FFF77BFF844261
:1015600007D10D4B1C6824B908F068FE2146FDF731
:10157000B1FB87F31188BFF36F8FF8BD9B1A61EB46
:1015800005018445C4E90431C5D0DCF800C0BFE7DB
:1015900058270020D0100020744B00202DE9F04780
:1015A000EFF31185202383F31288BFF36F8FDFF8E9
:1015B000A090DFF8A080C9F80000FFF74BFF0026DD
:1015C0000027D9F80030D8E900ECD91750B1D0E99C
:1015D0000442A34271EB020A1ADAE41A62EB010236
:1015E000C0E9044213EB0E034CEB01010024C8E9EF
:1015F0000031C9F8004008F021FE2146FDF76AFBE2
:1016000085F31188BFF36F8FBDE8F047FFF7D6BEB3
:1016100014EB0E024CEBE473C0E90467C8E9002345
:10162000FFF72AFF85F31188BFF36F8F8368984710
:10163000EFF31185202383F31288BFF36F8FD9F85E
:1016400000301B1BC9F80030FFF704FFB9E700BFEB
:10165000744B00205827002010B5EFF3118420238D
:1016600083F31288BFF36F8FFFF7FCFE054A034632
:10167000D2E90001181841EBE37184F31188BFF33C
:101680006F8F10BD58270020F8B50446EFF311877F
:10169000202383F31288BFF36F8F026822B187F390
:1016A0001188BFF36F8FF8BDD0E90A36581C46F198
:1016B0000001022871F1000127D3012B76F100010E
:1016C000BCBF012316465D1E46F1FF3608F0F4FD4F
:1016D000013041F10001401946EB0101012871F18F
:1016E000000139DB08F0E8FD013041F100016FF045
:1016F0000102401946EB0103121A4FF0FF3161EB72
:10170000030318492046FFF7D3FE236B01332363FD
:10171000236A6BB187F31188BFF36F8F236A20466A
:101720009847EFF31187202383F31288BFF36F8F5D
:1017300054F8185FA542B2D0002DB0D0284608F06A
:10174000DEFC0023EB6787F31188BFF36F8F284619
:10175000BDE8F84008F0C4BC6FF001024FF0FF3361
:10176000CFE700BF891602002DE9F04105461C466F
:1017700090461F46EFF31186202383F31288BFF3B0
:101780006F8FB4F1FF3F08BFB2F1FF3F05D186F381
:101790001188BFF36F8FBDE8F081531C74F1FF33E4
:1017A00009DB012A74F10003BCBF0122002412F1FD
:1017B000FF3844F1FF37284608F059FDDDE90601FE
:1017C0000023C5E90A012B63034942463B462846EC
:1017D000FFF76EFEDBE700BF8916020038B503464F
:1017E000EFF31185202282F31288BFF36F8FC1605F
:1017F000012181600068834206D185F31188BFF31F
:101800006F8F0024204638BDD0E9003213605A6043
:101810000023C0E9003308F0BEFD29460446024813
:10182000FFF786FBEEE700BF7651002073B5064652
:101830000D4608F010FC78B90B4B9B685C6F7CB1CF
:101840002A1D09D200200021CDE9000146F0040143
:10185000204608F05AF908B9002401E00460041D8C
:10186000204602B070BD00BF404B0020014805F08B
:1018700028B900BF56EE02000A22002100F078BD10
:10188000024B0146186800F00BB800BFE0100020C2
:10189000024B0146186802F065BB00BFE010002053
:1018A0002DE9F04F01F10B05162D83B0064624D823
:1018B000102900F2B08000F0B1FB102518224FF083
:1018C000020CBC4F3A44A2F1080354689C4200F059
:1018D0000B816368E268A16823F003032344CA60B4
:1018E00091605A6842F0010230465A60083400F0B4
:1018F0009BFB204603B0BDE8F08F35F0070500F1F3
:101900008A80A94200F2878000F088FBB5F5FC7F51
:10191000C0F058816B0A00F08280042B00F20B812A
:10192000AB0903F1390C03F138044FEACC03A14FA2
:101930003B44A3F108005B68984206D10CE0002903
:1019400080F2C080DB68984206D05A6822F0030219
:10195000511B0F29F3DDA446DFF85C823C69444546
:1019600000F09D80636823F00309A9EB05030F2BAA
:1019700000F32D81002BC7E9048880F20E81B9F5B0
:10198000007FD7F804E080F0B6804FEAD90101313A
:101990004FEA5919012303FA09F357F83120A260DD
:1019A0004EEA030E07EBC103083BE360C7F804E00F
:1019B00047F83140D4604FEAAC03012098407045AD
:1019C00033D810EA0E0F07D12CF0030C400010EAB8
:1019D0000E0F0CF1040CF9D007EBCC0A5346E1468C
:1019E000D9680EE04A6822F00302A2EB050EBEF1B0
:1019F0000F0F0C46C96800F3AC80BEF1000F80F2F7
:101A0000BF808B42EED109F1010919F0030F03F1F8
:101A10000803E5D123E10C233360002469E74FF488
:101A200000734FF0400C3F2481E7BC68636823F0EB
:101A30000308A84503D3A8EB05030F2B32DC5F4B4B
:101A40001A685F4B196801312A4404EB080A00F058
:101A50006B8102F580520F3222F47F6222F00F0276
:101A600011463046009200F0E5FAB0F1FF3F009ACF
:101A7000534B814605D0824540F2C480BC4200F001
:101A80000481BC68626822F00302AA42A2EB05034B
:101A900001D30F2B06DC304600F0C6FABDE7D7F8BD
:101AA00004E088E7621943F0010345F00105656031
:101AB0003046BA60536000F0B7FA0834204603B0ED
:101AC000BDE8F08FD3E902411A44E1608C605168AF
:101AD00041F001013046516003F1080400F0A4FA1E
:101AE000204603B0BDE8F08FD468A2427FF4F1AE87
:101AF0000CF1020C30E7B9F5206F4FEA59227AD386
:101B0000142A00F22D8102F15C03DB005B32F9182C
:101B1000FB580839994203D108E19B68994204D0E7
:101B20005A6822F003024A45F7D8D968C4E902315D
:101B30008C60DC603FE7142B40F28580542B00F270
:101B400018812B0B03F16F0C03F16E044FEACC03E9
:101B5000EDE63046A668631945F001056560F16061
:101B60008E604EF00101C7E90433C3F80880C3F862
:101B70000C80596044F802E000F056FA0834B8E6E8
:101B800022443046536843F00103536054F8083F41
:101B9000D9608B6000F048FAABE6A1443046D9F832
:101BA000043043F00103C9F80430083400F03CFA73
:101BB0009FE600BFF0060020F8060020A84B00209A
:101BC000D81000204FEAD50C05F1080279E6621919
:101BD00043F0010145F0010565603046C7E9042284
:101BE000C2F80880C2F80C80516044F8093000F057
:101BF0001BFA08347DE64FEA991202F13903DB0043
:101C0000383284E7DFF804B2DBF800101144CBF877
:101C10000010084640D1C9F30B0CBCF1000F3BD1BA
:101C2000D7F80890424442F00102C9F80420784BEA
:101C30001868884238BF1960764B1868884238BFE8
:101C400019604C461FE703F15C0C03F15B044FEA9B
:101C5000CC036CE65AF80839534540F0D5801CF0A7
:101C6000030F0CF1FF3CF5D17B6823EA00037B6096
:101C7000400098423FF6D9AE18B9D6E6400009F1C7
:101C800004091842FAD0CC46A6E6DFF880B1DBF8AA
:101C900000001044CBF80000196801311BBFA9EB0C
:101CA0000A031B18C3F80090CBF8003019F00703A3
:101CB00045D0C3F108018944C3F580514A44083135
:101CC000891AC1F30B0A514630460193009200F085
:101CD000B1F9421CDDE900237AD0A0EB090000EB4A
:101CE0000A02DBF80030C7F8089042F001020AEB64
:101CF0000301BC42C9F80420CBF8001097D0B8F11A
:101D00000F0F41D96268A8F10C0323F0070302F01A
:101D100001021A436260E21805200F2B50609060A8
:101D20004CD8D9F8042082E7103299E692100120AD
:101D300000FA02F24EEA020EC7F804E0F6E609EBFA
:101D400002014942C1F30B0A514630460193009209
:101D500000F070F9431CDDE90023BED19A46C0E7CC
:101D6000542A15D84FEA193202F16F03DB006E32A4
:101D7000CDE6B3F5AA7F15D8EB0B03F1780C03F190
:101D800077044FEACC03D2E50123C9F8043082E698
:101D9000B2F5AA7F23D84FEAD93202F17803DB00EB
:101DA0007732B4E640F25452934223D8AB0C03F19D
:101DB0007D0C03F17C044FEACC03B8E504F1080183
:101DC000304602F0CFF8D7F80890DBF80010A8E70B
:101DD000083B1A44A2EB09024FF0000A81E740F2E7
:101DE00054539A420CD84FEA994202F17D03DB002A
:101DF0007C328CE64FF47E734FF07F0C7E2496E5A8
:101E00004FF47E737E2282E67B6831E7784B0020B8
:101E1000A44B0020A04B0020032A70B511D940EA42
:101E200001039B071FD104460B4602E0043A032A34
:101E30001DD91946204653F8045B54F8046BAE4292
:101E4000F4D0541EB2B1421E013901E0C3180CD0C7
:101E500012F801EF11F801CFE645A4EB0203F5D02B
:101E6000AEEB0C0070BD541EEDE7184670BD204669
:101E70001946E6E7104670BD88420ED98B1883429A
:101E80000BD900EB020C002A6ED0624613F801CD8C
:101E900002F801CD9942F9D170470F2A0FD80346B5
:101EA00002F1FF3C002A5FD00CF1010C013B8C4495
:101EB00011F8012B03F8012F6145F9D1704740EA71
:101EC00001039B0751D1A2F1100370B501F1200C61
:101ED00023F00F0501F1100E00F11004AC441B09B2
:101EE0005EF8105C44F8105C5EF80C5C44F80C5C26
:101EF0005EF8085C44F8085C5EF8045C44F8045C36
:101F00000EF1100EE64504F11004E9D1013312F090
:101F10000C0F01EB031102F00F0400EB031328D0A8
:101F2000043C24F003064FEA940C1E441C1F8E460A
:101F30005EF8045B44F8045FB442F9D10CF101048B
:101F400002F0030203EB840301EB840102F1FF3C86
:101F50004AB10CF1010C013B8C4411F8012B03F840
:101F6000012F6145F9D170BD704702F1FF3C034676
:101F70009AE72246EAE700BF830730B547D0541EF0
:101F8000002A3ED0CAB2034601E0013C39D303F82F
:101F9000012B9D07F9D1032C2CD9CDB205EB0525DA
:101FA0000F2C05EB054535D9A4F1100222F00F0CDA
:101FB00003F1100EE6444FEA121C1A4615605560F4
:101FC0009560D56010327245F8D10CF1010214F021
:101FD0000C0F03EB021204F00F0C13D0ACF104034E
:101FE00023F003030433134442F8045B9A42FBD109
:101FF0000CF003042CB1C9B21C4403F8011B9C4231
:10200000FBD130BD64461346002CF4D1F9E70346FA
:102010001446C0E71A46A446E0E700BF014805F0B1
:1020200046BD00BF1C130020014805F046BD00BF9F
:102030001C13002038B5074D0022044608462A60CC
:10204000E6F7AEFD431C00D038BD2B68002BFBD05B
:10205000236038BDAC4B00200CB410B51F4B0029D9
:102060001C689CB035DB4FF40273ADF8143002905D
:1020700006901FAB18D001394FF6FF7204910791FB
:10208000ADF8162002A91E9A0193204600F07CF9B3
:10209000421C01DA8B232360029B00221A701CB0C1
:1020A000BDE8104002B070474FF6FF7204910791EF
:1020B000ADF8162002A91E9A0193204600F064F99B
:1020C000431C01DA8B2323601CB0BDE8104002B032
:1020D00070478B2323604FF0FF30F5E7E0100020BE
:1020E00080EA0102844612F0030F4FD111F0030F72
:1020F00032D14DF8044D11F0040F51F8043B0BD0D0
:10210000A3F101329A4312F0803F04BF4CF8043B24
:1021100051F8043B16D100BF51F8044BA3F1013232
:102120009A4312F0803FA4F101320BD14CF8043BEA
:10213000A24312F0803F04BF51F8043B4CF8044B1B
:10214000EAD023460CF8013B13F0FF0F4FEA33238C
:10215000F8D15DF8044B704711F0010F06D011F86B
:10216000012B0CF8012B002A08BF704711F0020F59
:10217000BFD031F8022B12F0FF0F16BF2CF8022B44
:102180008CF8002012F47F4FB3D1704711F8012B67
:102190000CF8012B002AF9D1704700BF71B103463A
:1021A00000EB010C01E0634506D01A4601331178BB
:1021B0000029F8D1101A7047181A7047084670475E
:1021C000024A126801235C3200F002B8E0100020DD
:1021D000F0B4074610B33E468C4616F8015B01E0AA
:1021E000A54216D01CF8014B002CF9D1E5B116F828
:1021F000015B0C4601E0002BF9D014F8013B9D4235
:10220000F9D14DB1002306F8013C16603846F0BC08
:10221000704763B13746DEE72E46F6E71768002FB2
:10222000D9D10020F0BC704715600020FAE7166095
:1022300038463B70EBE700BF242B2DE9F84F43D81D
:10224000012B41D0804649481F468E4675461EF8F0
:1022500001BB10F80B4014F00804F7D1BBF12D0FAF
:102260006FD0BBF12B0F08BF9EF800B06FF0004994
:1022700008BF05F1020E73BBBBF1300F4BD00A272C
:102280003B460025B9FBF7F6284607FB169A05E002
:102290003AD007FB00C001251EF801BBABF1300CA2
:1022A000BCF1090F06D9ABF1410CBCF1190F19D8DB
:1022B000ABF1370C63451EDDB5F1FF3FECD0864234
:1022C000E6D24FF0FF35E7E705F0F9FB1623036090
:1022D0000020BDE8F88F102BD3D1BBF1300F23D0F5
:1022E0001F46CEE7ABF1610CBCF1190F03D8ABF17F
:1022F000570C6345E0DC6B1C2BD054B9002AE8D0A6
:1023000085BB1160BDE8F88FE245C2DA4FF0FF35BA
:10231000C2E74042F2E79EF8003003F0DF03582B9B
:1023200008D008273B46ACE79EF8000000F0DF002D
:102330005828D5D110279EF801B03B460EF1020E69
:102340009FE79EF800B04FF0004905F1020E01240E
:1023500091E72223C8F8003032B10EF1FF31484630
:102360001160CFE78146F8E74846B2E7A1C4020012
:1023700010B4044C84461346206810BC0A466146DB
:10238000FFF75ABFE01000202DE9F04FD9B00C46FE
:10239000CDE90C0192460F9301F0E2FE036817931A
:1023A0001846DDF7ADFEA38916901D0603D52369F7
:1023B000002B00F081870023CDE92D33CDE91933BF
:1023C000CDE91B33129318930B9300240023CDF80F
:1023D00020A0CDE91434089B1B782FAA2C92934699
:1023E000002B00F0E481DDF820A004E01AF8013FA2
:1023F000002B00F01C81252BF8D1089BBAEB0305BC
:1024000040F01A819AF80030002B00F0D0810023B0
:102410009AF801508DF893300A930AF1010A4FF0AF
:10242000FF3907930AF1010AA5F120035A2B00F2A4
:102430003481DFE813F09B02320132019402320151
:10244000320132016A00320132015C026E02320155
:1024500067027B02320174025B005B005B005B0081
:102460005B005B005B005B005B003201320132010C
:102470003201320132013201C80132012A028700E1
:10248000C801C801C8013201320132013201B8026B
:1024900032013201B500320132013201340232011F
:1024A000A60232013201F806320132013201320154
:1024B0003201320132013201C80132012A028B009D
:1024C000C801C801C801E8028B0080003201DE02A9
:1024D0003201D002B900BF028000320134027D0017
:1024E0001C07320132011F0732017D00A5F13003C4
:1024F00000221AF8015B02EB820203EB4202A5F113
:102500003003092BF5D90A928EE70C9D284601F07D
:1025100027FE43681B931846DDF7F2FD1C90044626
:10252000284601F01DFE83681993002C40F06B864D
:102530009AF8005076E7079B9AF8005043F0200382
:1025400007936FE7079B43F010030793079B9C06D5
:1025500040F18A810F9B073323F007031A4659681D
:1025600052F8083B0F920A460029C0F2B185B9F132
:10257000FF3F00F0EB87079921F0800653EA020144
:1025800000F050850A2B72F1000180F07387303320
:102590008DF85F310DF25F1307960893012634E042
:1025A000079B43F010030793079B13F0200200F0F2
:1025B0004A810F9B073323F0070319465A6851F8E5
:1025C000083B0F91079921F4806600210020B9F1A2
:1025D000FF3F8DF8930000F0898226F0800007907D
:1025E00053EA020040F08182B9F1000F40F0B78752
:1025F000002940F01C8516F001061BBF30238DF822
:102600005F3158AB0DF25F1308930023B145CDE95C
:10261000103349469DF893200E93B8BF3146099177
:102620001393002A4BD0099B0133099347E0089B81
:10263000BAEB030500F0BB80089B2E9FCBE9003569
:102640002D9B01332F44072B2E972D9305DC0BF187
:10265000080B0B9B2B440B93D4E6DDE90C012CAA51
:1026600002F0A6F980B90DF1BC0BF2E7DDE90C012F
:102670002CAA02F09DF9002800F088800E9B1BB167
:102680000E990C9801F06EFC0D9B9B89590601F187
:10269000D8820B9859B0BDE8F08F002D00F08780EC
:1026A00000228DF8FC508DF893200123CDE91022F3
:1026B00009931E463FAB0E92914613920893079BD7
:1026C00013F0020302D0099902310991079911F020
:1026D000840405D1DDE909010F1A002F00F33E83C0
:1026E0002E9F8AB12D9A0DF1930101320137CBF85B
:1026F0000010072A4FF001012E972D92CBF80410FD
:1027000000F384830BF1080B83B12D9B25AA0133C1
:102710000237CBF80020072B4FF002022E972D93A3
:10272000CBF8042000F380830BF1080B802C00F021
:10273000F981A9EB0608B8F1000F00F33F82079B6F
:10274000DA0500F16A81089BCBF800302D9BCBF8AD
:1027500004600133F519072B2E952D9300F3A78202
:102760000BF1080B079B580705D5DDE909239C1AD7
:10277000002C00F36B83DDE90A2309998A42ACBF80
:102780009B185B180B93002D7FF470AF00232D93E3
:102790000E9B1BB10E990C9801F0E4FB0DF1BC0BE4
:1027A000CDF820A0089B1B78002B7FF41CAE2E9B3D
:1027B000002B3FF469AF0D9C0C982CAA214602F027
:1027C000F7F8A38962E70F9B073323F00703F3E8C9
:1027D00002670F9327F000431F931E96DDE91E0149
:1027E000AE4B4FF0FF32CDE91467DEF739FA00281F
:1027F00040F0A084DDE91E01A84B4FF0FF32DEF768
:1028000011FA002840F09684002200233046394611
:10281000DEF7FEF9002840F05B879DF89320079BC8
:102820009F4C23F0800307939E4B472DC8BF1C4647
:1028300003210023CDE9103308940E9309910E462D
:1028400099461393EDE60F9951F8043B0F910799C0
:1028500011F010017FF4B6AE079A12F0400000F0BC
:1028600019879BB20A46ADE60F9A52F8043B0F92C5
:10287000079AD00600F15584079A510640F14D841D
:1028800043F3C03211461BB26EE60F9B002253F891
:10289000041B8DF893208DF8FC100F9305E70F9F14
:1028A00057F8043B089300268DF89360002B00F046
:1028B0009E86B9F1FF3F00F00E8508984A463146E2
:1028C000DDF78EFC0E90002801F01D810E9B089A0A
:1028D0000F97B1469E1A26EAE673CDE910999DF846
:1028E00093200993CDF83890CDF84C9099E60F9B42
:1028F00053F8042B0A92002A80F20A840A9A0F9352
:1029000052420A92079B9AF8005043F0040307933F
:1029100088E52B239AF800508DF8933082E5079BC9
:102920009AF8005043F0800307937BE5524612F873
:10293000015B2A2D01F01182A5F13003092B92468B
:102940004FF000093FF670AD1AF8015B09EB8909F9
:1029500003EB4909A5F13003092BF5D964E5079B81
:102960009AF8005043F0010307935BE59DF893301C
:102970009AF80050002B7FF455AD20238DF893304A
:1029800050E5079B43F0100616F0200200F0898303
:102990000F9B073323F0070319465A6851F8083B89
:1029A0000F91012112E6079B9AF8005043F00803AB
:1029B000079337E50F9A079B43F0020652F8043B52
:1029C0000F9247F63002ADF89420374A1892022150
:1029D00000227825FAE5079B9E0640F102840F9BB2
:1029E0000B9A1B681A60D2175A600F9B04330F931F
:1029F000D6E69AF80050079B6C2D00F0548443F003
:102A0000100307930EE59AF80050079B682D00F01D
:102A1000418443F04003079304E5652D40F353815F
:102A2000DDE9140100220023DEF7E8F8002800F0B9
:102A300049822D9B1D4ACBF800200133013701222A
:102A4000072B2E972D93CBF8042000F38E850BF1E6
:102A5000080B269B129A934204DB079BDB0701D4E9
:102A60003D467FE6169B179ADD19CBE900232D9B87
:102A70002E950133072B2D9300F3FF830BF1080BE9
:102A8000129B5C1E002C7FF76DAE102C2D9B084F07
:102A900040F37885DDE90C89102611E0FFFFEF7F18
:102AA000A4C50200A8C50200B4C5020054B10200CA
:102AB000E4C502000BF1080B103C102C40F36285BA
:102AC00001331035072BCBE90076CDE92D35F1DD4B
:102AD0002CAA4946404601F06BFF00287FF4CEAD9A
:102AE000DDE92D350DF1BC0BE6E7079E01293FF42A
:102AF00049AD022900F0768158AC03F00701DB08EC
:102B000043EA4273D208303153EA0207204604F800
:102B1000011DF2D1F707089400F1768258AB0796B1
:102B20001E1B72E5DDE90923A3EB0208B8F1000FD3
:102B30007FF7FFADB8F1100F3A462D9BC04F29DD4E
:102B40001D9520961024DDE90C65194606E0A8F1D4
:102B50001008B8F1100F0BF1080B18DD013110321D
:102B60000729CBE90074CDE92D12F0DD2CAA294606
:102B700030460DF1BC0B01F01BFF00287FF47EAD49
:102B8000A8F11008B8F1100FDDE92D12E6DC1D9D4B
:102B9000209E0B460133CBF80070072B08EB020791
:102BA000CDE92D37CBF8048000F30E85A9EB06089C
:102BB000B8F1000F0BF1080B7FF7C1ADB8F1100FA2
:102BC0003A462D9B9E4F2EDD59460C9CC3464FF036
:102BD0001009B84637462E460D9D06E0ABF1100BA6
:102BE000BBF1100F01F1080118DD013394481032D8
:102BF000072BC1E90009CDE92D32EFDD2CAA2946CA
:102C0000204601F0D5FE00287FF438ADABF1100B63
:102C1000BBF1100FDDE92D322FA9E6DC35463E462B
:102C20004746D8468B460133CBF80070072B08EB9C
:102C30000207CDE92D37CBF8048000F325820BF194
:102C4000080B7CE52D9B7F49CBF8001001337D1CE0
:102C50000121072B2E952D93CBF8041000F34A8504
:102C60000BF1080B002A40F0E084079B129A03F056
:102C7000010313433FF476AD169B179A5919CBE91C
:102C800000232D9B2E910133072B2D9300F3EF850D
:102C90000BF1080B089ACBF80020129ACBF804200D
:102CA00001335518072BCDE92D357FF759ADDDE9F7
:102CB0000C012CAA01F07CFE00287FF4DFAC2E9DD5
:102CC0000DF1BC0B4EE5129B012B0BF1080640F3F6
:102CD0007A81089BCBF800302D9B0133013701220C
:102CE000072B2E972D93CBF8042000F3F981169A29
:102CF00003F10108179BD519B8F1070FC6E9003297
:102D0000CDE92D8500F3F8810836129BDDE9140129
:102D100003F1FF3900220023DDF770FF002840F0A7
:102D20008B81089CC6F8049008F1010801344D44D9
:102D3000B8F1070FCDE92D85346000F359810836CD
:102D40001A9A726008F101031544072B28AACDE9ED
:102D50002D353260ABDC06F1080B03E5102FDDE901
:102D60002D21DFF8E4802DDD1D934346CDE920457C
:102D7000B046DDE90C451E4604E0103F102F0BF174
:102D8000080B19DD013210311023072ACDE92D215E
:102D9000CBF80060CBF80430EFDD2CAA29462046A2
:102DA0000DF1BC0B01F004FE00287FF467AC103F6E
:102DB000102FDDE92D21E5DCDDE9204530461D9BA6
:102DC0004646804601323944072ACBF80080CBF8CA
:102DD00004702E912D9200F3A9839DF893200BF19E
:102DE000080B7DE4189C58A903F00F001B09205C18
:102DF00001F8010D43EA0273120953EA0200F3D10C
:102E000058ABCDE907615E1AFFF7FFBBDDE90C01A6
:102E10002CAA1D9301F0CCFD00287FF42FAC2E9F2F
:102E20001D9B0DF1BC0B6FE4DDE90C012CAA01F038
:102E3000BFFD00287FF422AC2E9F0DF1BC0B75E482
:102E4000E4C5020054B10200F4C50200102C2D9B11
:102E5000DFF8D88223DD4746DDF83490DDF8308096
:102E6000102604E0103C102C0BF1080B16DD01338A
:102E70001035072BCBE90076CDE92D35F2DD2CAAF4
:102E8000494640460DF1BC0B01F092FD00287FF44D
:102E9000F5AB103C102CDDE92D35E8DCB8460133EC
:102EA0002544072BCBE90084CDE92D357FF763ACB2
:102EB000DDE90C012CAA01F07BFD00287FF4DEABDC
:102EC0002E9D58E4269A002A7FF7BCAE109E129AD7
:102ED000089B9642A8BF1646002E1A441D920BDD91
:102EE000CBE900362D9B01333744072B2E972D93CA
:102EF00000F39B850BF1080B109D002EA8BFAD1BA6
:102F0000002D00F3F081109BDDF820909944079B81
:102F10005E0500F10D82269C129B9C4203DB079A02
:102F2000D50740F18E84169B179ADD19CBE9002353
:102F30002D9B2E950133072B2D9300F3D6850BF196
:102F4000080B129B1C1B1D9BA3EB0906A642A8BFE6
:102F50002646002E0DDD2D9BCBF800900133354425
:102F6000072BCBF804602E952D9300F3D8850BF139
:102F7000080B002EA8BFA41B002C7FF7F3AB102C6E
:102F80002D9B6B4F40F3FE82DDE90C89102605E096
:102F90000BF1080B103C102C40F3F4820133103578
:102FA000072BCBE90076CDE92D35F1DD2CAA49467A
:102FB000404601F0FDFC00287FF460ABDDE92D35D3
:102FC0000DF1BC0BE6E7079BDC073FF582AE089BE3
:102FD000CBF800302D9B03F101087D1C0123B8F1D3
:102FE000070F2E95CDF8B480CBF804307FF7A8AE4C
:102FF000DDE90C012CAA01F0DBFC00287FF43EABDC
:10300000DDE92D852FAE9BE6302900F0C882089AB5
:1030100007963023023802F8013C58AB1E1A08907C
:10302000FFF7F3BAB9F1000F7FF4B1AA079658ABD6
:103030004E460893FFF7E9BA129B012B7FF780AE4B
:10304000112B3B4F40F3E48243461024DDE90C8B07
:1030500006E00836A9F11009B9F1100F40F3D78244
:1030600001331035072BC6E90074CDE92D35F0DDAD
:103070002CAA5946404601F09BFC00287FF4FEAA8A
:10308000DDE92D352FAEE5E7DDE90C012CAA01F0D5
:103090008FFC00287FF4F2AA2E9F0DF1BC0BFFF7E6
:1030A0004EBB0F9951F8043B0F9116F010010CD153
:1030B00016F0400004D00A469BB20121FFF786BA01
:1030C00016F400721CBFDBB202460121FFF77EBA84
:1030D0005B42079E62EB42022D200121FFF777BA87
:1030E000DDE90C012CAA01F063FC00287FF4C6AADC
:1030F000DDE92D372FAEFAE5DDE90C012CAA01F050
:1031000057FC00287FF4BAAADDE92D852FAEFCE537
:103110009AF800500F93FFF785B9079A920500F1CE
:10312000A083DA171146FFF71FBA00BFF4C50200EB
:10313000E4C50200DDE9140102460B46DDF790FD0F
:10314000002840F0BF85612D00F08C84412D00F0F7
:10315000F684B9F1FF3F00F0A58325F02003472B4B
:1031600004D1B9F1000F08BF4FF00109DDE91412D5
:10317000079C002A44F480700990C0F2AA84CDE92B
:10318000221200231D930E93A5F14103252B00F27B
:10319000BF82DFE813F09103BD02BD02BD028A03C6
:1031A0008E03BD02BD02BD02BD02BD02BD02BD0255
:1031B000BD02BD02BD02BD02BD02BD02BD02BD0217
:1031C000BD02BD02BD02BD02BD02BD02BD02BD0207
:1031D000BD02BD02BD02BD02BD02BD02BD028A0329
:1031E0008E03079BDD0600F1FC81079B5C0600F166
:1031F0003283079B980540F1F4810F9B0B9A1B6863
:103200001A70FFF7F2BB199B9AF80050002B3FF49D
:1032100009A91B78002B3FF405A9079B43F48063A1
:103220000793FFF7FFB8BD4B1893079B13F02002DD
:1032300000F002810F9B073323F0070319465A68F9
:1032400051F8083B0F910798C1070AD553EA0201CC
:1032500007D040F00201079130218DF895508DF88C
:103260009410079921F480660221FFF7AFB9079EF9
:10327000FFF78ABBAA4B1893D7E7DDE90C012CAA0C
:1032800001F096FB00287FF4F9A92E9D0DF1BC0BEF
:10329000FFF7F6BB43F400739AF8015007930AF165
:1032A000010AFFF7BFB843F020039AF801500793D3
:1032B0000AF1010AFFF7B6B80C984021FEF7F0FAC0
:1032C0000D9B18601861002800F0B8840D9A402307
:1032D0005361FFF770B808980F97DCF711FFB146FC
:1032E0000646FFF7F8BA102D3A462D9B8D4F40F356
:1032F000E081DDE90C48102605E00BF1080B103DDC
:10330000102D40F3D68101331032072BCBE9007624
:10331000CDE92D32F1DD2CAA4146204601F048FBD3
:1033200000287FF4ABA9DDE92D320DF1BC0BE6E7F7
:103330001199CDF880A05A4638467A4EDDF864A03F
:103340001C9BDDF834B04F464FF01008DDF84C9070
:1033500081B3B9F1000F00F0FC8009F1FF391B992E
:10336000C2E900132D990131184407292E902D919F
:1033700073DC08321D9C9AF80010E51B8D42A8BF33
:103380000D46002D0CDD2D99013128440729C2E995
:1033900000752E902D9100F308819AF800100832E4
:1033A000002DACBF4C1B0C46002C12DC0F441199B5
:1033B0000029CED1B9F1000FCFD11D9BCDF864A06B
:1033C000B9469945DDF880A09346074628BF99463F
:1033D000A1E5102C2D9940F387840C9D089310963D
:1033E00004E0103C102C02F1080215DD0131103010
:1033F0000729C2E90068CDE92D10F2DD2CAA594653
:10340000284601F0D5FA00287FF438A9103C102C8A
:10341000DDE92D102FAAE9DC089B109D1560013114
:1034200020440729CDE92D10546000F30B839AF84E
:10343000001008320F44BAE70F9951F8043B0F917E
:10344000079911F010017FF4FEAE079A12F04000C8
:1034500000F028819BB20A46F5E60C9808932CAA46
:10346000594601F0A5FA00287FF408A92E98089B78
:103470002FAA7FE706F480670996CDE907A5DFF854
:10348000A880199E4FF0000C58AC05E00A2B72F191
:10349000000235D353462A46991841F10001A8FB92
:1034A000010525F0030000EB9500091A581A4FF0AA
:1034B000CC3562F1000E05FB00F508FB0E55A0FBB4
:1034C00008A005440AF0010E0520AEFB000E4018CE
:1034D0004FEA5A0A303004F8010C4AEAC57A0CF176
:1034E000010C013C6D08002FD0D031788C45CDD136
:1034F000BCF1FF0FCAD00A2B72F1000280F0ED8000
:103500001996DDE9085658ABDDF81CA0CDF848C087
:10351000CDE907641E1BFFF778B800BFC8C50200DD
:10352000B4C50200E4C50200CDCCCCCCDDE90C0171
:103530002CAA1D9301F03CFA00287FF49FA89DF867
:1035400093201D9B0DF1BC0BFFF7CAB8079EFFF738
:1035500019B8119901390AF1FF3A1191FFE60129D1
:10356000079E7FF4C6AAFFF712B8DDE90C012CAA6A
:1035700001F01EFA00287FF481A82E9F0DF1BC0BEC
:10358000FFF767BA01332544072BCBF80070CBF85F
:103590000440CDE92D357FF7E3A8FFF788BB089AF3
:1035A000079658AB9E1AFFF730B80C9808932CAAD0
:1035B000594601F0FDF900287FF460A89AF8001040
:1035C0002E98089B2FAAEBE6DDE90C012CAA01F04E
:1035D000EFF900287FF452A82E9F0DF1BC0BFFF7E6
:1035E000A8B80F9B0B9A1B681A60FFF7FEB94E46EE
:1035F000062E1A4628BF062699460E93BF4B0996FB
:10360000CDE910220F9708931392FFF70AB8984656
:1036100008F101084D44B8F1070FCDE92D85376059
:10362000C6F804907FF78BABE2E4169B1798591904
:10363000CBE900032D9B2E910133072B2D9300F333
:1036400016810BF1080B002ABFF624AB564210324C
:10365000AB4F80F2CB82DDE90C48102505E00BF181
:10366000080B103E102E40F3C18201331031072B9E
:10367000CBE90075CDE92D31F1DD2CAA414620467C
:1036800001F096F900287EF4F9AFDDE92D310DF156
:10369000BC0BE6E7079A12F400721CBFDBB20246CD
:1036A000FEF790BF079A12F400721CBFDBB202460D
:1036B000C9E50133CBF80070072B05EB0207CDE914
:1036C0002D37CBF8045000F3E0800BF1080B1AE41F
:1036D0002D228DF89320FFF7A2B81C9B1B99E41AAA
:1036E0001A46204601F030F9737803B101364FF0E5
:1036F000000CCFE6DDE90C012CAA01F059F90028F5
:103700007EF4BCAF269A2E9D0DF1BC0BFFF7AABA32
:103710004F460223CDE900372AAB049327AB03932E
:1037200026AB02930C98DDE92223DFF7C5FC672D59
:10373000089000F00682472D00F09582089B25F046
:103740002008B8F1460F03EB070605D11B78302B94
:1037500000F0DC82269F3E44DDE9220100220023A6
:10376000DDF74CFA002800F03C813346089A9B1A9A
:103770001293269A1092B8F1470F00F02081B8F109
:10378000460F00F0F681531E612D269300F0D6827D
:10379000412D40F01C8150210120002BB6BFC2F109
:1037A00001032B222D22092B8DF8A0108DF8A120CA
:1037B00040F335820DF1AF06524F32461046A7FB5B
:1037C0000312D20802EB8201A3EB4101303100F871
:1037D000011C19466329134600F1FF32EEDC303339
:1037E00002F8013C831EB34280F0B4820DF1A102C5
:1037F00013F8011B02F8011FB342F9D158AB181A94
:10380000A0F1AD031A93129B1A9A012B03EB020647
:1038100040F32582169B1E4424F4806343F4807396
:1038200007930023CDE9103326EAE6721393099239
:103830001D9B002B40F0CE809DF893209946FEF70B
:10384000F0BE1D9A1C1BA2EB0906A6423D46A8BF6E
:103850002646FFF78EBB0F9B0B9A1B681A80FFF75B
:10386000C4B843F3C01211465BB2FEF77DBEDDE97A
:103870000C012CAA01F09CF800287EF4FFAEDDE9D3
:103880002D31269A0DF1BC0BDDE6DDE90C012CAAE9
:1038900001F08EF800287EF4F1AE2E9F0DF1BC0BE6
:1038A000FFF731BB4FF0060960E409F1010702237D
:1038B00030E74F4603232DE726AADDE9220101F078
:1038C0000BF800224FF07F53DCF730FF002200237B
:1038D00006460F46DDF792F9002840F0B7810A4B03
:1038E000079309F1FF33CDE9209B1195CDE9124AE9
:1038F000DDF82080DDF81CB01D460DE0DCC50200BF
:10390000E4C50200CDCCCCCCC8C502000022002307
:10391000DDF774F9F0B94D46AB4B0022304639461D
:10392000DCF704FF0F460646DDF7B0F90446DCF786
:1039300093FE0B46024639463046DCF73FFD1BF846
:103940000430C24608F8013B6B1C05F1FF390646FE
:103950000F46DBD19D4B1095002230463946119D14
:103960001194DDE9209B129CCDF848A0DDF84CA015
:10397000DDF76CF9002840F00A81944B3046394657
:103980000022DDF73BF918B1119BDF0700F1FF8042
:10399000109B002BC0F21681109B01334344302250
:1039A00008F8012B4345FBD1089A9B1A129325F086
:1039B0002008DEE6089A2A9B9B1A269A1293D31CAB
:1039C000109201DB914518DA531E023D2693E9B2AD
:1039D0000020E2E62D228DF893204FF00009FEF73B
:1039E00022BE2A9BB342BFF4C1AE30215A1C2A9298
:1039F00019702A9B9E42F9D8B8E6129B934200F3B5
:103A0000A780E30740F15C81169BD618670502D5B5
:103A1000002A00F32F81099B079326EAE673099396
:103A2000672500231393119302E7DDE90C012CAA0B
:103A300000F0BEFF00287EF421AE2E9F0DF1BC0BDE
:103A4000FFF75ABA0C9808932CAA594600F0B0FF19
:103A500000287EF413AE9AF800102E98089B2FAA27
:103A60000F44A4E478238DF8953030238DF89430FA
:103A7000079BB9F1630F43F0020400F3AB8000230E
:103A80000E933FAB0893079B43F481730993159BF7
:103A9000002B21DB00231D93DDE91423CDE9222334
:103AA000612D7FF471AB26AADDE9220100F014FF3D
:103AB00000224FF07F53DCF739FE00220023064638
:103AC0000F46DDF79BF8002840F0C080404B07937D
:103AD00007E70023079C0E93DDE9142303F100435D
:103AE00023932D2322921D93DAE7DDE90C012CAA02
:103AF00000F05EFF00287EF4C1AD269C2E9D0DF1E6
:103B0000BC0BFFF71EBA4E46CDF82490CDE910004D
:103B10009DF893200F9781461390FEF782BDDDE953
:103B20000C012CAA00F044FF00287EF4A7AD269CCF
:103B3000129B2E9D1C1B0DF1BC0BFFF71ABA5823CC
:103B400091E7E6077FF536AFC6194FF0470803E661
:103B5000129B169A9E18109B002B40F3C880672575
:103B6000620500F18880099B079326EAE6730993B2
:103B700057E7109A04F00103002A43EA090340F3CF
:103B8000D580002B40F0BD80109E6625E8E7129B93
:103B9000079A2A93D17B18F8013C8B42424609D1FF
:103BA000302002F8010C2A9A531E2A9312F8013C85
:103BB0009942F6D0392B0BBF079B01339B7ADBB2BE
:103BC00002F8013C4346EFE6000030400000E03FD1
:103BD000B4C502000C9809F10101FDF761FE0890DF
:103BE000002800F0C980089B0E934CE70133314454
:103BF000072BCDE92D31CBF80070CBF804607FF7AF
:103C000047A8DDE90C012CAA00F0D2FE00287EF4C2
:103C100035ADDDE92D310DF1BC0BFFF73BB80028C8
:103C200040F0818030228DF8A2200DF1A3023033C4
:103C300002F8013B28ABD31A1A93E4E50C9A0C2343
:103C400013604FF0FF330B93FEF723BD4E4B4F4AEB
:103C5000612D18BF1A4601230792269341E6E20719
:103C60007FF5DAADD6E5E1077FF5A4AE089BA8465F
:103C7000DE1971E5672519990B78FF2B78D00024A0
:103C8000109A204603E001300131FF2B08D0934207
:103C900006DAD21A4B78002BF5D10B780134F4E711
:103CA0001991119013941092099B119A0793139BE9
:103CB00013441C9A02FB036626EAE6730993B7E5F0
:103CC0001646A3E6159B324C002B079BA8BF9DF818
:103CD000932023F08003B8BF2D220793B8BF8DF83F
:103CE00093202C4BFEF7A1BD2B4DFFF797BBC3F1E3
:103CF00001031E44099A079226EAE6730993672591
:103D00008FE6169BD6184E44662529E7DDE9220189
:103D100000220023DCF772FF00287FF41BADC7F1FF
:103D20000107269717E50DF1A20280E743B9099B29
:103D300007930123099366251E4672E670212BE541
:103D4000099B0793169B5E1C4E4426EAE673099373
:103D5000662566E602231A9355E50F9B9AF80150F3
:103D6000924653F8042B0F9342EAE279FEF75ABBCE
:103D700000231393119397E70D998B8943F0400229
:103D800013468A81FEF782BCC8C50200B4C5020092
:103D9000ACC50200B0C50200E4C502002DE9F04F39
:103DA00003690C69A34283B0C0F28A80013C01F12F
:103DB000140500F1140855F8243058F82420013374
:103DC0009A428E4681464FEA840105EB840708EB50
:103DD000840AB2FBF3F63AD3CDE900150022AC46D3
:103DE000404613465CF8041B05681FFA81FB06FB7E
:103DF0000B22090C4FEA124B06FB01BB92B2A9B28F
:103E0000891A19441FFA8BF3C3EB214303EB1543C3
:103E100089B241EA0341674540F8041B4FEA1B425F
:103E20004FEA2343DED2DDE9001558F8013073B9BB
:103E3000AAF1040AD04504D307E0D04504F1FF34C9
:103E400003D25AF80439002BF7D0C9F81040714654
:103E5000484600F011FC00282EDB4146002255F8B0
:103E6000040BD1F800C01FFA80FE1FFA8CF3A3EBFD
:103E70000E031344020CC2EB234202EB1C429BB222
:103E800043EA0243AF4241F8043B4FEA2242E6D202
:103E900058F8242008EB84036AB9043B984504D3FE
:103EA00007E0984504F1FF3403D253F80429002AAF
:103EB000F7D0C9F810400136304603B0BDE8F08FA6
:103EC000002003B0BDE8F08FF8B5234F0C4606463E
:103ED000FEF7A4F8BB685D6825F0030505F6EF73EF
:103EE000191B21F47F6121F00F01A1F58054B4F575
:103EF000805F07DB00213046FEF79CF8BB682B444F
:103F0000984204D03046FEF78FF80020F8BD614299
:103F10003046FEF78FF801300DD0104ABB682D1BDC
:103F200045F001055D60136830461B1B1360FEF70A
:103F30007BF80120F8BD00213046FEF77BF8BA6817
:103F4000831A0F2BDEDD43F001035360044B03495A
:103F50001B68C01A0860D5E7F0060020784B0020E7
:103F6000D810002000297CD0F8B50C460646FEF794
:103F700055F854F8043C774FA4F1080523F00101EB
:103F80006818D7F808C04268844522F0030200F0A0
:103F90008380DB07426000EB020C33D454F8084CFA
:103FA000DCF804302D1B2144AC6807F1080C644593
:103FB00003F0010364D0D5F80CE0C4F80CE0CEF8AF
:103FC0000840002B00F0818041F001036B6001602C
:103FD000B1F5007F22D27868CB080122490901336C
:103FE0008A40024357F833107A6007EBC302083A5D
:103FF000C5E9021247F83350CD603046BDE8F840BD
:10400000FEF712B8DCF80430DB072BD541F00103D2
:10401000B1F5007F44F8043C0160DCD3B1F5206FBA
:104020004FEA512353D28B0903F1390003F13802CF
:10403000C300F818FB580838984203D163E09B6826
:10404000984204D05A6822F003028A42F7D8D8680E
:10405000C5E902308560DD603046BDE8F840FDF717
:10406000E3BF7047114407F1080C836863453FD0F4
:10407000C268DA60936041F001036B606950A7E7A2
:10408000002B61D10A44D0E90213CB60996042F061
:1040900001036B60AA50B0E70A44D90707D454F86B
:1040A000083CED1A1A44D5E90213CB60996042F03E
:1040B00001036B60284BBD601B6893429DD8274B62
:1040C00030461968FFF700FF97E71144CDE7142B3E
:1040D00008D9542B1FD80B0B03F16F0003F16E02AC
:1040E000C300A6E703F15C0003F15B02C300A0E795
:1040F00041F001033D617D61C5F808C0C5F80CC001
:104100006B60695079E779689210012404FA02F231
:104110000A437A609CE7B3F5AA7F06D8CB0B03F17C
:10412000780003F17702C30083E740F254529342D0
:1041300006D88B0C03F17D0003F17C02C30078E705
:104140004FF47E737E2274E741F001036B600160DF
:1041500053E700BFF0060020DC100020A84B002031
:1041600000487047D4110020C36C70B505460C465A
:104170004BB153F8240080B1026843F82420002397
:10418000C360036170BD2122042100F0B5FC034629
:10419000E8640028EDD1002070BD012101FA04F689
:1041A000721D9200284600F0A7FC0028F3D0C0E959
:1041B0000146E4E731B1C36C4A6853F82200086055
:1041C00043F82210704700BF2DE9F0410D69074602
:1041D0000E461C4601F1140E0020DEF800108BB2D2
:1041E00002FB03434FEA134C090C02FB01CC0130E4
:1041F0009BB203EB0C4385424EF8043B4FEA1C4450
:10420000EBDC3CB1B368AB4207DD06EB850301355F
:104210005C6135613046BDE8F08171683846013136
:10422000FFF7A2FF8046A8B13269023206F10C0105
:1042300092000C30DCF724F8FB6C726853F8221003
:10424000316043F82260464606EB850301355C6128
:104250003561DFE7024B03484246B52100F02CFCF4
:1042600014C6020080C60200B0F5803F034636BF88
:10427000030400201020B3F1807F3CBF1B020830F4
:10428000B3F1805F3CBF1B010430B3F1804F03D317
:10429000002B06DB013070479B0003D45B0003D486
:1042A000202070470230704703307047036813F0D6
:1042B0000702014607D0DA071FD4980721D55B080B
:1042C0000B600120704798B2A0B11046DAB20AB96B
:1042D00008301B0A1A0704BF1B0904309A0704BFE1
:1042E0009B080230DA0703D45B0800F1010006D016
:1042F0000B6070471B0C1020E8E70020704720205F
:1043000070479B080B600220704700BF38B5C36C34
:1043100004460D464BB15868B0B102685A6000229D
:1043200001234561C260036138BD2122042100F0F0
:10433000E3FB0346E0640028EDD1094B0948002265
:104340004FF4A07100F0B8FB1C220121204600F0C0
:10435000D3FB0028F1D00122022342608360DEE714
:1043600014C6020080C602002DE9F04FD1F810807B
:104370001569A84585B00E46924605DB2A46534688
:1043800045468A4690461E46DAF80830DAF80410A8
:1043900005EB0804A342B8BF0131FFF7E5FE8446F0
:1043A000002800F08B8000F1140707EB840E77459E
:1043B00005D23B46002243F8042B9E45FBD8143619
:1043C00006EB88080AF11409464509EB850566D213
:1043D000A5EB0A03153B23F003030AF1150A043386
:1043E00055452CBF9B464FF0040BCDF808E00394D5
:1043F000AE46E24605E0090C2AD1B04507F10407B4
:104400004AD956F8041B8DB2002DF4D0CC463C4658
:10441000002301965CF8040B216886B28AB2000C76
:1044200005FB0622090C1A4405FB001101EB1241A1
:1044300092B242EA0142E64544F8042B4FEA1143A6
:10444000E8D8019E47F80B3056F8041C090CD4D06C
:104450003B68002248461D463C469446028801FBC4
:1044600002C202EB15429BB243EA024344F8043B0A
:1044700050F8043B25684FEA134CABB201FB0C33F8
:1044800003EB124386454FEA134CE7D8B04547F893
:104490000B3007F10407B4D8DDE902E4D446002C60
:1044A00002DC05E0013C03D05EF8043D002BF9D0AE
:1044B0006046CCF8104005B0BDE8F08F034B0448CF
:1044C000624640F25D1100F0F7FA00BF14C6020028
:1044D00080C6020012F003032DE9F041144607469E
:1044E0002CD10D46A4101CD0BE6C86B3E3074FF050
:1044F000000806D4641014D03068A8B10646E3075B
:10450000F8D5324629463846FFF72EFF35B1FB6C09
:10451000696853F821202A6043F821506410054649
:10452000EAD12846BDE8F081324631463846FFF7E9
:104530001BFF3060C0F800800646E0E7013B0F4AF1
:1045400052F823200023FFF73FFE0546CAE701216A
:104550003846FFF709FE064640B1012340F27122BA
:10456000C0E904320023B8640360BFE7044B054888
:1045700032464FF4A07100F09FFA00BFD8C6020087
:1045800014C6020080C602002DE9F0470C46904692
:104590002769A368496807EB62177D1C9D420646A0
:1045A0004FEA621904DD5B009D4201F10101FADC72
:1045B0003046FFF7D9FD8446002851D0B9F1000FED
:1045C00000F114000EDD09F105024FEA820E0346E8
:1045D0000CEB8202002143F8041B9342FBD1AEF1A5
:1045E00014031844216904F1140318F01F0803EBA5
:1045F00081012DD0C8F1200986464FF0000A1A68C3
:1046000002FA08F242EA0A024EF8042B53F8042B8D
:10461000994222FA09FAF2D80B1B153B23F0030347
:10462000043304F11502914238BF042340F803A07B
:10463000BAF1000F00D13D46F36C6268CCF810501F
:1046400053F822102160604643F82240BDE8F0870D
:10465000043853F8042B40F8042F9942F9D8EAE7BC
:10466000034B0448624640F2D91100F025FA00BF1E
:1046700014C6020080C602000B6984460069C01A95
:1046800015D10CF1140C14310CEB830210B401EBB6
:10469000830301E0944508D252F8044D53F8041DF9
:1046A0008C42F7D004D24FF0FF3010BC70477047F7
:1046B000012010BC704700BF2DE9F04F13690F694E
:1046C000FF1A002F83B00D46904615D101F1140654
:1046D000143202EB830206EB830301E09E4276D2A2
:1046E00053F8044D52F8041D8C42F7D006D22B46E5
:1046F00001274546984601E0F9DB00276968FFF786
:1047000033FD8146002876D02E69C760D8F81000A6
:1047100005F1140B08F1140E09F1140A05F110014A
:104720000EEB80000BEB860257464FF0000CCDF8E5
:1047300004B05EF8044B51F8045F1FFA84FBABB27F
:10474000A3EB0B03240C6344C4EB154404EB234498
:104750009BB243EA0443704547F8043B4FEA244CBC
:10476000E7D8A0EB0801153989084C1CDDF804B026
:1047700008F11508A400404538BF04240BEB0405DC
:10478000AA42544430D92746284650F8043B1CFA24
:1047900083FE190C634401EB2E419BB243EA0143B3
:1047A000824247F8043B4FEA214CEED8013A521BB3
:1047B00022F00302144423B954F8043D013E002BB7
:1047C000FAD04846C9F8106003B0BDE8F08F002168
:1047D000FFF7CAFC8146A8B101220023C0E90423E7
:1047E000484603B0BDE8F08F8900404538BF00213E
:1047F0000AEB0104DFE7074B07484A464FF4107104
:1048000000F05AF9034B04484A4640F2322100F0C6
:1048100053F900BF14C6020080C60200F0B50121A2
:1048200083B016461F46FFF79FFC0546002847D079
:10483000C7F30A54C7F313030CB143F48013002EDB
:10484000019314D101A8FFF731FD019B6B61012297
:1048500020302A6114B3089BA4F2334404441C6042
:10486000099BC0F135001860284603B0F0BD6846CA
:104870000096FFF71BFD019B00B30099C0F12002D9
:1048800003FA02F2C34001930A43002BC5E9052352
:104890000CBF012202222A61002CDCD105EB82012F
:1048A000A0F23243086908990B60FFF7DDFC099B11
:1048B000C0EB42101860284603B0F0BD009AE4E750
:1048C000034B04482A4640F20A3100F0F5F800BFD5
:1048D00014C6020080C60200DFF860C0F8B521F0FF
:1048E00000430027634504460D461646176022D84C
:1048F000844653EA0C0C1ED0DFF844C001EA0C0CCD
:104900000A46BCF1000F09D10E4B0022DBF70EFF67
:104910006FF0350704460A4621F0004322F0FF42BB
:104920001B1522F4E002A3F2FE3342F07F553B4414
:1049300045F40015336020462946F8BDFFFFEF7FA0
:104940000000F07F0000504340EA01039B0710B5D0
:1049500001D1032A17D8844601F1FF3E07E01EF873
:10496000011F03F8011B541E29B19C4622466346D1
:10497000002AF4D110BD9444002CFBD003F8011B95
:104980006345FBD110BD8E468446DEF80040A4F19D
:10499000013323EA040313F0803F71460EF1040E45
:1049A000DAD1043A032A4CF8044BEED87146D3E727
:1049B0002DE9F04F9368176883B09246002B74D0AE
:1049C0004FF0000B8B680A6881460C465D4645E057
:1049D000B4F90C3013F4906F2CD0D4E90401161AFA
:1049E00001EB410202EBD272711C52102944914238
:1049F00092BF904688460A465B0539D5114648461F
:104A0000FCF74EFF019000283DD032462169DBF7CC
:104A100037FCA289019B22F4906242F08002A281BD
:104A20009819A8EB0606A660C4F8148023612060DC
:104A3000A8462E4632465946FDF71EFADAF8081007
:104A4000A3682268A3EB08033244491BA3602260D9
:104A5000CAF8081049B3D7E900B508379846104698
:104A6000002DF8D09D421E46B2D2A8462E46E1E760
:104A70000146484600F09AF803460028D0D1216943
:104A80004846FFF76FFAA3890C2243F04003C9F8A8
:104A900000204FF0FF30A38100220023CAF8082035
:104AA000CAF8043003B0BDE8F08F00200023CAF834
:104AB000043003B0BDE8F08F00B50B4C25681446F8
:104AC000EE681A4685B003460D464CB1074900957D
:104AD000CDE901143046064900F03EF8E4F774F8D9
:104AE00004490C46F3E700BFE0100020E4C60200D2
:104AF000F4C6020098B0020010B502FB01F1FCF709
:104B0000CFFE044668B150F8042C22F00302043AA8
:104B1000242A18D8132A06D80246002313605360AB
:104B20009360204610BD00231B2A036043600FD909
:104B3000242A8360C36011BF00F1100200F1180243
:104B400003614361E9E70021FDF716FA204610BD35
:104B500000F10802E1E700BF0EB410B583B005AB69
:104B6000064C53F8042B01930146206800F0C0F96D
:104B700003B0BDE8104003B0704700BFE010002054
:104B800082B049B15AB16BB113780B601278101E24
:104B900018BF012002B0704701A9002AF3D11046C6
:104BA00002B070476FF00100F4E700BF2DE9F84F45
:104BB0001646002900F096800C46804606F10B054B
:104BC000FDF72CFA54F8041C162DA4F1080921F065
:104BD000030758D81025AE4258D8AF4260DABE4B12
:104BE0009A6809EB070C6245DCF8040000F090803D
:104BF00020F0010363445B68DA0768D420F0030007
:104C00003B189D4247DDCB0712D454F8083CA9EB72
:104C1000030BDBF8043023F00302104400EB070A17
:104C2000554540F3F68007EB020A554540F3CC802A
:104C300031464046FCF734FE0646002800F020814D
:104C400054F8043C23F001034B44A0F108029342C2
:104C500000F0B4803A1F242A00F2D780132A00F211
:104C6000A280034622461168196051685960926813
:104C70009A6021464046FFF775F94046FDF7D4F9A2
:104C80003046BDE8F88F35F00705A4D50C23C8F8E9
:104C90000030002618E01F46DCE90223D3609A604A
:104CA000D9F804307A1B0F2A03F0010309EB07003F
:104CB0001DD83B43C9F80430436843F00103436007
:104CC0004046FDF7B1F926463046BDE8F88FC907E2
:104CD000AED454F8083CA9EB030BDBF8043023F006
:104CE0000302A0E7BDE8F84F1146FCF7D9BD09EB78
:104CF00005012B4342F00102C9F804304A604368C1
:104D000043F00103436008314046FFF72BF9D7E732
:104D100020F00300C21905F1100C624580F2918069
:104D2000CA0785D454F8082CA9EB020BDBF8042041
:104D300022F00302104400EB070AD4453FF773AF9B
:104D40005E46DBF80C1056F8080F3A1F242AC160A3
:104D5000886000F2AE80132A40F2A9802168CBF867
:104D600008106168CBF80C101B2A00F2A8800834E8
:104D70000BF110022168116061685160A1689160B7
:104D80000BEB0501AAEB050242F0010299604A60B3
:104D9000DBF8043003F001032B434046CBF804302A
:104DA000FDF742F990E723680360636843601B2ABC
:104DB0003CD804F1080200F1080354E750F8043C21
:104DC00023F003031F446BE73A1F5E46DBF80C3009
:104DD00056F8081F242ACB60996022D8132A1ED9BE
:104DE0002368CBF808306368CBF80C301B2A3BD81B
:104DF00008340BF1100322681A6062685A60A268D6
:104E00009A6034465746D9464AE72146FDF734F8BA
:104E10002FE7DCE902133A1FCB609960D5E73346F0
:104E2000E9E721463046FDF727F8EAE7A368836003
:104E3000E368C360242A27D004F1100200F11003B4
:104E400011E709EB05019960531B43F001034B6027
:104E500054F8043C03F001032B43404644F8043C5F
:104E6000FDF7E2F826462FE7A368CBF81030E36899
:104E7000CBF81430242A10D010340BF11803BAE701
:104E80004046FDF7D1F804E7236903616169416198
:104E900004F1180200F11803E5E62369CBF8183095
:104EA0006369CBF81C3018340BF12003A3E73246BA
:104EB00060E721463046FCF7DFFF074B60E7A1685B
:104EC000CBF81010E168CBF81410242A06D0103467
:104ED0000BF118024EE700BFF00600202269CBF864
:104EE00018206269CBF81C2018340BF1200241E72E
:104EF0002DE9F04FBDB0CDE906031C460491914663
:104F000018B1836B002B00F03582049A536EB2F90E
:104F10000C20D80702D4910540F1B085130740F169
:104F2000EE80049B1B69002B00F0E98002F01A035D
:104F30000A2B00F0F38013AB10930023CDE911335B
:104F4000CDE90B3309930DF14C0A0A93039399F8B9
:104F50000030002B00F0C3814C4604E014F8013F00
:104F6000002B00F0F980252BF8D1B4EB090540F0B7
:104F7000F7802378002B00F0B2814FF000034FF050
:104F8000000B62788DF83B30CDF808B004F10109D0
:104F90004FF0FF3809F10109A2F120035A2B00F26A
:104FA0000C81DFE813F0EF020A010A01EA020A01AC
:104FB0000A010A016A000A010A01DF02D9020A0194
:104FC000D400C0020A01BB025B005B005B005B0017
:104FD0005B005B005B005B005B000A010A010A01E9
:104FE0000A010A010A010A010A010A01D901850020
:104FF0000A010A010A010A010A010A010A010A0159
:105000000A010A0147020A010A010A01BC010A0158
:1050100011020A010A0173050A010A010A010A01C3
:105020000A010A010A010A010A010A01D9018700DD
:105030000A010A010A01AE02870080000A01A102EA
:105040000A0193026905FA0280000A01BC017D0091
:1050500067050A010A0191050A017D00A2F13003EA
:10506000002119F8012B01EB810103EB4101A2F1B1
:105070003003092BF5D902918EE7069D2846FFF7EC
:105080006FF843680B931846DBF73AF80C90044628
:105090002846FFF765F883680A93002C40F0CB841C
:1050A00099F8002076E799F800204BF0200B71E783
:1050B0004BF0100B1BF0200F00F02281079B0733F1
:1050C00023F0070319465A6851F8083B0791114627
:1050D000002AC0F25B81B8F1FF3F00F0628153EA21
:1050E00001022BF0800B40F05C81B8F1000F40F022
:1050F0007C85CDF80480CDF814803CAC91E1049D12
:105100000698294600F00EFE002840F09385B5F978
:105110000C2002F01A030A2B7FF40DAF0499B1F9A9
:105120000E30002BFFF607AF4B6EDD0702D4900563
:1051300040F15E850499069823464A463DB0BDE895
:10514000F04F00F0A1BD029A07935242029299F8E3
:1051500000204BF0040B1DE7B4EB090500F0BF8005
:10516000119B129A01332A44072BCAE90095129227
:10517000119305DC0AF1080A039B2B440393F8E61C
:105180001AB911920DF14C0AF6E70499069810AA83
:1051900000F06CFF0023CDE911330028F2D0049B0E
:1051A0005A6EB3F90C30D10740F1A0805B0600F1D4
:1051B0004D8503983DB0BDE8F08F002A00F08F8048
:1051C00000238DF83B3001238DF88C20019305934B
:1051D00023AC4FF000081BF0020602D0019B023303
:1051E0000193DDE911201BF0840302F1010C6146FB
:1051F000089305D1DDE901535D1B002D00F33683D3
:105200009DF83B50002D00F0FB810DF13B02013079
:10521000CAF8002007294FF00102CDE91110CAF8A1
:10522000042040F3E98148B110AA0499069800F0DF
:105230001DFF0022CDE911220028B0D1002E00F080
:10524000F28102200FAB1490139301210DF14C0A4F
:105250000A460AF1080A0131089B802B00F0ED8113
:10526000059BA8EB0307002F00F33082059BCAF8CB
:10527000004018440729CDE91110CAF8043040F362
:105280007482002840F0CF8211901BF0040F00F0D0
:10529000AC82DDE901239C1A002C12980DF14C0A16
:1052A00000F36F82DDE9022301998A42ACBF9B18AB
:1052B0005B18039350B10499069810AA00F0D6FE2B
:1052C0000023CDE9113300287FF469AF0023119347
:1052D00099F800300DF14C0A002B7FF43DAE129B83
:1052E000002B40F094840023119358E79A053FF572
:1052F0005DAF049CA06D02F0E0FBB4F90C3055E703
:10530000079A1BF0100F52F8043B079239D11BF09B
:10531000400F32D043F3C0310A461BB2D8E6079D96
:1053200055F8044B00268DF83B60002C00F03584C6
:10533000B8F1FF3F00F0FD83424631462046DAF7E0
:105340004FFF002800F05984031B059323EAE37301
:105350000795B046019364E0079B00228DF83B203F
:1053600053F8042B079301238DF88C2001930593A8
:1053700023AC2EE700F0F4FDC7E51BF4007F40F0FE
:105380002984D9170A46002ABFF6A5AE5B4261EB15
:1053900041012D22B8F1FF3F8DF83B2001D02BF0C9
:1053A000800B0A2B71F1000280F0E3823033DBB214
:1053B0008DF8EF304346012BB8BF01230193012341
:1053C00005930DF1EF042CE04BF0100212F02001D8
:1053D00000F0C082079B073323F007031846596883
:1053E00050F8083B07900020B8F1FF3F8DF83B00D4
:1053F00000F0CC8353EA010022F0800BD1D10120D0
:10540000B8F1000F38D100287FF473AE12F001021A
:10541000059200F0FD8230238DF8EF3001920DF1FE
:10542000EF049DF83B30002B3FF4D5AE019B0133D8
:105430000193D0E64BF0100212F0200100F07B82C5
:10544000079B073323F007031846596850F8083BB9
:1054500007900020B8F1FF3F8DF83B0022F4806BED
:1054600012D022F4906453EA010240F08D835A4630
:10547000A346B8F1000FC6D0012800F0B683002380
:105480000228194600F0DC813CAC03F00702DB087F
:1054900043EA4173C908303253EA0105204604F853
:1054A000012DF2D11BF0010F00F0D881302A00F05D
:1054B000D5813023023804F8013C3CAB1B1A43452C
:1054C0000593B8BF434604460193AAE71BF0200F9B
:1054D00000F0BF82079B039A1B681A60D2175A60BC
:1054E000079B0433079332E599F800206C2A03BF29
:1054F00099F801204BF0200B09F101094BF0100B3A
:1055000048E599F80020682A03BF99F801204BF478
:10551000007B09F101094BF0400B3BE599F80020B5
:105520004BF0800B36E5494611F8012B2A2A00F092
:105530009F83A2F13003092B89464FF000083FF604
:105540002BAD19F8012B08EB880803EB4808A2F1F2
:105550003003092BF5D91FE52B2399F800208DF88E
:105560003B3017E5079B53F8042B0292002AFFF605
:10557000EAAD99F8002007930CE599F800204BF06C
:10558000010B07E59DF83B3099F80020002B7FF4D4
:1055900001AD20238DF83B30FCE4079A52F8043B20
:1055A000079247F63002ADF83C20B74A09924BF01B
:1055B000020B00214FF00002B8F1FF3F8DF83B20B5
:1055C00000F03E8153EA01022BF0800040F0378169
:1055D0005A468346022013E7002840F08B829DF84C
:1055E0003B200121002A00F081820DF13B02149141
:1055F00013920DF14C0A08460A460AF1080A0131D5
:10560000002E3FF429AE0FAB0230CAF80030072954
:105610004FF00203CDE91110CAF804307FF718AE3D
:10562000002840F07C81089B0022802B4FF0010174
:1056300010460DF14C0A7FF413AEDDE901535F1BF8
:10564000002F7FF70DAE102F40F3F182D6468F4D1D
:10565000CA460026C146A046069C07E0103F102F10
:1056600002F1020C0EF1080E0A4617DD511C103033
:1056700010230729CDE91110CEF80050CEF80430E0
:10568000ECDD10AA002840F0B980103F0022102F56
:105690004FF0010C10460DF14C0EE7DC4446C846B5
:1056A000D146F2463844BCF1070FCAE90057CDE9AC
:1056B00011C000F3B181059BA8EB0307002F0AF18D
:1056C000080A0CF1010162467FF7D0AD6F4D102F33
:1056D0002ADD2B46D4462546069EDDF810A04FF065
:1056E00010081C4607E0103F102F02F102010CF1D8
:1056F000080C1A4614DD531C1030072BCCE9004867
:10570000CDE91130EFDD10AA002840F08180103F74
:105710000022102F4FF0010110460DF14C0CEADC75
:105720002346E2462C461D4638440729CDE9111090
:10573000CAF80050CAF8047003DC0AF1080A013103
:1057400094E550B10499069810AA00F08FFC00234C
:10575000CDE9113300287FF422AD0598139401237D
:105760001490129011930DF14C0A1BF0040F3FF4AA
:1057700099ADDDE901239C1A002C0AF1080A7FF794
:1057800091AD102C119A40F34F82414F069EDDF8E7
:1057900010B010254FF0000807E0103C102C02F16B
:1057A00002010AF1080A1A4614DD531C1030072BB7
:1057B000CAE90075CDE91130EFDD10AA002840F0EC
:1057C000A480103C0022102C4FF0010110460DF176
:1057D0004C0AEADC20440729CAE90074CDE911101B
:1057E0007FF760AD002840F09781DDE90223019941
:1057F0008A42ACBF9B185B18039367E50499204667
:1058000000F034FCCDE9116600283FF43EAFC6E459
:105810005146304600F02AFC0023CDE91133002820
:105820003FF475AFBBE40499069810AA00F01EFC83
:105830000023CDE9113300283FF427ADAFE48346C0
:1058400009983CAC03F00F021B09825C04F8012D9F
:1058500043EA0173090953EA0102F3D13CAB1B1B74
:1058600043450593B8BF43460193DAE5102D40F355
:10587000CB810D96D446064F049ECA461023C146DE
:10588000A046089C0FE000BFB4C5020034C7020068
:1058900044C70200103D102D02F1020E0CF1080C5D
:1058A0000A4613DD511C10300729CCE90073CDE9FD
:1058B0001110EFDD10AA3146F0B9103D0022102D75
:1058C0004FF0010E10460DF14C0CEBDC0D9E4446E2
:1058D000C846D146E2462844BEF1070FCDE911E0A3
:1058E000CAF80070CAF804503FF776AE0AF1080A09
:1058F0000EF10101724683E4069800F0B7FBCDE992
:10590000114410230028D8D049E45946304600F00D
:10591000ADFBCDE9118800283FF453AF3FE4049973
:10592000069810AA00F0A2FB0023CDE9113300284D
:105930003FF479AE33E4079850F8043B079012F037
:1059400010007FF486AD12F0400400F036819BB267
:1059500001467EE5079850F8043B079012F01000CE
:105960007FF441AD12F0400400F02D819BB201465E
:1059700039E5CDF81480B84FDDF82880CDF804B0B3
:105980000BF480664FF0000C3CAC05E00A2B71F183
:10599000000136D35B4629465A1842F10002A7FBA4
:1059A000020525F0030000EB9500121A981A4FF03B
:1059B000CC3561F1000E05FB00F507FB0E55A0FB91
:1059C00007B005440BF0010E0520AEFB000E801859
:1059D0004FEA5B0B303004F8010C4BEAC57B0CF14D
:1059E000010C013C6D08002ED0D098F800206245D3
:1059F000CCD1BCF1FF0FC9D00A2B71F1000180F0AE
:105A0000B480CDF82880DDF804B0DDF8148025E7F7
:105A1000CDF804803CAC04E5002840F09480059B60
:105A2000A8EB0307002F7FF798AE00200246012164
:105A30000DF14C0A4BE60A9B99F80020002B3FF42D
:105A4000A9AA1B78002B3FF4A5AA4BF4806BFFF7A3
:105A5000A1BA1BF0100F40F09B801BF0400F40F0EC
:105A6000BF801BF4007F00F09380079B039A1B68A4
:105A70001A7035E55A46A9E45A46DDE4049DA86D3E
:105A800002F015F8B5F90C20FFF748BA734B0993EB
:105A90001BF020011DD0079B073323F00703184696
:105AA000596850F8083B07901BF0010F09D053EAE2
:105AB000010006D08DF83D2030224BF0020B8DF80E
:105AC0003C202BF4806B75E5654B09931BF020019E
:105AD000E1D1079850F8043B07901BF01000E3D188
:105AE0001BF0400463D09BB20146DDE710460DF188
:105AF0004C0A85E510AA0499069800F0B7FA00222E
:105B0000CDE9112200287FF44AAB9DF83B2001210A
:105B1000002A7FF46AADE9E70499069810AA00F01C
:105B2000A5FA0023CDE9113300283FF45EAEFFF75C
:105B300036BB20460795DAF7E3FA20EAE073B04671
:105B4000059001936DE40499069810AA00F08EFA6E
:105B50000023CDE9113300287FF421AB059BA8EB8E
:105B60000307002F7FF7F9AD5FE70C9B0B99E41A51
:105B70001A462046FEF7E8FE98F801300BB108F10E
:105B800001084FF0000C05E7A3467DE4934608E4C6
:105B9000079B039A1B681A60A2E44346062B28BFA2
:105BA0000623304C059307950193FFF712BB1BF4B6
:105BB00000711CBFDBB2214676E712F400711CBFF6
:105BC000DBB2214645E412F400713FF40CACDBB2C9
:105BD000214608E443F3C0110A465BB2FFF778BAE6
:105BE000079B039A1B681A807AE43023FFF7E0BB17
:105BF000886D01F062FFFFF79DBACDF80480CDF803
:105C00001480079580460CE4174FE64663E6049936
:105C1000069810AA00F02AFA0023CDE911330028D3
:105C20003FF461ABFFF7BBBA0F4F511CD2E50F4DEC
:105C30008C4637E5049B5B6EDF0707D4049B9B898A
:105C40009E0503D4049B986D01F037FF4FF0FF339E
:105C50000393FFF7AEBA00BFCDCCCCCCC8C50200D1
:105C6000B4C50200DCC5020044C7020034C702000C
:105C7000079B99F80120894653F8041B079341EAD2
:105C8000E178FFF787B900BFF0B51F468B89ADF209
:105C90006C4D23F00203ADF80C304B6E1993CB8999
:105CA000ADF80E30CB6907934B6A09931AAB00939A
:105CB00004934FF48063154606460293059316A895
:105CC00000230C46069301F0E6FE2A463B46694651
:105CD0003046FFF70DF9051E07DB6946304600F038
:105CE0000BF9002818BF4FF0FF35BDF80C305B06EC
:105CF00003D5A38943F04003A381169801F0D5FE94
:105D000028460DF26C4DF0BD49B1FF2A02D80A7049
:105D1000012070478A2303604FF0FF307047084628
:105D2000704700BF38B52F4B1B6805460C460BB1BA
:105D30009A6B02B3B4F90C30180723D522695AB311
:105D400013F0010107D0616900204942A060A16100
:105D50003AB1002038BD980758BF6169A160002A98
:105D6000F7D1190658BF1046F4D543F04003A3817C
:105D70004FF0FF3038BD184600F0F2F8B4F90C309F
:105D80001807DBD4D90628D55A0712D4226943F064
:105D90000803A381002AD3D103F42071B1F5007F59
:105DA000CED02146284600F001FBB4F90C30226920
:105DB000C6E7216B51B104F14002914204D028465C
:105DC000FEF7D0F8B4F90C300022226322690021DA
:105DD000C4E9002123F02403D9E709222A6043F013
:105DE0004003C4E7E0100020F8B5B1F90C300746D5
:105DF00018070C4639D44A68002A53DDA56A002DDD
:105E000031D000223E683A6013F48052E16955D1E6
:105E100001233846A847411C02465ED0B4F90C3035
:105E2000A56AE1695B0705D56368D21A236B0BB1DC
:105E3000E36BD21A00233846A847451C40D0002304
:105E4000636023692360A389D90400D52065216B91
:105E50003E6041B104F14003994202D03846FEF75A
:105E600081F8002323630020F8BD0E69002EFAD0CC
:105E70009B070D6808BF4B690E6018BF0023AD1B60
:105E80008B600CE0D4F824C0E1692B4632463846DA
:105E9000E047B0F1000CA5EB0C05664406DD002DD3
:105EA000F0DCE0E7CA6B002AA8DCDCE7B4F90C30D0
:105EB00043F04003A3814FF0FF30F8BD226DB1E7FE
:105EC0003A68B4F90C308AB11D2A01D0162AEFD1F4
:105ED00023690022C4E90032B9E73B68002B9DD05A
:105EE0001D2B01D0162BE1D13E60BCE76260226918
:105EF0002260DA04AAD4AAE738B50C46054608B1F0
:105F0000836BA3B1B4F90C00B8B1636EDB0701D4A5
:105F1000810515D528462146FFF766FF636EDA072F
:105F2000054602D4A3899B050ED5284638BD00F04E
:105F300017F8B4F90C000028E7D10546284638BD0B
:105F4000A06D01F0B4FDE5E7A06D01F0B6FD2846B7
:105F500038BD00BF014900F005BA00BFF95E02007C
:105F60002DE9F0478246394801F0A1FDDAF83840C2
:105F7000002C66D1DAF80450354ACAF83C200323D5
:105F8000CAE95343DFF8CC90DFF8CC80334F344E6E
:105F900004230AF5AC72CAF854212146EB60C5E926
:105FA0000044C5E90444AC606C660822AC6105F1AC
:105FB0005C00FBF7E1FFC5E90759C5E90987EE6217
:105FC00005F1580001F067FDDAF80850254BEB6049
:105FD0002146C5E90044C5E90444AC606C66AC6187
:105FE000082205F15C00FBF7C7FFC5E90759C5E9C1
:105FF0000987EE6205F1580001F04DFDDAF80C500A
:10600000194BEB602146C5E90044C5E90444AC6086
:106010006C66AC61082205F15C00FBF7ADFF05F191
:106020005800C5E90759C5E90A76C5F8248001F08A
:1060300032FD0123CAF838300448BDE8F04701F0CA
:106040003CBDBDE8F047014801F037BD30130020EA
:10605000555F02007164020095640200D56402007D
:10606000F964020009000100120002009368002B8D
:1060700000F0F6802DE9F04FB1F90CC01CF0080FCC
:1060800083B0904681460C4631D00B697BB31CF03F
:106090000207D8F8006038D00027D4F824B0E169AE
:1060A000DFF8BCA23D4655452B463A4628BF53462D
:1060B0004846C5B1D847002840F3C880D8F8083012
:1060C0001B1A07442D1AC8F80830002B00F0B480C2
:1060D00055452B46D4F824B0E16928BF53463A46CB
:1060E0004846002DE6D1D6E900750836DBE72146A3
:1060F0004846FFF717FE002840F0AD80B4F90CC009
:10610000D8F800601CF00207C6D11CF0010A63D168
:106110002368A168574618468B46002F58D01CF4B8
:10612000007F00F0B180B9420A4600F2DD801CF425
:10613000906F2FD0216962695D1A02EB420202EB77
:10614000D2726B1C52103B44934292BF93469B46C3
:106150001A461CF4806F00F0E68011464846FBF7B3
:106160009FFB002800F0F5802A4621690190DAF7AC
:1061700087F8A289019B22F4906242F08002A281FA
:106180005819ABEB0505C4F814B02361A560206075
:10619000BB463A4651460192FBF76EFEA168236862
:1061A000019AA1EB0B011A443D46A1602260002731
:1061B000D8F808305B1BAA44C8F80830002B3BD045
:1061C0002368A168B4F90CC018468B46002FA6D1ED
:1061D000D6E900A708369EE73846BB463D46002D67
:1061E00040D0002845D03A46D4E904C32068A168CD
:1061F000AA4228BF2A46604504D901EB030A52454A
:1062000000F38280934272DCE169D4F824C05A46DC
:106210004846E047B0F1000A18DDB7EB0A070FD097
:106220000120D8F80830A3EB0A03D344A5EB0A05F4
:10623000C8F80830002BD2D1002003B0BDE8F08FA1
:1062400021464846FFF758FE0028EAD0B4F90C3042
:1062500043F04003A3814FF0FF3003B0BDE8F08F5F
:1062600000207047756833460836002DFAD0D3F801
:1062700000B02A460A215846D9F7B2FF002865D057
:106280000130A0EB0B07AEE722699A4214D3626992
:10629000BA4211D86FF00043BB4228BF3B46656A43
:1062A00093FBF2F3E16902FB03F348465246A84729
:1062B000051ECBDD7F1B7BE7B94228BF39460D4663
:1062C00018460A465146FBF7D7FDA1682368491BCB
:1062D0002B44A16023600029ECD121464846FFF7FA
:1062E0000BFE0028E6D0B1E7BB463A4652E75946D6
:1062F0000192FBF7C1FD019AA3689B1AA360236872
:1063000013442360924688E759465246FBF7B4FD92
:1063100023685344236021464846FFF7EDFD0028DB
:106320003FF47BAF92E74846FEF740FC0346002867
:106330007FF426AF21694846FDF714FEB4F90C300E
:106340000C2223F08003C9F8002081E76A1C17465D
:106350004AE70C22B4F90C30C9F8002078E700BFF6
:1063600000FCFF7F2DE9F8430746884600F5A67636
:106370004FF00009D6E90154013D11D4A389012B46
:1063800005F1FF3508D9B4F90E300133214603D0A9
:106390003846C04749EA00096B1C04F16804EDD196
:1063A0003668002EE6D14846BDE8F883F0B5B1F96D
:1063B0000C300C46990797B007D504F1430301222E
:1063C000C4E90432236017B0F0BDB4F90E100029FF
:1063D00005462EDB6A4600F0BBF8002827DB019E4D
:1063E00006F470464FF48067A6F50056B6FA86F6B6
:1063F000394628467609FBF753FA38B3A3891B4A76
:10640000EA6343F08003C4E90407A3812060002EFF
:10641000D9D0B4F90E10284600F0B0F80028D2D038
:10642000A38923F0030343F00103A381CBE7B4F96D
:106430000C3013F0800F0CBF4FF4806740273946B3
:1064400028460026FBF72CFA0028D7D1B4F90C30E7
:106450009A05B8D423F0030304F1430243F0020386
:106460000121C4E90421A3812260ACE7555F020049
:1064700010B50C46B1F90E1000F0A8F8002803DBA7
:10648000236D0344236510BDA38923F48053A381A6
:1064900010BD00BF2DE9F0410C46B1F90C101F46AC
:1064A000CB05054616460BD421F48051A1813B460D
:1064B000B4F90E1032462846BDE8F04100F020B88D
:1064C000B4F90E100223002200F06AF8B4F90C109F
:1064D000EAE700BF10B50C46B1F90E1000F060F805
:1064E000B4F90C30421C0EBF23F4805343F48053A4
:1064F0002065A38110BD00BFB1F90E1000F016B8E1
:1065000038B50C46084D8446114620461A460023ED
:106510002B60644601F0ACFA431C00D038BD2B68F8
:10652000002BFBD0236038BDAC4B002038B5074DA5
:106530000022044608462A6001F09EFA431C00D05F
:1065400038BD2B68002BFBD0236038BDAC4B00203E
:1065500070B50C46084D03460026204611461C46E1
:106560002E6001F093FA431C00D070BD2B68002B05
:10657000FBD0236070BD00BFAC4B002038B5074D89
:106580000022044608462A6001F07BFA431C00D032
:1065900038BD2B68002BFBD0236038BDAC4B0020EE
:1065A00038B50C46084D8446114620461A4600234D
:1065B0002B60644601F063FA431C00D038BD2B68A1
:1065C000002BFBD0236038BDAC4B002038B50C4607
:1065D000084D8446114620461A4600232B60644627
:1065E00001F042FA431C00D038BD2B68002BFBD0D1
:1065F000236038BDAC4B00207047014640F2E730C5
:1066000008B54FF47A72002300EBC1304914DAF771
:10661000CFFEBDE8084003F0D6BD13B5046983681A
:1066200001A95B68984720B9236801985840C0F3D6
:10663000C03002B010BD03691B68DB0348BF81F0A6
:10664000010121B18368DB684FF48031184783680A
:106650001B69F9E700EBC100408840087047F8B5B6
:106660000346FFF7F7FFB0FA80F0C0F11F0003EB1D
:10667000800CCA00DCF81060171D0C4606328DB283
:1066800056B9012101FA00F0D9680143D960CCF86C
:106690001040DD539D52F8BDF1000431585AD853D3
:1066A00003EBC0009E52C5805D52F4E710B500EBCD
:1066B000C104E388994202F104010AD1012303FADB
:1066C00002F2C36823EA0203C360002340F82130CA
:1066D00010BDA28840F8213000EBC20100EBC300DE
:1066E000CB808280F4E708B50346FFF7B3FFB0FA2A
:1066F00080F2C2F11F021846BDE80840FFF7D6BF7E
:106700002DE9F843B1FA81F5C5F11F0900EB8908BD
:106710000346D8F810200E46C2B10327D8F810401F
:1067200018462146FFF796FFB04206D34A46184660
:10673000FFF7BCFF2046BDE8F88303EBC404013F2C
:10674000E088C8F8100001D08242E7D1C5F12002EC
:106750004FF0FF349440DA681440EBD094FAA4F27E
:10676000B2FA82F2111D53F821402146DFE738B515
:106770000346FFF76FFF0D46044611461846FFF724
:1067800069FF03EBC5050444600068801846FFF705
:1067900061FF014423F8314038BD38B50346FFF7A7
:1067A00059FF0C46A51A511A03EBC40405444800CE
:1067B000608003EBC2006C00448023F8321018465E
:1067C0001146FFF747FF014423F8315038BD38B573
:1067D0000546FFF73FFF0C46014405EBC1035B880C
:1067E000DA070AD42846FFF77EFF21462846FFF73E
:1067F00031FF22182846FFF7BAFF35F83410611A26
:1068000005EBC1035B88DB070CD42846FFF76BFF61
:1068100035F834102246611A2846FFF7A8FF35F8EC
:106820003430E41A21462846BDE83840FFF717BF48
:1068300061B100680439091A21F007030344C9084B
:106840005A8822F001025A80FFF7C1BF704770B525
:10685000056809B9002070BDAB68B3EBD10FF9D959
:106860000B31CC0821462846FFF74AFF0646002890
:10687000F0D001462846FFF7EDFEA04207D93219B5
:106880002846FFF78AFF11462846FFF7E8FE05EB8A
:10689000C6021046538843F0010353800430DAE700
:1068A0002DE9F84301F1FF3919EA010906680F469D
:1068B00014460CD04B420B40042B1A464F4628BFBF
:1068C0000422994664B900252846BDE8F8830429C6
:1068D00004D8BDE8F8431146FFF7B9BF0422F1E739
:1068E000B368B3EBD40FEED904F10B013944891A24
:1068F000C9083046FFF704FF80460028E3D009F1BD
:10690000040505EBC0057B1E35441D44B5FBF7F5BA
:106910007D43A5EB09052C442B1F07349B1B24F05A
:106920000704A41BB0EBD30F4FEAD3074FEAE404EC
:1069300008D201463A463046FFF72FFF414630461F
:10694000FFF78DFE39463046FFF784FE3844844217
:1069500007D230462246FFF720FF21463046FFF798
:106960007EFE06EBC706738843F001037380ABE736
:10697000043A2DE9F041CC1D114424F0070421F024
:1069800007010E1BF708B7FA87F2C2F12405AD0024
:106990004FF000080735C2F12002ED0804604146BF
:1069A000A760C4F80C80920004F11000FBF7E4FA31
:1069B0006B0043F00103638004EBC5027B1B5900AD
:1069C000A4F800805180A21924F83550A2F8028062
:1069D000A35304EBC70329465A8842F001025A80A8
:1069E0002046BDE8F041FFF73ABE2DE9F0470646E4
:1069F0000D46174698462BB398F8004093F801903F
:106A0000DB78A40004EB430498F802301C444444AF
:106A10004FF0000ACA4509D3D8F8042008F108034A
:106A200039463046AC46BDE8F047604714F8013BB4
:106A300048F823402046D9F763FB013004440AF1AB
:106A4000010AE7E76FF01500BDE8F08770B5002593
:106A500002462846144614F8013B0BB9184609E0D3
:106A600098B18D4207D1702B04D0A3F140023A2A8D
:106A70000BD8002070BDA3F140063A2E05D85378FC
:106A80000135941C002BE9D00020252B08BF80F095
:106A900001002246DEE70020704730B50C688B68A5
:106AA00014B14A689A4202DC01338B6030BD013A6E
:106AB0009A4214BF05460025E5548B68F4E700F0C0
:106AC000CFBC0FB407B504A951F8040B019100F035
:106AD000C7FC03B05DF804EB04B070470CB407B515
:106AE00004AB53F8042B0193DEF786FA03B05DF88C
:106AF00004EB02B07047044608B5084611461A4632
:106B0000A047FAF751FBE1F777FDD0E9002130B556
:106B10004FF03333A2FB0324D51843EB0405A1FB4C
:106B20000313521844EB0304521944F1000289186C
:106B300043F10003C0E9001330BD10B50A68002A14
:106B400003460FDD013A0A601A6844680A20A2FB76
:106B5000001200FB0422100F22F07042C3E9001261
:106B6000303010BD3020FCE72DE9F0410746884663
:106B700015461E461446B44205D30EB1601B08E00C
:106B80002378002BFAD014F8010B4146B8470028AF
:106B9000F1DABDE8F0810FB407B504A951F8040B90
:106BA0000191FFF78CFF03B05DF804EB04B0704770
:106BB00010B50369024613F0080009D11368D468C0
:106BC0009C4297BF126AE31AD31A01200B6010BDD2
:106BD00000231846FAE713B501A90446FFF7E8FFBA
:106BE00020B1019BE268013B13440193206A019BA1
:106BF000C01A013802B010BD10B504465018226901
:106C0000236AD20702D5013B184010BD984228BF25
:106C1000C01AFAE710B504460A46C168FFF7ECFF50
:106C20002369E06023F00803236110BD38B50D46E9
:106C3000C2698B00016843F0020342F82130044628
:106C400001682A46FFF7D8FFE36861682060984230
:106C500002BF236943F0080323612A462046FFF759
:106C6000CBFF606038BD2DE9F74FC768C6699B460A
:106C700006EB8703009316F8273003F00303022B7B
:106C80000446884691464FF000030BD01360CBF8C2
:106C9000003023699B0713D44FF0000A504603B01D
:106CA000BDE8F08F56F8271013608908CBF8003044
:106CB000EFD0FFF7AFFFE368A3604FF0010AEDE705
:106CC000A36906EB8700984716F8272012F0010AFF
:106CD0000546E1D012F002021FD0B8F1000F03D038
:106CE00041462046FFF7A2FF61682A462046FFF78B
:106CF00083FFD4E902219142606006D12A462046F2
:106D0000FFF77AFF4FF0000AA060A2682260E260FD
:106D1000226942F008022261C0E701462046019242
:106D2000FFF778FFE368A360B8F1000F04D0216893
:106D3000E369019A43F8212005EB0802CBF8002013
:106D400021682046FFF758FF2369206043F00803BD
:106D5000236116F827306FF3000306F82730009BF5
:106D6000C9F80030A9E770B504461546FFF744FF9F
:106D70002368834205D12369216023F0080323613E
:106D800070BDE269AB0043F0020342F821302046B7
:106D900061682A46FFF730FF6060F1E738B50369A4
:106DA0005B07044606D5456AFFF715FF85422CBFF1
:106DB0006562606238BD38B50D4604461C2200216C
:106DC000FBF7DAF8EB68A361AB6863612B68E361FA
:106DD0006B682362002262622A6923B1591E19423C
:106DE00008BF42F001022261012204F128000021C3
:106DF000BDE8384003F040B82DE9F04F87B00025DA
:106E00000093036A03958B4204460E46924605950D
:106E1000A94639D3EFF3118B202383F31288BFF3F4
:106E20006F8F059AD8462AB129462046FFF79BFF67
:106E30000023059304A92046FFF7BAFE0499B14246
:106E400007462AD32268E36913F8221021F00301D0
:106E500003F8221003EB8209216832462046FFF72F
:106E6000CBFEE3682060984212D0002788F3118897
:106E7000BFF36F8F039929B162690AB12046904729
:106E800000230393002FC5D1484607B0BDE8F08F1B
:106E9000236943F008032361E7E718B12046FFF7B1
:106EA000C5FEE3E7009B5AEA03021CD0019103F000
:106EB000D2F80199B8B9BBF1000F14D187F311884A
:106EC000BFF36F8F009B524604F12800F9F70EFCC8
:106ED000EFF31188202383F31288BFF36F8FB0FA8A
:106EE00080F77F09C2E705AB03AA20462568FFF7B4
:106EF000BAFE0746BAE770B50446836908460D46F0
:106F000098470246EFF31186202383F31288BFF3DC
:106F10006F8F2B7843F001032B7061682046FFF7D9
:106F20006BFE60602046FFF739FF86F31188BFF3E0
:106F30006F8F70BD2DE9F04104462027EFF31186D5
:106F400087F31288BFF36F8F236913F0080FA368CC
:106F500002D16268934200D9226AE169D21A32B939
:106F600086F31188BFF36F8F4FF0000833E011F8FC
:106F7000232012F0030001EB8308F1D0022803D193
:106F800051F82350AD0805D1D00712D4A36940466B
:106F900098470546A1682A462046FFF72DFE294658
:106FA000A0602046FFF736FE86F31188BFF36F8F8F
:106FB000C4E742F0020201F823204046A369A56815
:106FC0009847294602462046FFF716FEA06086F342
:106FD0001188BFF36F8F4046BDE8F081F8B50446D5
:106FE000836908460D4698470646EFF3118720232C
:106FF00083F31288BFF36F8F2B786FF300032B702E
:1070000023699B0705D5E268E36903EB82039D4290
:107010001AD12B786FF341032B70D4E902319942D6
:1070200004D132462046FFF7E7FDA06031462046F6
:10703000FFF7F0FD87F31188BFF36F8F04F128008D
:10704000BDE8F840F9F718BB2B6860F39F032B608D
:10705000F0E7EFF31181202383F31288BFF36F8FE2
:10706000036913F0080F836802D14268934200D984
:10707000026AD31A81F31188BFF36F8F181E18BFED
:1070800001207047036800220BB9184670478B42F5
:1070900010D10B6842B942680360914200D143604D
:1070A00000230B600120704713604368994208BFBA
:1070B0004260F5E71A461B68E6E7038B13F0070307
:1070C00005D10368002B0CBF002003207047022B62
:1070D00005D1408BB0FA80F0400980007047012B49
:1070E00005D10368002B0CBF00200520704700204D
:1070F000704710B50C4600B111B96FF0150010BD06
:10710000081D00F0D2F80028F9D1A368032BF6D9A6
:10711000F3E72DE9F0410D4607461946281D904634
:107120001E4600F0D6F8044638B13346424629469A
:107130003846A446BDE8F0416047BDE8F08110B490
:10714000EFF31182202484F31288BFF36F8F416123
:1071500010BC0121DEF752BE38B50C46054658B1C9
:1071600051B10B6843B14B6833B11C220021FAF7CF
:1071700003FF2C61002038BD6FF01500FBE770B5F0
:1071800005460E46FFF7B5FF041E14DBEFF3118230
:10719000202383F31288BFF36F8F6B8B2C8B4FF6FA
:1071A000FF718B4204F0070407D182F31188BFF30B
:1071B0006F8F6FF00A04204670BD022C0CD1013392
:1071C0006B8382F31188BFF36F8F00232246314611
:1071D0002846FFF79EFFEEE7062C14D8DFE804F000
:1071E00004131313041A0400002333606B683BB9C3
:1071F000C5E90066ACB902212846DEF7FFFDDAE7F3
:107200001E606E60F6E782F31188BFF36F8F6FF038
:107210000404D0E782F31188BFF36F8F6FF0850409
:10722000C9E782F31188BFF36F8FC4E710B5EFF39E
:107230001182202383F31288BFF36F8F048B04F035
:107240000704022C0AD0012C0CBF6FF004006FF071
:10725000850082F31188BFF36F8F08E0438B013BF9
:107260009BB2438323B92146DEF7C8FD204610BDFB
:107270002046EEE738B5A8B1A1B1EFF31185202281
:1072800082F31288BFF36F8F048BFFF7FBFE30B1E0
:1072900004F0070085F31188BFF36F8F38BD6FF0DE
:1072A0007700F7E76FF01500F8E7034640B1426852
:1072B00002F00302022A06D0032A04D0012A05D0D4
:1072C0006FF0150070471A68002AF9D00020986006
:1072D000704710B54268816002F00302022A03463B
:1072E0004FF0000407D0032A02D05C60002001E0C8
:1072F00018685C6010BD18685C600028F6D0FAF76A
:107300006DFAF3E7F0B506468F680D68F469E81B7F
:10731000844298BF001BA4EB000098BF3F1998421D
:1073200028BF18463368ED1B2B4413600B680344D9
:107330000B60F0BD70B445684369EE1AC569AB1BBC
:10734000934228BF134670BC0A46011DFFF7DABFFF
:1073500070B40E460146856851F8103FEB1A93420F
:1073600028BF1346324670BCFFF7CCBF10B5D1E939
:107370000043E41A94420CD31A44C1E900228B68FA
:10738000C069D21A904201D9002010BD03448B601D
:10739000FAE76FF01500F8E72DE9F34106460F46CE
:1073A00015464FF000082A4601A93046FFF7C2FFF4
:1073B000044640B1024639460198D8F761FF2D1BBB
:1073C000A0442744EFD14246311D3046FFF7CEFF9F
:1073D000404602B0BDE8F0812DE9F34107460E4674
:1073E00015464FF000082A4601A93846FFF7B0FFBE
:1073F000044648B12EB1024601993046D8F740FF05
:1074000026442D1BA044EED1424607F11001384618
:10741000FFF7ACFF404602B0BDE8F081704703784B
:107420005B075FBF03684288C3F34A2303EB121074
:107430005DBF173020F00700800800207047002053
:10744000704702F0FCB90346BFF35B8F53E8000FAF
:10745000421C43E800210029F8D1BFF35B8F70473D
:107460001FB50023CDE90201CDE900331A461946C4
:107470001846DFF7EDF805B05DF804FB0120DEF7F4
:10748000A7BE002070474368DA71436819604368FB
:1074900001225A71DEF78EBE70B5D2E901369B1B10
:1074A0008B420C4615460AD313680A4601469819C2
:1074B000D8F7E6FEAB682344AB60204670BD6FF0A2
:1074C0001B00FBE770B50E4615461946044618B971
:1074D000BDE87040DEF77CBE33B1C2F34A23103002
:1074E000120D1844D8F7CCFEC4E900562046BDE87A
:1074F0007040DFF709B82DE9F3415F1C4FEA8708B8
:10750000064608F1170020F0070080080C461546D3
:10751000DEF7D2FE0023ADF805308DF807308DF888
:10752000047068B10346019A43F8102FA8F10401D2
:107530002A46294452F8045B43F8045F8A42F9D191
:10754000A20102F4E07242EA482222F07F4222F4D1
:107550007002002322F03F02314602B0BDE8F04144
:10756000FFF7B0BF07B50123019201AAFFF7C3FFE0
:1075700003B05DF804FB07B5CDE9002302236A469A
:10758000FFF7B9FF03B05DF804FB1FB5CDE9012398
:10759000069B039301AA0323FFF7ADFF05B05DF837
:1075A00004FBF8B506460D4614461F4604B9F8BD5F
:1075B000214628463A46B047241A0544F6E710B556
:1075C000426881680446D2E900230068FFF7E9FFBA
:1075D000636800221A6010BD13B500240094DDF723
:1075E00085FD02B010BD38B54B681A68CB689A4269
:1075F00005460C4602D10846FFF7E1FF6368BFF37A
:107600005B8F53E8002F511C43E800100028F8D18D
:10761000BFF35B8FA3689D54002038BD0A2838B59E
:1076200004460D4602D10D20FFF7DDFF2946204616
:10763000FFF7D9FF002038BD2DE9F043054687B09C
:1076400008460E8891F80090D1F808800C4617463D
:10765000DFF74EF8011EC6F38216C9F3C2091EDB1E
:107660004846DEF763FF03462146608851F8102B39
:107670000196C2F34A22002A01EB0204C0F30B1068
:1076800008BF00210022CDE90407CDE902140092D1
:1076900041462846DFF758F807B0BDE8F0830023DD
:1076A000E2E743681B685B680020996170474368A4
:1076B0001B681A685268536070472DE9F0414368AF
:1076C0001B685A68012111771D68D5E90136D3E995
:1076D00000482F681CB96B681C60BDE8F08121462A
:1076E00030464246B847241A0644F3E743681B680D
:1076F0001868DFF797B970B543681D686B689869BB
:107700000C46DEF741FD214603460F222868BDE8FE
:107710007040184710F0700F00F07F0201D0DFF7C3
:1077200041BB10F0800F18BF10320120904070470D
:107730002DE9F84306460F469046994604254B46E8
:10774000424639463046F5F789F810F10B0F0446EA
:1077500003D1F9F763FC013DF1D12046BDE8F88380
:10776000006840B150F8043C5B688B42A0F1040013
:1077700001D04068F5E77047006850B150F8043C0C
:107780005B685B689B788B42A0F1040001D0406885
:10779000F3E7704730B5006888B150F8043C5B6887
:1077A0001A6A1D7F04380023043ADCB2A54201D8CE
:1077B0004068F1E7013312F833408C42F5D130BD17
:1077C00008B5E0F711F828B1406810F1100F14BFA8
:1077D0000020012008BD4B1CDBB28170817680F84F
:1077E0002530C37600F8061C704750E90231D0F806
:1077F0009C0018470369002283F84A2070470369F8
:1078000093F84A0048B193F8480030B1D3F890207B
:1078100053685169D0695B1AC01A70470369002226
:1078200083F84B207047036993F8490008B193F837
:107830004B00704708B50246FFF7F5FF30B9104618
:10784000FFF7DDFF003818BF012008BD0120FCE76D
:107850000369C3E9001270470229036908D00429AB
:107860000BD001290ED1D3F894301360002070475B
:1078700093F89B30C3F34003F7E793F89B3003F092
:107880000103F2E76FF08500704708B540290369EE
:107890003FD013D8102932D006D801291ED008298C
:1078A00020D06FF0120008BD2029FAD193F89C1067
:1078B00001F0FB0152B341F0040127E0B1F5807FF4
:1078C00030D0B1F5007F36D08029EAD193F89C10F2
:1078D00001F0EF01D2B141F0100117E0C3F894209C
:1078E0000020E0E793F89C1001F0FE010AB141F09E
:1078F000010183F89C100121E0F7F2F9F0E793F819
:107900009C1001F0FD010AB141F0020183F89C10C6
:10791000F2E793F89C1001F0F701002AF6D041F04D
:107920000801F3E793F89C1001F0DF01002AEDD085
:1079300041F02001EAE793F89C1001F0BF01002A12
:10794000E4D041F04001E1E770B504690546D4F8A0
:107950008C00FFF741FD94F8A0300646ABB1D4F897
:107960008C104B684A699A1ACB699B1A3F2B0CD929
:1079700094F89E3033B16B681B6A2246187B002155
:10798000E0F7A6FA002384F8A030304670BD08B5B1
:107990000122FFF7D9FF013818BF4FF0FF3008BDB3
:1079A0000369D3F8901048694A68C969121A91426C
:1079B00004BF002283F84820D3F88C209168126914
:1079C000914204BF002283F84920012070470146FC
:1079D0000068E0F74BBB08B5E0F7A4FBBDE8084042
:1079E000E0F7A4BB0A460121FFF7BCBD002101203E
:1079F000E0F73CBB61B662B680F31188BFF36F8FCE
:107A0000704772B6002383F31188BFF36F8FBFF303
:107A10004F8F30BF62B6BFF36F8F704772B60023CF
:107A200083F31188BFF36F8FBFF34F8F20BF80F3B5
:107A30001188BFF36F8F62B67047202809D9B0F163
:107A4000004F08D80138B0FA80F0C0F11F004000A4
:107A50007047082070473E207047002070474FF065
:107A6000FF3070470020704708461146E1F76CB8B8
:107A700008461146E1F77CB84FF0FF307047002010
:107A800070470228CCBF0020012070474FF40053FC
:107A90004B600020704710B504461420F9F7F0FE43
:107AA0002060BDE8104002F0FEB8F9F7F1BE4FF0DB
:107AB000FF324FF0FF33F8F7E5BCF8F75BBDF8F79E
:107AC0001FBA7047002303824369C3607047416A4D
:107AD0008968E1F7CDB8EFF31182202383F3128890
:107AE000BFF36F8F00230B60436833B9C0E9001107
:107AF00082F31188BFF36F8F704719604160F7E719
:107B000010B50346EFF31181202282F31288BFF3F0
:107B10006F8F006828B15C6802681A60A04208BFD5
:107B20005A6081F31188BFF36F8F10BD027A013262
:107B300002727047034618465B68002BFBD1704702
:107B4000426810B52AB10B461C465B68002BFBD17E
:107B50006260416010BD10B5044620B90B7A013354
:107B60000B72084610BD034618465B68002BFBD11C
:107B7000FFF7E6FF2046F5E710B508B14B68436014
:107B80004C68002308464B60E1F7F0F8204610BD32
:107B900083680B440360704703680B6043684B6065
:107BA00083688B6070478388026819448180D0188D
:107BB000704730B484880568A3188380281930BCC6
:107BC000D8F75EBB10B5838802685C1C8480D154F2
:107BD000D01810BD034600689A88401A11441860F6
:107BE000998070478288521A034682800068084450
:107BF00018607047034600689A88521A01449A80B8
:107C00001960704710B503681C780121FFF7EAFF7F
:107C1000204610BD10B503681C880221FFF7E2FF63
:107C2000204610BD02688068101A70478388C28899
:107C30008168D21A03685B1AD01A704710B50C46D7
:107C4000017822788A428AB00FD06946E1F742F97A
:107C500005A92046E1F73EF910220DF115010DF1BD
:107C60000100FAF7D9F80AB010BD012A06D0022A9D
:107C700007D072B940886388C01AF4E74068636827
:107C8000FAE71022611C01300AB0BDE81040FAF793
:107C9000C3B86FF01500E6E7042A0AD0102A0DD009
:107CA000022A4FF0000315D103700B884380012096
:107CB0007047012303700B684360F8E7022300F864
:107CC000013B01F1100351F8042B40F8042B9942B9
:107CD000F9D1ECE718467047012310B50621044698
:107CE00000F8013BF0F714FF18B9A37963F03F03E4
:107CF000A37110BD0B6803608B8883808B798371BF
:107D0000037823F00203037070470078C0F340004B
:107D1000704738B50446807AE0F780FF6169054610
:107D200049B1637ADB0704D4436A1B6820469B6829
:107D300098470023636121462846BDE8384002F099
:107D40008DB82DE9F04101F10C080C46054600F113
:107D50000C01404617461E46FFF71EFF4046FFF740
:107D600061FF012310FA87F068826B722F82394617
:107D70004046FFF737FFE3687360628A0023E360E1
:107D80007281638234602846BDE8F08138B5D1E95C
:107D90000032DA600B684A895A820C460546086848
:107DA000E0F7E4FF204610220021FAF7E5F8284624
:107DB000BDE83840FFF7ADBF438A23B9C068B0FAC9
:107DC00080F040097047002070470F2807D80D2821
:107DD0000BD8052808BF032018BF022070471328BE
:107DE00003D01A2808BF0120F6E701207047FFF7EB
:107DF000B9BBFFF7C0BB10B50346BFF35B8F53E8B9
:107E0000000F40EA010243E80024002CF7D1BFF341
:107E10005B8F10BD0023DEF797BBBFF35B8F50E88D
:107E2000003F0B4040E80032002AF8D1BFF35B8FDF
:107E3000704738B504460D46E1F714FA5F3005D1B6
:107E400029462046BDE83840E1F77EB938BD817645
:107E50007047704710B503884288934219D8052BA4
:107E600017D9B2F5486F14D88388B3F5FA7F10D2CA
:107E7000C088A0F10A0189B240F67644A14208D830
:107E800001339BB25343B3EB800F34BF012000207A
:107E900010BD0020FCE7002070470020704770B53F
:107EA00006460D4642F221000321E1F7A1FC0446FB
:107EB00018B9BDE87040E1F73DB903210C30FFF778
:107EC00072FE06808570214642F22100BDE87040B6
:107ED000E1F716BE70B506460D4640F20640032196
:107EE000E1F786FC044668B103210C30FFF75BFE26
:107EF0000680857021460022BDE8704040F20640B1
:107F0000E1F7F8BE6FF0680070BDC368187808B17B
:107F1000E1F768B91846E2F79BBA38B50221054681
:107F200042F21600E1F764FC044668B102210C300D
:107F3000FFF739FE2B88038021460022BDE8384038
:107F400042F21600E1F7D6BE6FF0680038BD2DE9A9
:107F5000F0478146884642F2320007219DF820A072
:107F600017461E46E1F744FC0546A0B107210C3038
:107F7000FFF719FEB9F80030038080F80280C7705F
:107F80000671A0F805A029460022BDE8F04742F29C
:107F90003200E1F7AFBE6FF06800BDE8F08708B5CA
:107FA00000200021E1F73AFE18B1BDE80840E1F7F2
:107FB000A1BDBDE80840E4F743B8033138B5C9B204
:107FC00005460E20E2F7AEFB032104460C30FFF716
:107FD000EAFD01230370A0F80150204638BD70B5BA
:107FE00005460E460F200421E2F79CFB04210446BF
:107FF0000C30FFF7D8FD0122067042704580204604
:1080000070BD08B50722F9F707FFB0FA80F0400904
:1080100008BDFFF7A7BABFF35B8F0068BFF35B8FA4
:10802000704708B5E2F70CFF20B11030FFF7F3FFFF
:10803000C0F3C01008BD00280CBF084600207047E0
:1080400018B111B10846E2F7ADBB6FF015007047EB
:1080500007B580B906216846F0F75AFD40B99DF88A
:108060000530684603F03F038DF80530E2F79AFBD0
:1080700003B05DF804FB6FF01500F9E713B5044693
:1080800080B106216846F0F743FD48B99DF80530F8
:10809000694603F03F0320468DF80530FFF7D0FF17
:1080A00002B010BD6FF01500FAE708B5E2F7C8FEA0
:1080B00010B11030FFF7AFFF012008BD034610F4E8
:1080C000004F0CBF07200620DA0348BF00F0050070
:1080D0009B0348BF00F0FB007047BFF35B8F006855
:1080E000BFF35B8F704710B50346BFF35B8F53E858
:1080F000000F00EA010243E80024002CF7D1BFF38F
:108100005B8F10BD012310B403FA01F1044662B184
:10811000BFF35B8F54E8003F0B4344E80032002A72
:10812000F8D1BFF35B8F10BC704710BCC943FFF799
:10813000DABF2DE9F04F87B005469DF84860DDF8BD
:1081400040909DF844A00C4690460021102202A8C1
:108150001F46F9F711FFEEB9CDE90248012202A945
:1081600042F20800E2F786FD044678B9BAF1000F42
:108170003ED11035BFF35B8F55E8003F43F0040359
:1081800045E80032002AF7D1BFF35B8F204607B0E5
:10819000BDE8F08FE1F7AAFC8346E4B937BB584647
:1081A000D7F7AEFF0923012ECDE901B48DF80030D9
:1081B0008DF80100CDF80C80D0D1CDF810D0059607
:1081C0000222CCE714F83320083A012A25D90133DA
:1081D0009845F7D1E2E70023FAE717F83320083A89
:1081E000012A1AD901339945F7D1D8E70023FAE7D4
:1081F000022E4FF0010208BF059202A908BF3246C5
:1082000042F2090008BFCDF810D0CDE90279E2F7BB
:1082100031FD0028ADD00446B8E76FF01504B5E78E
:10822000436813F008000AD05A0307D403F4C0636C
:10823000B3F5806F14BF0220012070470120704702
:1082400070B5064686B00D4642F20A000121E1F7FC
:10825000CFFA0446B0B10C3095B10121FFF7B2FC62
:1082600006F1100203A9204600950723E1F7AEFAB4
:108270000022214642F20A00E1F73CFD06B070BD43
:108280002946EBE76FF06800F8E7183001F0D0BE40
:10829000BFF35B8F0068BFF35B8F7047D0F8B0000F
:1082A000003818BF01207047084689691160C2690B
:1082B0001A60C27A00211830F9F75EBEBFF35B8FF7
:1082C0000068BFF35B8F704773B50446CDE9003299
:1082D0000D4622B9D0F8A8606B4601AAB0472846DF
:1082E000E0F744FD019B23B100996FF06D02204639
:1082F000984702B070BD2438E3F702BB0368002240
:108300000BB9184670478B4210D10B6842B94268CE
:108310000360914200D1436000230B60012070474D
:1083200013604368994208BF4260F5E71A461B682C
:10833000E6E7837A072B01D1E3F712BB704710B54C
:108340000446006918B1E0F711FD0023236110BD58
:1083500010B5034600F1C8021046FFF7AFFF80B129
:10836000BFF35B8F411C52E8004F844204D142E8C6
:10837000001CBCF1000FF6D1BFF35B8FECD11846A7
:1083800010BD0346FBE72DE9F84307460E4690462D
:1083900000244FF0D009B44203D100231846BDE8B1
:1083A000F88309FB0470FFF7D3FF034658B1857AC1
:1083B000012D02D0073D012D03D81A884245EDD08A
:1083C0001846E3F79FFC0134E5E710B5837A023BDA
:1083D0000446062B16D8DFE803F009041515150B23
:1083E0000900417200212046E3F7B6FC002010BDD1
:1083F0000088FFF76FFD0028F9D1A37A072BF5D18C
:108400000821F0E76FF07F00F1E738B5037A8B427F
:108410000446154615D100F1700107222846F9F7E8
:10842000FBFC80B1E378072243B904F17E012846C2
:10843000F9F7F2FCB0FA80F0400938BD04F1770199
:10844000F5E70020F9E70120F7E720B1837819422A
:1084500014BF01200020704708B501210246FFF734
:10846000F4FF08B102F1700008BDF8B507460D46EB
:1084700042F213000E21E1F7BBF90646D0B10E21FE
:108480000C30FFF790FB0E2204460021F9F774FD33
:108490003B8823802B8863806B88A380AB88E38034
:1084A000EB88238131460022BDE8F84042F21300F8
:1084B000E1F720BC6FF06800F8BD7047704710B45A
:1084C00000F14C030122BFF35B8F53E8001F43E828
:1084D0000024002CF9D1BFF35B8F41B9034653F858
:1084E000482B8164D2F8B41029B9C2E92C33006852
:1084F00010BCE3F75DBB0B60C2F8B430F7E710B512
:108500000368D3F8B02042B1D3F8B4401168C3F87F
:10851000B010A24208BFC3F8B4104C300023BFF320
:108520005B8F50E8002F40E800310029F9D1BFF3FC
:108530005B8F10BD70B5D0E9003504464BB3D3F85E
:10854000B020483000216AB1904234D1A26C51BBB6
:10855000D3F8B410C3F8B020884201D1C3F8B420D6
:108560000023A36404F14C030022BFF35B8F53E8A4
:10857000001F43E800200028F9D1BFF35B8F04F10E
:108580003006236BD3B96B680BB1204698470023A4
:108590002360E3680BB1204698472B6AB3B12046AD
:1085A000BDE8704018470A60D3F8B420904208BF75
:1085B000C3F8B410D4E711461268C4E700220023C0
:1085C0003046F8F727F8E0F7D1FBDAE770BD38B5A9
:1085D000406B30B150F8084904B1083CFFF7AAFFDE
:1085E00004B938BDA5682DB12046083DFFF7A2FFAC
:1085F0002C46F7E72046BDE83840FFF79BBFF8B5AB
:108600000F4600210546164600234FF480320846E7
:10861000E4F7C8F8044620B92846BDE8F840E4F776
:1086200039B804210C30FFF7BEFA05704770468058
:108630002046F8BD406B30B1838B8B42A0F108001F
:1086400001D08068F7E7704710B54AB989B2FFF7E3
:10865000F1FF28B143689B6913B1BDE8104018478A
:1086600010BD38B50D460521FFF7E4FF00231A467B
:108670002946E4F7B3F8044610B12846E0F776FB44
:10868000204638BD406B30B183898B42A0F1080091
:1086900001D08068F7E7704770470346006828B14B
:1086A000596802681A60884208BF5A6070470346DA
:1086B000002003B970471A8A5B681044F9E710B5C7
:1086C000D4682378023113B92170012010BD8B4288
:1086D000FBD0038A023B038200201061F6E70620EC
:1086E0007047FEF73FBF73B51446014605464FF489
:1086F0009572206800F0E7FC207500BB237A2068A3
:10870000ABB1A3F11802534253419B000193638A1A
:108710000093AE68238AE2682946B047002808DB48
:10872000238A98420ED100232375012008E00223FA
:10873000ECE710F1FF0F05D34042C0B220750020D6
:1087400002B070BD0E20F9E71FB5CDE9012300236B
:1087500000931A46E5F740FC05B05DF804FBF8B558
:108760009368166805460F46144663B950680121A0
:108770000C30FFF718FAA0602B681B78002B14BF91
:10878000022301230370A3681B78012B03D0022B63
:108790001FD000201CE02B681B78002BF9D16068EB
:1087A00004210C30FFF7FFF9E06007802A68E368D6
:1087B00052885A806168728D738B088A9A4294BF7E
:1087C000C0EB0200C0EB0300042894BF002001208E
:1087D000F8BD2B681B78022BDBD1606812210C30AE
:1087E000FFF7E1F9E06007802B68E268591C02326C
:1087F000113351F8040B42F8040B9942F9D1616826
:10880000728D738B088A9A4294BFC0EB0200C0EB52
:1088100003001228D9E770B405686A6A52B3136876
:1088200003B1A83BA2F1A8040022114600E0A83B36
:10883000844207D0668D648BB14238BF3146A24274
:1088400038BF22461C462BB1D3F8A830002BEED1FE
:108850008442EFD1438D408B8B4201D890420BD99B
:10886000824238BF02469942286838BF194670BC18
:10887000E5F758BF1146EDE770BC7047D068037844
:10888000043113B90170012070478B42FBD091680D
:108890000B8A0020043B0B82106170472DE9F04FDA
:1088A000044685B0104690469946FFF700FF638B5B
:1088B000628D934228BF134683428B4640F29380D9
:1088C000636803934046FFF735F94FF0000A064608
:1088D0004046FFF7ECFE628B638D06F10C079A426F
:1088E00094BFC0EB0205C0EB03053846FFF79EF9C5
:1088F000854217D24046FFF7DAFE628B638D9A42BB
:1089000094BFC0EB0205C0EB03058DBB98F80A00CD
:10891000E0F784F900220023FFF7D9F8064630B9C2
:10892000574636E03846FFF781F90546EDE7014640
:108930004046FFF710F94046FFF7B9FE628D638BA2
:1089400006F10C079A4294BFC0EB0205C0EB030589
:108950003846FFF76BF985421FD24046FFF7A7FE66
:10896000628D638B9A4294BFC0EB0205C0EB030596
:10897000F168328ACDF80090DBF8047003980A445D
:10898000ABB25946B847071E0CDABAF1000F18BF50
:108990005746384605B0BDE8F08F3846FFF746F930
:1089A0000546E5E70E9BB3B9394606F10C00FFF723
:1089B000FAF84046FFF77BFE638D628B934228BF37
:1089C0001346B9448342BA441FFA89F9A8D9AF4281
:1089D0003FF47EAFA4E70F9A0E9B39463046984786
:1089E0000028E1D19CE70027D3E70368002203B900
:1089F00070478B420FD10B683AB9426803609142CD
:108A000000D1436000230B607047136043689942B4
:108A100008BF4260F6E71A461B68E8E70620704781
:108A2000BFF35B8F50E8003F43F0080240E80021AD
:108A30000029F7D1BFF35B8FC3F3C000704773B554
:108A4000166805460023706813731446294695225C
:108A500000F039FB207380B9CDE900002946A388D6
:108A6000A2683046FFF71AFF002809DA10F1FF0F5D
:108A700026BF4042C0B20E202073002002B070BD5D
:108A80000120FBE72DE9F3411668074600237068D3
:108A9000137314463946952200F015FB05462073E2
:108AA00008BBA068718D728B038A914294BFC3EB9F
:108AB0000103C3EB0203012B15DD02210C30FFF78C
:108AC00072F8CDE900558046A388A2683946304641
:108AD000FFF7E4FE031E0ADA13F1FF0F26BF5B4225
:108AE000DBB20E232373002002B0BDE8F081A8F8AA
:108AF00000300120F8E72DE9F04104468868FFF7CF
:108B0000D6FD638D628B934228BF134683420D4688
:108B10001DD3E165D1F8088000278F60F8F72EFAA1
:108B200041462046E4F794FA064638B1C5F8088075
:108B3000E765F8F737FA3046BDE8F081618D638B61
:108B4000994228BF1946284600F0DDFAF1E76FF098
:108B50007906F0E738B5BFF35B8F0B68BFF35B8F27
:108B6000DB07054617D550F8040CA0B1AB6D93B9DF
:108B70000430FFF792FD044668B10146281FFFF755
:108B8000BAFF002807DA55F8043C5A6822609A6850
:108B90005C6002B99C6038BD2DE9F041446A07462B
:108BA0003CB354F8A86906B1A83E00231D4607F15E
:108BB000040801E034461646E26D9AB905B98BB94E
:108BC0004046FFF76AFD054658B101462046FFF7CB
:108BD00092FF00280DDA7B682B60BB687D6003B9CB
:108BE000BD6023462EB1D6F8A820002AE2D0A83ACC
:108BF000E0E7BDE8F08170B504460E460022002390
:108C00000846F7F707FD054658B101462046E4F748
:108C10001FFA044618B12946304601F01FF92046D4
:108C200070BD6FF00104FAE7F8B50546071F00F1C3
:108C3000540350F8044CBFF35B8F53E8001F21F03E
:108C4000040143E80012002AF7D1BFF35B8F04B39D
:108C5000AB6D8BB963687BB1201DFFF71EFD01462C
:108C600006463846FFF747FF002812DA636833608C
:108C7000A368666003B9A66005F15C013846FFF79A
:108C8000BAFF30B104F10C013846BDE8F840FFF7F7
:108C9000B2BFF8BD38B504460D46E4F7D9F930B196
:108CA000294604F16000BDE8384001F0CCB838BD79
:108CB0002DE9F041884617460121042205461E464B
:108CC000E4F776F9044670B104210C30FEF76BFF2F
:108CD00080F80080A0F80170C67021462846BDE8E3
:108CE000F041FFF7D7BFBDE8F08137B50C46054628
:108CF00001F10C00FEF78EFF228A0192E2680092D9
:108D00000346132212212846E4F7FEFA03B030BDD1
:108D100037B50C46054601F10C00FEF77BFF228AB1
:108D20000192E26800920022034611462846E4F7C9
:108D3000EBFA03B030BD07B5CA68138852880092B9
:108D40000C210D22E4F7DCFC03B05DF804FB07B551
:108D5000CB6800221B8800920A210B22E4F7D0FC8A
:108D600003B05DF804FB2DE9F041CB681F88BBB26E
:108D7000162B05461BD90321E4F77EFB0646C0B13E
:108D800002210C30FEF70FFF00244FF0170880F887
:108D90000080447031462846FFF77CFF2846A5F83E
:108DA0001A806F85FFF737FD2046BDE8F08104206B
:108DB000FBE70E20F9E7E5F79FB80A8AC9680023A8
:108DC000E4F73ABE70B50E46E4F7FEFA044628B959
:108DD0003046DFF7CBFF6FF07F0070BD00F10C0570
:108DE0002846314601F02FF8606A38B150F8A8499A
:108DF00004B1A83C2946FFF7FEFE20B90020ECE7AD
:108E00001C466FF00100002CF8D0D4F8A83023B92C
:108E10000230F5D020461C46ECE7A83BF8E738B511
:108E200005460C46F8F7AAF82846E4F7CDFA20B92B
:108E3000F8F7B8F86FF07F0038BD0023236083682F
:108E40003BB9C0E90144FFF7A7FEF8F7ABF80020F3
:108E5000F2E71C608460F6E710600020704710B5F0
:108E6000029CA36833B1B1F5807F28BF0E21CAB23E
:108E700021469847A37DE268013BDBB2A37522B18E
:108E80001BB92046BDE81040104710BD106091800E
:108E900000207047FEF766BB70B50D46064611F818
:108EA000010BE3F79FFA044610B12C89E2F72AFF81
:108EB0006B89A34207D0EB686C8123B12146304611
:108EC000BDE87040184770BD10B5144632B900F1C6
:108ED0007001007AE4F7B4FE00B1846010BD70B593
:108EE00000F1700605463146007AFEF7D6FF0446CB
:108EF0003146287A3CB1E4F7A3FE18B100230360A1
:108F00004360836070BDE4F79BFE0028FAD00460E4
:108F100044608460F6E7022A10B508D1002300F10E
:108F200070011A46007AE4F79DFE022010BDFFF79B
:108F3000D6FFFAE738B5BDF810409442154611D374
:108F400074B123B92046BDE83840E4F7DBBEA21A6D
:108F50008A42A8BF0A4694B222465919D7F790F917
:108F6000204638BD6FF00600FBE71FB50C461946DA
:108F7000E3681C781046BDF818203CB1102401337A
:108F8000069404B0BDE81040FFF7D4BF5B88ADF88D
:108F90000E30022300930DF10E03FFF7CBFF04B058
:108FA00010BD2DE9F04114461D46BDF81870E0F7DC
:108FB0009DFD0646D7F7A4F880B2069033463A46A0
:108FC00029462046BDE8F041FFF7B4BF30B585B073
:108FD00014461D46FEF75FFF0223ADF80E00009316
:108FE000BDF820200DF10E0329462046FFF7A2FF11
:108FF00005B030BD30B585B0C96814461D46E4F7EC
:10900000FDFE00B10089ADF80E0002230093BDF80B
:1090100020200DF10E0329462046FFF78BFF05B0F7
:1090200030BD13B5044610B9002002B010BD0023B6
:109030008DF80430006842F6030301A9ADF806304C
:10904000FEF7FCFD0028EFD1E36898880028ECD1FA
:109050002046E4F791FF013080B2E6E770B5CC68B6
:1090600088B008461E46A3798DF80C301546FFF7E8
:10907000D8FFADF80D00246823786BB96388ADF88C
:109080000F3005230093BDF8302003AB314628464E
:10909000FFF750FF08B070BD631C0DF10F021134D3
:1090A00053F8041B42F8041BA342F9D11323E9E748
:1090B0001FB5CDE90123002300931A46E4F78CFF86
:1090C00005B05DF804FB4B8A12F0010FC3F30E03E9
:1090D00004D013F0950F10D0486870B112F0020F51
:1090E00004D013F4957F0AD0896841B1134013F47A
:1090F000DE7F14BF05200020704702207047032048
:1091000070470120704770470021F8B54FF0FF32DB
:109110004FF0FF3305460846E3F744FB00F10C0728
:10912000044601213846FEF73EFD05260670012162
:109130003846FEF738FD002306701A4621462846B9
:10914000E3F74CFB10B12046DFF710FE0020F8BD1E
:109150006FF0850070470020704710B50369C0E9C3
:1091600005330023C360837F044613B1407AF4F7CC
:109170004BFA0123237700236377E377A37710BDAE
:109180000A460121FEF7EEB9F7F77CB9F7F7F2B915
:1091900038B50446F2F752FE054660B1037A6BB16A
:1091A00020460024F4F7B4FA2846AC77FFF7D5FF41
:1091B0002C72204638BD6FF01500FBE76FF077008A
:1091C000F8E770B504460E461546F3F7D1FB30B903
:1091D00006B925B12046BDE87040F3F71FBC70BD4D
:1091E000C343C3F3C01300F00F0000EB031070473C
:1091F00008B5F3F7A1FC818208BD08B5F3F79CFC24
:10920000EFF31183202282F31288BFF36F8F02697C
:109210000A60027B2AB9807D83F31188BFF36F8FC8
:1092200008BD0420F8E70369C9B20C2201FB023330
:10923000186C00F00700704770B5C9B20369EFF30E
:109240001185202484F31288BFF36F8F0C2606FB50
:109250000134246C14F0C00408D0A24206D085F377
:109260001188BFF36F8F4FF0FF3070BD71430B4417
:1092700001221A6485F31188BFF36F8F43680B4492
:109280005B6898470020F0E78022FFF7D5BFF8B56C
:10929000069F0469C9B2EFF31186202585F3128871
:1092A000BFF36F8F0C2569430C44256C05F0070C48
:1092B000BCF1010F0BD1276486F31188BFF36F8FC8
:1092C000C4E90E2343685B5898470020F8BD05F0B9
:1092D000C005AF4286F31188BFF36F8F0CBF6FF0EC
:1092E00077004FF0FF30F1E713B580240094FFF7CB
:1092F000CEFF02B010BD10B40069CBB21C2403FB3A
:109300000400002110BC10470020F5F7E7BE002044
:1093100000F0A8BA1046F7F7AFB90020704708462A
:109320001146E1F769B843685B68D3F810350B6004
:109330000020704743685B6802EA010021EA0201ED
:10934000C3F80805C3F80C150020704743685B6834
:109350000020C3F80815704743685B680020C3F815
:109360000C15704743685A68D2F8043521EA0300A7
:109370000B40C2F80805C2F80C350020704710B544
:1093800003695868F8B1884219D19C680868586028
:10939000A14200D19860002008602AB15A680A6092
:1093A0009A68596002B99960002010E0814206D1A4
:1093B0000868206098688142EDD19C60EBE7044624
:1093C00000680028F2D1002AE8D16FF0150010BD26
:1093D00013B54FF080520829136E526E28BF082132
:1093E00012BA00921BBA0C460A4669460193D6F798
:1093F00047FF204602B010BD10B443681868884289
:1094000017D9642A15D85B6803EBC10453F83100FF
:1094100023790121994003691B68194203D122B9BC
:1094200083681B6903E0002AFAD18368DB6810BCFB
:1094300018476FF0150010BC70476422FFF7DCBFBF
:109440000022FFF7D9BF73B545682868884206D95E
:10945000D31804D24FF47A74A3FB040313B16FF052
:10946000150010E0A2FB0432002AF8D16D680E014D
:1094700005EB011163438A890092496804FB00F2FD
:10948000A859D9F7C9FD02B070BD2DE9F341436871
:1094900015461A688A4219D9642D17D85F6807EBF8
:1094A00001144FEA0118A66864220023A5FB0601F7
:1094B000D7F77EFFA28900920346616857F808003B
:1094C0003246D9F7A9FD02B0BDE8F0816FF0150072
:1094D000F9E76422FFF7D9BF0022FFF7D6BF30B506
:1094E00043681360057A446804EBC504A34202D3C1
:1094F0006FF0010030BD5C798C4201D00833F0E799
:109500000020F7E770474368DB6B0020C2E90030BA
:10951000704743681B68D3F88004C3F88004704721
:1095200042681368D3F8100150B1D2690020127854
:109530000A70C3F81001D3F8102101221A60704795
:109540004FF0FF307047002A0FDD42681368D3F8F0
:10955000100158B10020C3F81001D269D3F81001EE
:1095600012780A700120186070470020704710B50B
:10957000436819680369EFF31182202080F3128891
:10958000BFF36F8F1868002484731B680120D873A1
:109590004FF48003C1F8043382F31188BFF36F8F57
:1095A00010BD03691A68012191731B680022DA73E8
:1095B0007047026911680346C87B40B15B681B684D
:1095C000D3F8580118B100230B61136898897047CC
:1095D00043681B68D3F81001003818BF012070479A
:1095E00043681B681022C3F80423704743681B6854
:1095F0001022C3F80823704743681B684FF40072B9
:10960000C3F80423704743681B684FF40072C3F823
:109610000823704738B543681D68D5F804335B02EA
:10962000044605D4D5F8040310F0100006D138BD67
:10963000FFF7BFFF0028F5D00120F8E72046FFF72D
:10964000C7FF003818BF0120F1E701207047036908
:10965000186801601B685A60704703680822C3F8E5
:109660000025017A51B9C269C3F834250122C3F833
:109670003825C3F81011D3F810111A60704710B5CF
:1096800043681C68C4F84415C4F848250022C4F88F
:109690002021D4F82011C4F858215B68D4F858214F
:1096A0005A0709D50269936843F001019B0791604D
:1096B00002D14068FFF7D1FF0123A36010BD02680B
:1096C0000346D2F8580140B95B68DB0706D4D2F8EC
:1096D0002001003818BF0120704701207047F8B5FD
:1096E000066933689C89BFF35B8F9442A8BF144618
:1096F00005461033012253E8000F002803D143E848
:109700000027002FF7D1BFF35B8F0CBF1346002358
:109710001ED1336822469868D6F7B2FDEFF3118761
:10972000202383F31288BFF36F8F6868FFF7C7FFAA
:10973000336838B91861044687F31188BFF36F8F17
:109740002046F8BD996822462846FFF798FFF3E7C0
:109750001C46F5E770B4416802690B68D3F804430E
:10976000E40517D5D3F82041A4B1EFF311842025E7
:1097700085F31288BFF36F8FD3F8205135B10025E0
:10978000C3F82051D3F820510125DD6084F31188FE
:10979000BFF36F8FD3F8584124B91168002933D132
:1097A00070BC7047496849071CD5EFF3118520212B
:1097B00081F31288BFF36F8F0469A16821F001065D
:1097C000A66011F0020102BF44682468C4F80015C5
:1097D000116819B94FF48001C3F8081385F3118893
:1097E000BFF36F8F11680029DAD000240C61116873
:1097F000C97B19B94FF48001C3F8081311688C7B39
:1098000014B100238B73CBE7D3F8241121B10021CD
:10981000C3F82411D3F8243112681368002BBFD089
:1098200070BC5168184700F150039B009BB203F1D4
:10983000804303F5883300221A601B68704708B51F
:10984000F5F7DCF808BD004700F022B9C00000F1D0
:10985000804000F5F830C0F81015C0F814257047A6
:10986000F6F754B9F5F7B0BBF7B5019001A8DDE9FB
:10987000084716461D46F5F7B9FC019BB6F1000CEA
:1098800018BF4FF0010C00EB83000B1E18BF012323
:10989000002D43EA4C0314BF4FF00C0C4FF0000CAA
:1098A000002C43EA0C0314BF4FF4E06C4FF0000CA3
:1098B000002F43EA0C03D0F8002714BF4FF4403CBC
:1098C0004FF0000C43EA0C0322EA030301B10978CC
:1098D0000EB13678760019430DB12D78AD003143C5
:1098E0000CB12478240229430FB13F783F040C4384
:1098F0003C43C0F8004703B0F0BD1FB50DF10F03A6
:10990000019300238DF80F1000931A461946FFF7B4
:10991000ABFF05B05DF804FB38B5054608460C46BC
:10992000F5F7B6FCB0B10846F5F7A6FC90B90846C5
:10993000F5F796FC2A6801238340C2F808332A68A9
:1099400003B202EB8303D3F8102522F00302C3F81D
:10995000102538BD20460021BDE83840FFF7CDBFB7
:10996000F5F71CBDFFF7D8BF00F180431A68002A45
:109970001FBF00221A601B68012008BF002070472B
:109980004FF080434FF46072C3F8042370474FF0E8
:1099900080434FF46072C3F80823704708B5F6F7A8
:1099A00065F8BDE80840F5F7EDBB30B502240C7250
:1099B000CA6004680125C4F80055096879B112F03D
:1099C000040F0CBF82219221150748BF41F02001EE
:1099D000D406046848BF21F08001C4F800139B003E
:1099E0000168083312F0800006BF0122CA50C8186F
:1099F00030BD30B5A2F58075AD080124AC400C42F5
:109A000007D0815829B10021815082581A68224319
:109A10001A6030BD13B500230C4601934FF48872D1
:109A200001ABFFF7E6FF21464FF48A72FFF7E1FF33
:109A300021464FF48E72FFF7DCFF21464FF482720D
:109A4000FFF7D7FF21464FF48472FFF7D2FF21467C
:109A50004FF48672FFF7CDFF4FF48C722146FFF76B
:109A6000C8FF019802B010BDF6F766B808B5F6F762
:109A700031FA002008BDEFF31180202383F3128810
:109A8000BFF36F8F704780F31188BFF36F8F7047FC
:109A900008B1DFF7A9B97047704740B1C36858787B
:109AA00010F001001EBF1878B0FA80F0400970472E
:109AB000EFF31183202383F31288BFF36F8FFEE748
:109AC00010B5D0E9003433B90020E268537843F090
:109AD0000103537010BD204698470028F4D0002899
:109AE000B8BF4042E368FF28A8BFFF201870ECE72A
:109AF000F8F742BAD6F7C4BB704710B400F10C04B3
:109B0000C0E9034410BCFCF733BF2DE9F04F89B026
:109B1000DDE9126705463B46914606A832460591A7
:109B200000F0CCFBDDE9063405F1140ACDE902347E
:109B3000EFF311844FF0200888F31288BFF36F8F82
:109B400005F10C0B05994A462846FCF7A9FE30B1F1
:109B500084F31188BFF36F8F09B0BDE8F08F3E43E7
:109B6000F6D0DDE9022306A800F0CCFBDDE90667AC
:109B70005A46CDE9006721465046F7F75DF9EFF305
:109B8000118488F31288BFF36F8FDBE738B5044682
:109B9000EFF31185202383F31288BFF36F8FFCF757
:109BA00047FE04F10C0000F0FAFA30B1294604F146
:109BB0001400BDE83840F7F7BBB985F31188BFF34F
:109BC0006F8F38BD4169836843EA010212F00302D6
:109BD0000FD1C2600269013A01FB023382689A42E6
:109BE00001D900207047C2681A604269C3609B1A9D
:109BF000F4E76FF0150070472DE9F04105460F4678
:109C0000EFF31188202383F31288BFF36F8FC668A8
:109C1000F6B90468A0421BD0D4B1D4E90032136075
:109C20005A60637BA66023F002036373C4E9006695
:109C300004F1180000F01BFB2046E667676100F0A6
:109C40004FFA414605F10800BDE8F041F7F770B959
:109C50003E60AB69EF60013BAB6188F31188BFF3F5
:109C60006F8FBDE8F08108B52024EFF3118384F3F2
:109C70001288BFF36F8FFDF7C4FEF6E7D0E900321C
:109C800013605A60427B002322F00202C0E90033D5
:109C900042738360704790F90E308B4201D0F7F722
:109CA000F7B80020704703460020C3E90200C3E96B
:109CB00000337047D0E9003213605A60427B0023C2
:109CC00022F00202C0E900334273836070472DE93D
:109CD000F843914604469DF820200D4600F1080700
:109CE000EFF31186202181F31288BFF36F8F02B149
:109CF0004568D4F80880474518D0B8F1000F15D052
:109D00004046FFF7D7FF08F1180000F0B0FA002333
:109D1000C8F87C30C8F81490404600F0E1F93846A5
:109D20003146F7F705F90020BDE8F883ABB108210B
:109D30000020F7F77BFD002838D00122C0F80490FE
:109D40000260016801F003015DB922680A43026004
:109D5000626820606AB960600BE0C9F8003048466C
:109D6000EFE72A68032A16D80160616869B9C4E977
:109D70000000042104F1100000F050FB0028CED1B7
:109D800086F31188BFF36F8FCEE70A6802F00302F3
:109D900002430A60DFE722F003020A4302602A68F6
:109DA00002F0030240EA02032B60E2E76FF00B00CF
:109DB000E6E710B5044630B10268930703D0446863
:109DC00009B100F04AFB204610BD0023C0E9003372
:109DD00000F10803C0E9023300F11003C0E90433C5
:109DE0007047F8B500F10806EFF31187202383F3DD
:109DF0001288BFF36F8F8568AE4200F1100417D050
:109E0000B5B12846FFF756FF05F1180000F02FFA0C
:109E100000232846EB676B6100F062F908212046B9
:109E200000F0FCFA39463046BDE8F840F7F780B854
:109E30000821204600F0F2FA0028F3D187F31188B8
:109E4000BFF36F8FF8BD07B50123009300230A46C7
:109E50001946FFF73CFF03B05DF804FB07B500238C
:109E60000A4600931946FFF732FF03B05DF804FB82
:109E700000680021FFF79DBF5AB18A4209D300F163
:109E80001003C0E90212C0E90000C0E90433002059
:109E900070476FF015007047026801238B4022EA7B
:109EA0000303036022FA01F000F0010070477047DD
:109EB00010B5032104460C30FFF7EEFF30B104F17A
:109EC000100000F0D4F9B0FA80F0400910BD20B1C4
:109ED00000221146883000F08FB9704770B5C36812
:109EE000C3F340069B07044616D4856802210C3054
:109EF000FFF7D2FF80B1D5F880206AB194421DD11E
:109F000022689EB9D5F88430C5F880209C4201D1E2
:109F1000C5F8842000232360E36813F01F001EBFF0
:109F200043F00203E36040F0020070BD3260D5F8F8
:109F30008420944208BFC5F88460EBE71646126897
:109F4000DBE773B50446EFF31185202383F3128812
:109F5000BFF36F8F0023A0F1100603210438019393
:109F6000FFF79AFF28B1A369019301A93046F6F7DC
:109F7000E3FC85F31188BFF36F8F02B070BD38B575
:109F800004460D4610220021F7F7F6FF656038BD44
:109F900013B501900846EFF31184202383F3128850
:109FA000BFF36F8F01A9F6F7C7FC84F31188BFF3E5
:109FB0006F8F02B010BD10B5FFF7EAFF041E08DD79
:109FC000EFF31180202383F31288BFF36F8FF6F72E
:109FD000C1FF204610BD70B50D46EFF3118620235A
:109FE00083F31288BFF36F8FF6F700FD044686F304
:109FF0001188BFF36F8F38B14FF0FF324FF0FF334E
:10A0000005F11000F6F772FB204670BD08B5A022DE
:10A010000021F7F7B1FF08BD38B5302204460D46E0
:10A020000021F7F7A9FF4FF480736560E36038BD46
:10A0300038B50446EFF31185202383F31288BFF36C
:10A040006F8FFFF735FF2046FFF748FF85F3118834
:10A05000BFF36F8F38BDEFF30580003818BF0120C4
:10A0600070476FF05700704700207047D0E900320A
:10A0700013605A600023C0E90033704708B5FFF74A
:10A08000F5FF437B23F0020343730023836008BD85
:10A0900038B504460D46F6F75DFE637B43F00203D8
:10A0A0006373E5B1A5602B689D4209D16B68C4E973
:10A0B00000531C606C6012E06A689A42F6D01B681C
:10A0C000002BF3D094F90E2093F90E108A42F3D0AE
:10A0D0009142F1DD5A68C4E9003214605C6038BD19
:10A0E00010B5EFF31184202383F31288BFF36F8F31
:10A0F000F6F7EEFD84F31188BFF36F8F10BD08B53E
:10A10000EFF31181202282F31288BFF36F8F8368EF
:10A110000BB1FFF7B3FF81F31188BFF36F8F08BD59
:10A1200010B50146EFF31184202383F31288BFF3A7
:10A130006F8F437B13F0280F0AD183680BB1FFF7B1
:10A140009DFF4B7B23F004034B730846F6F7C0FDDD
:10A1500084F31188BFF36F8F10BD01211838FFF70A
:10A16000DFBF08B50346EFF31181202282F3128886
:10A17000BFF36F8F0068834207D008B1FFF77EFFFF
:10A1800081F31188BFF36F8F08BD0020F8E710B589
:10A19000FFF7B5FFBDE81040183000F068B838B5DB
:10A1A00004680546AC424FF0000000D138BD002CD9
:10A1B000FCD02046FFF7EBFF2046FFF791FF2C680D
:10A1C0000120A542F1E738B50C460546F6F76AFFCF
:10A1D000B4F1FF3F08BFB5F1FF3F1FBF47F6FF7364
:10A1E00000224FF47A71C0FB01321ABFD80B40EA4B
:10A1F00042404FF0FF3038BD38B5EFF311852023D2
:10A2000083F31288BFF36F8F0468A04212D09CB111
:10A21000E16762612046FFF731FF04F1180000F0AA
:10A2200026F82046F6F754FD012085F31188BFF388
:10A230006F8F38BD0020F8E72046F6E710B5F7F736
:10A2400009F90446F7F70EF974B1D4E904321B1A80
:10A2500062EBE072B3F1004F72F1000104DA002A00
:10A26000ACBF1846002010BD6FF00040FBE738B5CA
:10A270000246EFF31185202383F31288BFF36F8F1B
:10A28000036893B1F7F7E6F804461046F7F7F4F8D9
:10A29000844204D1FFF7D2FF0021F4F71BFD002018
:10A2A00085F31188BFF36F8F38BD6FF01500F7E7A6
:10A2B00008B5F7F7D1F908BDF7F7CEB9B3F1FF3F0D
:10A2C00008BFB2F1FF3F70B504461D46164613D0D5
:10A2D0001A4315D06FF00102921B4FF0FF3363EB6E
:10A2E0000501002904DAF7F7B7F9821941EB0501F6
:10A2F000C4E90021204670BD4FF0FF321146F7E758
:10A300000022FBE7B3F1FF3F08BFB2F1FF3FF8B512
:10A31000074616461C4610D054EA020311D0F7F740
:10A320009BF9B0420A46A14103460AD2F31A64EBF4
:10A330000204C7E900343846F8BD4FF0FF331C462D
:10A34000F7E70023FBE70023C0E9081200F1180239
:10A35000C0E90622C0E9003303634363704710B5C8
:10A360000446FFF784FFA8B9636A0BB120469847FB
:10A3700004F11800FFF7F5FE60B1FFF7B1FEEFF34F
:10A380001180202383F31288BFF36F8FBDE8104044
:10A39000F6F7E0BD10BD2DE9F041846805460E4694
:10A3A000D4B16378012B22D114F8533C9A0711D50C
:10A3B000A4F160073846FFF7EAFE082E0CBF6FF0E5
:10A3C00003030023E36114F8533CDB0602D1384653
:10A3D000FFF786FE00232370EB68C3F38632164333
:10A3E000002066F39433A860EB60BDE8F081022B97
:10A3F000F0D12378002BEDD054F8048CB8F1000F85
:10A40000E8D004F11400FFF732FFA4F11407002391
:10A41000E36239464046FFF7BBFDDBE738B5EFF3B3
:10A420001185202383F31288BFF36F8F0468A04245
:10A4300011D0D4E9003213605A600023C4E900331C
:10A440002046FFF7A8FF85F31188BFF36F8F201E0A
:10A4500018BF012038BD0024F5E720B1011F50F8D6
:08A46000040CFFF793BB7047E9
:08A468007C6FFD7F0100000084
:10A47000A58D000000000000A9D8010028A5020059
:10A480006D9A02000000000061020200000000005E
:10A49000850202000000000081DF010050A50200DB
:10A4A00081DF01003CA502001B9302008CA5020085
:10A4B0009DDD010078A502000DE80100A0A50200C5
:10A4C000997C000064A5020089DB01000000000007
:10A4D00071EB010000000000FD8D00000000000095
:10A4E0007D60000000000000657A020000000000AE
:10A4F0003980000000000000B907020000000000E1
:10A500000DE50100C8A5020000000000B4A502008E
:10A51000C9BE010000000000A1E10100DCA50200AD
:08A52000A9E20100F0A5020010
:10A5280076EB02004CC3020068A802005412002017
:10A53800444A0020BEEB020064C30200F8A70200F0
:10A548005A120020EC4A0020CCEB02007CC3020027
:10A55800F8A702005C120020F84A0020C5D10200CA
:10A56800CC16002084A8020050120020C00400204D
:10A578009FEB020000000000F0A702005612002026
:10A58800984A0020AFEB020000000000E8A7020094
:10A59800581200200000000021ED020030C4020023
:10A5A800E8A80200641200202410002050B3020022
:10A5B800000000005CA80200521200209035002024
:10A5C800ECEC0200D4C3020054A80200621200207E
:10A5D800044B002063EC020094C302001CA8020094
:10A5E8005E1200200000000060EC0200BCC3020004
:0CA5F80038A802006012002000000000E3
:10A604009D9902004798020000000000ED790200C5
:10A61400A0A502005597020000000000ED79020099
:10A6240000000000ED79020000000000ED79020056
:10A6340011F801004798020000000000ED790200C3
:10A6440000000000ED79020000000000ED79020036
:10A6540000000000ED79020000000000318B0100D1
:10A6640000000000ED790200984A00200DDE010090
:10A674000000000089BD010000000000ED79020027
:10A6840000000000ED7902000000000001EC010070
:10A6940000000000ED79020000000000ED790200E6
:10A6A40000000000ED79020000000000ED790200D6
:10A6B40000000000ED79020000000000ED790200C6
:10A6C40000000000618B010000000000ED79020031
:10A6D40000000000ED79020000000000ED790200A6
:10A6E40061FD01004798020000000000ED790200BE
:10A6F40000000000ED79020000000000ED79020086
:10A7040000000000ED79020000000000ED79020075
:10A7140000000000ED79020000000000ED79020065
:10A7240000000000ED79020000000000ED79020055
:10A7340000000000ED7902006DCF0100479802008F
:10A7440000000000ED79020000000000ED79020035
:10A7540000000000ED79020000000000ED79020025
:10A7640000000000ED79020000000000ED79020015
:10A7740000000000ED79020000000000ED79020005
:10A7880070190020C06600200004000089470000FE
:10A7980000000000000000000000000006000000AB
:10A7A8000000000028CC02000000000000000000AB
:10A7B800F0190020006B0020000400004117000081
:10A7C800000000000000000000000000070000007A
:10A7D800000000004ECC0200000000000000000055
:10A7E8001F9302000000000045DD01009DDC010010
:10A7F80015E0010027930200359302004D930200F3
:10A80800599302006593020081DE01007F930200E4
:04A81800000000003C
:10A81C003B94020041940200000000000000000084
:10A82C00F99302000000000000000000D394020025
:10A83C00D994020047940200000000008B9402009F
:08A84C00000000000000000004
:08A85400F1E501000795020087
:0CA85C00D51601005515010089180100F7
:10A8680001D9010089920200E9920200000000006B
:0CA8780027920200000000000000000019
:10A8840000000000000000000000000000000000C4
:10A8940000000000000000008F790200257D000008
:10A8A40000000000A17B000049790200817B0000C8
:10A8B400F5770200FF770200617B00001D7802003B
:10A8C40000000000277802000000000000000000E3
:10A8D40035780200A1790200517802008B780200D9
:10A8E4005978020000000000000000000000000091
:10A8F400000000000000000000000000219502009C
:10A9040061E7010013950200DF96020047950200FB
:10A914006F950200A3950200B3950200E195020031
:10A92400ED950200B3950200D1950200F99502005D
:10A9340007960200159602004B9602004F960200FD
:08A9440000000000000000000B
:10A94C0005000000E1C60000000000000600000049
:10A95C0091E70000000000000400000081CC000022
:04A96C0000000000E7
:10A9700010AF02000400000060AF020007000000FA
:10A98000F3E0020003000000A0E702000300000063
:10A990009BD602000300000007E402000300000051
:10A9A00008BE0200030000008CB502000300000096
:10A9B00064B302000300000048B902000300000075
:10A9C000A2D602000300000024E9020003000000F8
:10A9D000A8DE02000300000064E0020003000000A3
:10A9E00082E502000300000018E1020003000000FD
:10A9F00051E902000300000007CD0200030000003F
:10AA000091EB0200030000003EEC02000300000096
:10AA100068EC02000300000026CD020003000000E5
:10AA20002ACD0200030000005FCE020003000000F8
:10AA3000D9D50200030000003ED60200030000004A
:10AA400046D602000300000066EB0200030000008F
:10AA50004AEE020003000000F9EC020003000000CF
:10AA60005BD60200030000001ECC020004000000C0
:10AA70002FED020003000000D8D102000300000007
:10AA80002DD002000100000057CF0200010000009D
:10AA900057EB020001000000B7D0020001000000E7
:10AAA00094AC0200B42700203ECE0200010000005A
:10AAB000D8AC0200940D00204ECE02000100000030
:10AAC0000000000000000000A0000000F0000000F6
:10AAD00000000000ADDD0200B2DD0200B6DD0200C4
:10AAE000BADD0200BEDD0200C2DD0200C6DD0200EA
:10AAF000CADD0200CEDD0200D2DD0200D6DD02009A
:10AB0000DADD0200DEDD0200E2DD0200E6DD020049
:10AB1000000103FF04FF0200000106020100000023
:10AB200000010201040404044DEE020000010000D3
:10AB300000010008120000000000000000C2010037
:10AB400000000800000000000000000000000000FD
:10AB50000338FDD8704700000080E03779C34143D7
:10AB6000176E05B5B5B89346F5F93FE9034F384D73
:10AB7000321D30F94877825A3CBF737FDD4F15751F
:10AB8000000000000000F03F000000000000244032
:10AB900000000000000059400000000000408F400D
:10ABA000000000000088C34000000000006AF84078
:10ABB0000000000080842E4100000000D01263419C
:10ABC0000000000084D797410000000065CDCD4112
:10ABD000000000205FA00242000000E876483742F3
:10ABE000000000A2941A6D42000040E59C30A24291
:10ABF0000000901EC4BCD64200003426F56B0C4306
:10AC00000080E03779C3414300A0D88557347643AC
:10AC100000C84E676DC1AB43003D9160E458E1430D
:10AC2000408CB5781DAF154450EFE2D6E41A4B4482
:10AC300092D54D06CFF08044F64AE1C7022DB544C7
:10AC4000B49DD9794378EA44F01A0020000100004D
:10AC50007D7402001F7402000200000039760200B9
:10AC600000000000000000000000000000000000E4
:10AC70001ECE020026CE02000000000000000000F0
:10AC8000000000002ECE020032CE020036CE0200BE
:10AC90003ACE0200CD6A0000C16A0000F16A0000ED
:10ACA000A96A000000000000B56A00000000000072
:10ACB0004D6B0000BC2700207150002010000000E8
:10ACC000C8AC0200CC270020D56B0000EC27002088
:10ACD0008150002001000000F7760200ED760200AE
:10ACE000BB760200AF76020000000000A3760200EF
:10ACF00000000000C00400200000000000000B065F
:10AD00000200000008AD02000000000026D602008C
:10AD100026000207000000202ED6020022000B11A0
:10AD20004D8C000000000000C37A020020AD02003C
:10AD300038AD0200470000004099002020AD02001D
:10AD400048AD02002E000000149E002020AD02003D
:10AD500058AD020002010000F49E0020EADD02006E
:10AD600008DE020023DE020033DE020040DE0200C5
:10AD700049DE020050DE020057DE02005EDE020005
:10AD800066DE020040DE02006EDE020080DE0200AF
:10AD900095DE02000E030000ADA600000F040000C7
:10ADA00079A600001A010000CD8F00000504000004
:10ADB000E58F000013010000B9950000FF010000BD
:10ADC000099400003E010000E99300000504000022
:10ADD0003190000010010000A99000000201000065
:10ADE000ADB5000001120000FDA500000A1E000024
:10ADF0000B7F020003090000AD960000040B000069
:10AE000091910000060A00005D9B00000C05000007
:10AE10007590000020AD020020AE02004700000047
:10AE200014A000208BD1020093E30200B3E30200E0
:10AE3000A7E30200BEE30200D5E30200E5E302005F
:10AE4000FFE60200F9E3020020AD020054AE02006A
:10AE500000000000DCA0002020AD020064AE020073
:10AE60002000000004A10020BB840200BD84020079
:10AE7000000000000000000000000000C5C9000044
:10AE800000000000000000000000000000000000C2
:10AE900002020100678D02000404010065D9000070
:10AEA00006060100A5D800000804010091D70000A3
:10AEB0000A0201004F8D02000C040100378D0200D0
:10AEC0000E04010065D6000020040100C9D5000071
:10AED00010040100D9D4000012020100EB8C020022
:10AEE00016040100DF860200180101001D8A02001D
:10AEF0001E000400BB8D020052020000118D0200F2
:10AF000020AD02000CAF020022000000DCA10020F6
:10AF100068C702006B8F02000000000064C70200D7
:10AF20000000010060C702005D9002000000000008
:10AF3000740E00200000010058C70200000000004D
:10AF400000000000000000000000000054C70200E4
:10AF5000F58F020029DE00007C0E002000000300B7
:10AF600094C702006B8F02000000000090C702002F
:10AF7000000001008CC702005D900200000000008C
:10AF8000A40E00200000010084C70200A38F02006D
:10AF900000000000000000000000010080C7020067
:10AFA0005D900200000000009C0E002000000100E7
:10AFB00078C70200CD8F02000000000000000000F2
:10AFC0000000010074C702005D9002000000000054
:10AFD000940E0020000001006CC7020021DD00007B
:10AFE0000000000000000000000001000000000060
:10AFF0000000000000000000000000000000000051
:10B0000009910200000000000000000000000000A4
:10B0100000000000574553545F544F504449522F8D
:10B020007A65706879722F7375627379732F626CA9
:10B030007565746F6F74682F636F6E74726F6C6C6C
:10B0400065722F7469636B65722F7469636B6572C7
:10B050002E6300007469636B65725F726573636869
:10B0600065642D3E7469636B735F746F5F657870A0
:10B07000697265203D3D2030550000004153534525
:10B080005254494F4E204641494C205B25735D2068
:10B09000402025733A25640A0000000028287469BE
:10B0A000636B65725F72657363686564292D3E65C5
:10B0B00078745F646174612026262028287469638F
:10B0C0006B65725F72657363686564292D3E657890
:10B0D000745F646174612D3E7469636B735F736C3C
:10B0E0006F745F77696E646F7720213D203055293A
:10B0F00029000000574553545F544F504449522F84
:10B100007A65706879722F7375627379732F626CC8
:10B110007565746F6F74682F636F6E74726F6C6C8B
:10B1200065722F6C6C5F73772F756C6C2E630000EB
:10B13000216572720000000072780000756C6C5F0F
:10B140007265665F67657428756C6C5F68647229E8
:10B15000000000003000000072656C6561736520BE
:10B160003D3D20646F6E65002172657476616C00F0
:10B1700064656C7461203C3D2030207C7C206D65D2
:10B180006D5F6C696E6B5F72782E71756F74615F45
:10B19000706475203C20282833202B2030202B2061
:10B1A0003129202B2028312929000000636F6E6E81
:10B1B0005F6C6C6C0000000021636F6E6E5F6C6CE6
:10B1C0006C2D3E6C696E6B5F74785F6672656500AE
:10B1D0006D656D715F6C696E6B00000072782D3E5D
:10B1E0006864722E7479706520213D204E4F44456D
:10B1F0005F52585F545950455F4E4F4E4500000016
:10B200002163632D3E7374617475730072785F6699
:10B210007265652D3E6864722E7479706520213DDB
:10B22000204E4F44455F52585F545950455F4E4F32
:10B230004E45000021636F6E6E2D3E6C6C6C2E6C63
:10B24000696E6B5F74785F66726565002172657404
:10B25000000000006C6F6F700000000057455354F1
:10B260005F544F504449522F7A65706879722F733A
:10B2700075627379732F626C7565746F6F74682F64
:10B28000636F6E74726F6C6C65722F6C6C5F73772A
:10B290002F6C6C6C5F636F6D6D6F6E2E63000000C2
:10B2A00021657272207C7C20657272203D3D202DCC
:10B2B00031313900574553545F544F504449522F50
:10B2C0007A65706879722F7375627379732F626C07
:10B2D0007565746F6F74682F636F6E74726F6C6CCA
:10B2E00065722F6863692F6863695F647269766548
:10B2F000722E63004C4C20696E697469616C697AC6
:10B300006174696F6E206661696C65643A202564BA
:10B310000000000042542052582070726900000062
:10B320004254205258000000456D70747920484303
:10B3300049207061636B657400000000556E6B6E90
:10B340006F776E2048434920747970652025750019
:10B3500062745F6863695F636F6E74726F6C6C6553
:10B360007200000062745F63746C725F6863695F8F
:10B3700064726976657200005A6570687972204F50
:10B38000532076342E312E302D72633200000000AF
:10B390004E6F2048434920436F6D6D616E64206895
:10B3A0006561646572000000496E76616C696420B5
:10B3B00048434920434D44207061636B6574206CA1
:10B3C000656E6774680000004E6F20484349204155
:10B3D000434C20686561646572000000496E7661C7
:10B3E0006C6964204843492041434C207061636B81
:10B3F0006574206C656E677468000000496E766144
:10B400006C6964204843492041434C204461746185
:10B41000206C656E677468005478204275666665B6
:10B4200072204F766572666C6F770000496E7661A8
:10B430006C696420547820456E71756575650000EF
:10B44000574553545F544F504449522F7A657068A2
:10B4500079722F7375627379732F626C7565746F6F
:10B460006F74682F636F6E74726F6C6C65722F6887
:10B4700063692F6863692E63000000006164762DA4
:10B480003E74797065203D3D205044555F414456DF
:10B490005F545950455F4449524543545F494E44B7
:10B4A000000000002828282875696E747074725F87
:10B4B00074296E6F6465292025205F5F616C696760
:10B4C0006E6F6628737472756374206E6F64655F47
:10B4D00072785F63632929203D3D203029000000F8
:10B4E0002828282875696E747074725F74296E6FCD
:10B4F0006465292025205F5F616C69676E6F66282F
:10B50000737472756374206E6F64655F72785F63C5
:10B51000752929203D3D20302900000068616E64B6
:10B520006C653A203078253034782C20737461743F
:10B5300075733A2025782C2074783A2025782C20B1
:10B5400072783A2025782E00747970653A20307828
:10B55000253032780000000072656A656374206FE0
:10B5600070636F64653A20307825303278000000CF
:10B5700002000000000000000000000000000000C9
:10B5800000000103030303030300000062745F6310
:10B59000746C725F68636900574553545F544F5031
:10B5A0004449522F7A65706879722F737562737986
:10B5B000732F626C7565746F6F74682F636F6E7430
:10B5C000726F6C6C65722F6C6C5F73772F756C6C1F
:10B5D0005F6164762E63000068616E646C65203C78
:10B5E0002031000028726574203D3D203029207CE8
:10B5F0007C2028726574203D3D2032290000000027
:10B600006164762D3E6C696E6B5F63635F66726525
:10B61000650000006164762D3E6E6F64655F727830
:10B620005F63635F66726565000000002168647295
:10B630002D3E64697361626C65645F636200000043
:10B64000737461747573203D3D2030207C7C2070C4
:10B650006172616D203D3D20756C6C5F6469736142
:10B66000626C655F6D61726B5F6765742829207C11
:10B670007C2028636F6E6E65637461626C65202642
:10B680002620216164762D3E6C6C6C2E636F6E6E8D
:10B6900029207C7C20300000216C6C6C2D3E6C6974
:10B6A0006E6B5F74785F6672656500006D61726BCA
:10B6B000203D3D206164760021657272207C7C20F3
:10B6C00028657272203D3D202D3132302900000066
:10B6D0007265660028726574203D3D203029207C0B
:10B6E0007C2028726574203D3D203229207C7C20FE
:10B6F0002866705F6F705F66756E63203D3D202821
:10B7000028766F6964202A29302929007064752DF4
:10B710003E6C656E203E3D205F5F6275696C7469AA
:10B720006E5F6F66667365746F66202873747275DA
:10B730006374207064755F6164765F6164765F69CD
:10B740006E642C20646174612900000057455354D5
:10B750005F544F504449522F7A65706879722F7345
:10B7600075627379732F626C7565746F6F74682F6F
:10B77000636F6E74726F6C6C65722F6C6C5F737735
:10B780002F756C6C5F7363616E2E6300657272203F
:10B790003D3D2030207C7C20657272203D3D202D77
:10B7A0003132300009706172616D313A20257520A7
:10B7B000706172616D323A2025750A005745535405
:10B7C0005F544F504449522F7A65706879722F73D5
:10B7D00075627379732F626C7565746F6F74682FFF
:10B7E000636F6E74726F6C6C65722F6C6C5F7377C5
:10B7F0002F756C6C5F636F6E6E2E630074785F6282
:10B800007566000072782D3E6864722E6C696E6BEE
:10B8100000000000737461747573203D3D2030009A
:10B82000737461747573203D3D2030207C7C2070E2
:10B830006172616D203D3D20756C6C5F7570646157
:10B8400074655F6D61726B5F6765742829207C7C0D
:10B8500020706172616D203D3D20756C6C5F646984
:10B860007361626C655F6D61726B5F6765742829D7
:10B870000000000070203D3D20706172616D00008D
:10B88000287469636B65725F737461747573203DAE
:10B890003D203029207C7C20287469636B65725FB1
:10B8A000737461747573203D3D20322900000000DF
:10B8B000636F6E6E2D3E6C6C6C2E68616E646C6591
:10B8C00020213D20307846464646000028746963B2
:10B8D0006B65725F737461747573203D3D20302910
:10B8E000207C7C20287469636B65725F737461745B
:10B8F0007573203D3D203229207C7C202828766FDE
:10B900006964202A29636F6E6E5F6C6C203D3D2058
:10B91000756C6C5F64697361626C655F6D61726B9D
:10B920005F676574282929006C6C6C5F747800006F
:10B930007064755F74782D3E6C656E00216C696E65
:10B940006B2D3E6E6578740062745F63746C725F19
:10B95000756C6C5F636F6E6E00000000574553544A
:10B960005F544F504449522F7A65706879722F7333
:10B9700075627379732F626C7565746F6F74682F5D
:10B98000636F6E74726F6C6C65722F6C6C5F737723
:10B990002F756C6C5F6C6C63705F656E632E6300FB
:10B9A0006E746600574553545F544F504449522FAC
:10B9B0007A65706879722F7375627379732F626C10
:10B9C0007565746F6F74682F636F6E74726F6C6CD3
:10B9D00065722F6C6C5F73772F756C6C5F6C6C632A
:10B9E000705F7068792E63006E74662D3E686472B5
:10B9F0002E74797065203D3D204E4F44455F52586E
:10BA00005F545950455F52455441494E0000000073
:10BA10006374782D3E6E6F64655F7265662E747810
:10BA200000000000636F6E6E2D3E6C6C6C2E726FAA
:10BA30006C65203D3D20307830310000574553542F
:10BA40005F544F504449522F7A65706879722F7352
:10BA500075627379732F626C7565746F6F74682F7C
:10BA6000636F6E74726F6C6C65722F6C6C5F737742
:10BA70002F756C6C5F6C6C63702E63006374782D33
:10BA80003E6F776E657200006374782D3E6E6F6452
:10BA9000655F7265662E727800000000637478003E
:10BAA0006D5601007D5601008D5601009D56010026
:10BAB0000000000000000000AD56010055570100D5
:10BAC000BD560100000000006557010000000000A5
:10BAD000CD5601007557010000000000DD56010041
:10BAE00085570100ED56010095570100A55701004B
:10BAF00000000000B5570100C5570100D5570100EF
:10BB0000FD560100000000000000000000000000E1
:10BB10000000000000000000455701005745535445
:10BB20005F544F504449522F7A65706879722F7371
:10BB300075627379732F626C7565746F6F74682F9B
:10BB4000636F6E74726F6C6C65722F6C6C5F737761
:10BB50002F756C6C5F6C6C63705F636F6D6D6F6E77
:10BB60002E6300006374782D3E70726F63203D3D3C
:10BB70002050524F435F5445524D494E4154450069
:10BB8000574553545F544F504449522F7A6570685B
:10BB900079722F7375627379732F626C7565746F28
:10BBA0006F74682F636F6E74726F6C6C65722F6C3C
:10BBB0006C5F73772F756C6C5F6C6C63705F6C6F10
:10BBC00063616C2E6300000063747820213D20289F
:10BBD00028766F6964202A29302900006374785F11
:10BBE000686561646572203D3D20637478000000E3
:10BBF0006374782D3E6E6F64655F7265662E727831
:10BC0000203D3D202828766F6964202A293029208C
:10BC10007C7C206374782D3E6E6F64655F72656610
:10BC20002E72782D3E6864722E7479706520213DE5
:10BC3000204E4F44455F52585F545950455F52451E
:10BC40005441494E00000000574553545F544F5033
:10BC50004449522F7A65706879722F7375627379CF
:10BC6000732F626C7565746F6F74682F636F6E7479
:10BC7000726F6C6C65722F6C6C5F73772F756C6C68
:10BC80005F6C6C63705F636F6E6E5F7570642E6364
:10BC9000000000006374782D3E6E6F64655F72650E
:10BCA000662E7278203D3D202828766F6964202A10
:10BCB00029302900574553545F544F504449522F5F
:10BCC0007A65706879722F7375627379732F626CFD
:10BCD0007565746F6F74682F636F6E74726F6C6CC0
:10BCE00065722F6C6C5F73772F756C6C5F6C6C6317
:10BCF000705F63686D752E630000000057455354F4
:10BD00005F544F504449522F7A65706879722F738F
:10BD100075627379732F626C7565746F6F74682FB9
:10BD2000636F6E74726F6C6C65722F6C6C5F73777F
:10BD30002F756C6C5F6C6C63705F72656D6F746592
:10BD40002E63000008020B020A0305020000000037
:10BD500000000000020200000602000004030000D0
:10BD600000000903000000000103000000000000C3
:10BD70000703000000000000000000005745535476
:10BD80005F544F504449522F7A65706879722F730F
:10BD900075627379732F626C7565746F6F74682F39
:10BDA000636F6E74726F6C6C65722F6C6C5F7377FF
:10BDB0002F756C6C5F7065726970686572616C2E4E
:10BDC000630000007469636B65725F7374617475FE
:10BDD00073203D3D20300000737461747573202121
:10BDE0003D2031207C7C20706172616D203D3D20C2
:10BDF000756C6C5F64697361626C655F6D61726BB9
:10BE00005F6765742829000062745F63746C725FF9
:10BE100063727970746F0000574553545F544F50EC
:10BE20004449522F7A65706879722F7375627379FD
:10BE3000732F626C7565746F6F74682F636F6E74A7
:10BE4000726F6C6C65722F6C6C5F73772F6E6F7294
:10BE50006469632F6C6C6C2F6C6C6C2E630000003B
:10BE6000707265656D70745F726571203D3D207004
:10BE70007265656D70745F61636B000070726565FB
:10BE80006D70745F73746172745F72657120213DAF
:10BE900020707265656D70745F73746172745F6138
:10BEA000636B0000707265656D70745F73746F70A2
:10BEB0005F72657120213D20707265656D70745FE1
:10BEC00073746F705F61636B000000007072656572
:10BED0006D70745F72657120213D20707265656DB3
:10BEE00070745F61636B0000707265656D70745F84
:10BEF00061636B20213D20707265656D70745F72A7
:10BF00006571000072656164792D3E7072657061C3
:10BF100072655F706172616D2E706172616D203D3E
:10BF20003D20706172616D006974657200000000EF
:10BF3000657272203D3D202D3134300021706172D8
:10BF4000616D000021706172616D207C7C206E65E6
:10BF5000787400006576656E742E637572722E615A
:10BF6000626F72745F6362006576646F6E65000075
:10BF7000657272203E3D2030000000006E657874CE
:10BF800000000000217265616479207C7C202672AB
:10BF9000656164792D3E707265706172655F706174
:10BFA00072616D203D3D20707265706172655F70D9
:10BFB0006172616D00000000F401FA0096006400F7
:10BFC0004B0032001E001400574553545F544F502D
:10BFD0004449522F7A65706879722F73756273794C
:10BFE000732F626C7565746F6F74682F636F6E74F6
:10BFF000726F6C6C65722F6C6C5F73772F6E6F72E3
:10C000006469632F6C6C6C2F6C6C6C5F6164762E52
:10C01000630000006E6F64655F7278002172616476
:10C02000696F5F69735F7265616479282900000038
:10C03000700000006368616E0000000070647500AD
:10C040007363616E5F706475000000000925733AC8
:10C050002041637475616C204556454E545F4F56C0
:10C060004552484541445F53544152545F55532013
:10C070003D2025750A000000707265706172655F71
:10C0800063620000574553545F544F504449522F48
:10C090007A65706879722F7375627379732F626C29
:10C0A0007565746F6F74682F636F6E74726F6C6CEC
:10C0B00065722F6C6C5F73772F6E6F726469632F7C
:10C0C0006C6C6C2F6C6C6C5F7363616E2E63000024
:10C0D000636F6D6D6F6E5F707265706172655F63C7
:10C0E00062000000574553545F544F504449522F4B
:10C0F0007A65706879722F7375627379732F626CC9
:10C100007565746F6F74682F636F6E74726F6C6C8B
:10C1100065722F6C6C5F73772F6E6F726469632F1B
:10C120006C6C6C2F6C6C6C5F636F6E6E2E630000BA
:10C1300021726164696F5F69735F616464726573C2
:10C1400073282900646F6E65000000006C6C6C2D14
:10C150003E68616E646C6520213D2030784646461D
:10C1600046000000574553545F544F504449522FE6
:10C170007A65706879722F7375627379732F626C48
:10C180007565746F6F74682F636F6E74726F6C6C0B
:10C1900065722F6C6C5F73772F6E6F726469632F9B
:10C1A0006C6C6C2F6C6C6C5F70657269706865721A
:10C1B000616C2E6300000000707265706172655FD3
:10C1C00063620000574553545F544F504449522F07
:10C1D0007A65706879722F7375627379732F626CE8
:10C1E0007565746F6F74682F636F6E74726F6C6CAB
:10C1F00065722F6C6C5F73772F6E6F726469632F3B
:10C2000068616C2F6E7266352F636E74722E6300D8
:10C210005F726566636F756E740000005745535416
:10C220005F544F504449522F7A65706879722F736A
:10C2300075627379732F626C7565746F6F74682F94
:10C24000636F6E74726F6C6C65722F6C6C5F73775A
:10C250002F6E6F726469632F68616C2F6E72663522
:10C260002F6D6179666C792E630000005745535439
:10C270005F544F504449522F7A65706879722F731A
:10C2800075627379732F626C7565746F6F74682F44
:10C29000636F6E74726F6C6C65722F6C6C5F73770A
:10C2A0002F6E6F726469632F68616C2F6E726635D2
:10C2B0002F7469636B65722E63000000757365727D
:10C2C0005F6964203C2073697A656F662863616CDE
:10C2D0006C65725F69645F6C7574290063616C6C76
:10C2E00065725F696420213D203000000103040570
:10C2F000574553545F544F504449522F7A657068E4
:10C3000079722F7375627379732F626C7565746FB0
:10C310006F74682F636F6E74726F6C6C65722F6CC4
:10C320006C5F73772F6E6F726469632F68616C2F17
:10C330006E7266352F6563622E63000075C0010062
:10C3400031D8010001D801000000000089D90100A6
:10C3500075D8010085EB0200099302000F930200DB
:10C360008BEB0200FFFF0000000300500000000004
:10C37000010000000060004000000000BCF801FF68
:10C3800000000050000000000000000000600040BD
:10C3900000000000040000009CC3020050A5020041
:10C3A0000D00010050A502000E00010050A5020082
:10C3B0000F00010050A50200100001000100000064
:10C3C000C4C30200C8A5020000000000002D310116
:10C3D0000100000000C0014000000000000000005B
:10C3E000000000000000000000000000000000004D
:10C3F00000040000E803020101010000CA4B002014
:10C4000004000000000000000000000014C402004E
:10C410000024F40000C0014020C40200010000001C
:10C4200028C40200020000000D0000160E000017D4
:10C4300000200040010000000000000050C4020085
:10C440000000D60100000000515100205051002092
:10C45000002000405CC402000100000064C402002F
:10C4600004000000060000000500000208060001AC
:10C4700007060003FBED020009EE02001DEE0200BC
:10C480002CEE020038EE020070A4020070A402003C
:10C49000D0A40200E0A4020028A5020028A5020002
:10C4A0000020202020202020202028282828282084
:10C4B000202020202020202020202020202020207C
:10C4C00020881010101010101010101010101010E4
:10C4D00010040404040404040404041010101010D4
:10C4E000101041414141414101010101010101019E
:10C4F00001010101010101010101010110101010F0
:10C50000101042424242424202020202020202026F
:10C5100002020202020202020202020210101010C3
:10C5200020000000000000000000000000000000EB
:10C5300000000000000000000000000000000000FB
:10C5400000000000000000000000000000000000EB
:10C5500000000000000000000000000000000000DB
:10C5600000000000000000000000000000000000CB
:10C5700000000000000000000000000000000000BB
:10C5800000000000000000000000000000000000AB
:10C59000000000000000000000000000000000009B
:10C5A00000000000494E4600696E66004E414E0094
:10C5B0006E616E003031323334353637383961626E
:10C5C000636465660000000030313233343536373D
:10C5D000383941424344454600000000286E756CDE
:10C5E0006C29000030303030303030303030303076
:10C5F00030303030202020202020202020202020FB
:10C6000020202020496E66696E6974790000000060
:10C610004E614E0042616C6C6F632073756363659D
:10C6200065646564000000002F566F6C756D65735E
:10C630002F576F726B73706163652F6275696C64DD
:10C640002F2E6275696C642F61726D2D7A6570682A
:10C6500079722D656162692F7372632F6E65776CD5
:10C6600069622F6E65776C69622F6C6962632F73E4
:10C6700074646C69622F64746F612E630000000043
:10C680002F566F6C756D65732F576F726B7370617A
:10C6900063652F6275696C642F2E6275696C642FF7
:10C6A00061726D2D7A65706879722D656162692F8E
:10C6B0007372632F6E65776C69622F6E65776C6934
:10C6C000622F6C6962632F7374646C69622F6D7082
:10C6D0007265632E63000000050000001900000071
:10C6E0007D0000002C2066756E6374696F6E3A20C1
:10C6F00000000000617373657274696F6E202225FB
:10C700007322206661696C65643A2066696C6520F5
:10C71000222573222C206C696E65202564257325E3
:10C72000730A000043000000504F534958000000B6
:10C730002E0000003030303030303030303030308B
:10C7400030303030202020202020202020202020A9
:10C7500020202020000002290000052A0000052AD0
:10C760000000032800000118000000280000042A2F
:10C770000000042A000003280000012A0000012A0A
:10C78000000003280000002A0000002A00000328FF
:10C790000000001800000028686572650A00426CFD
:10C7A0007565746F6F746820696E6974206661695D
:10C7B0006C65642028657272202564290A00426C29
:10C7C0007565746F6F746820696E697469616C69EE
:10C7D0007A65640A00426C7565746F6F74682041F5
:10C7E00064766572746973657220546872656164F9
:10C7F00020737461727465642E0A004164766572F8
:10C800007469736572207265636569766564206E0C
:10C8100065772069426561636F6E20646174612091
:10C8200066726F6D2071756575652E0A00416476BC
:10C830006572746973696E67206661696C656420EE
:10C84000746F2073746F70202865727220256429BC
:10C850000A0050726576696F75732061647665723F
:10C86000746973696E672073746F707065642E0AE3
:10C87000004164766572746973696E6720666169E8
:10C880006C656420746F2073746172742028657203
:10C8900072202564290A004164766572746973699F
:10C8A0006E672075706461746564206942656163B8
:10C8B0006F6E202846696C6C284D616A6F72293A48
:10C8C0002025752C20436C617373284D696E6F723F
:10C8D000293A202575292E0A004661696C65642075
:10C8E000746F2067657420646174612066726F6D77
:10C8F0002069426561636F6E206D65737361676562
:10C900002071756575652E0A001615EE186B01EC21
:10C910004B96ADBCB96D166E69005374617274208C
:10C920007363616E6E696E67206661696C65642011
:10C9300028657272202564290A0053746172746537
:10C9400064207363616E6E696E672E2E2E0A00700E
:10C9500075626C69630072616E646F6D0070756200
:10C960006C69632D69640072616E646F6D2D69641A
:10C9700000253032583A253032583A253032583A6C
:10C98000253032583A253032583A2530325820284E
:10C9900025732900427574746F6E2064657669632F
:10C9A00065206E6F74207265616479210A00766F6C
:10C9B0006320726561636865640A0070726F636505
:10C9C0007373656420636C617373203D2025640A72
:10C9D000001615EE186B01EC4B96ADBCB96D166EDA
:10C9E0006652696E67206275666665722066756C50
:10C9F0006C2C207468726F74746C696E6720525866
:10CA0000004661696C656420746F20726561642002
:10CA100055415254204649464F0044726F7070652C
:10CA20006420257520627974657320696E207269AF
:10CA30006E67206275666665720055415254202DFE
:10CA40003E2072696E676275663A202564206279BD
:10CA500074657300554152542050726F636573734F
:10CA6000696E6720546872656164207374617274C2
:10CA700065642E0A004572726F723A204C696E65C9
:10CA800020627566666572206F766572666C6F7778
:10CA90002E20526573657474696E672E0A00507299
:10CAA0006F63657373696E67206C696E653A2022E7
:10CAB0002573220A002C002D20436C6173733A20E9
:10CAC000272573270A004661696C656420746F200E
:10CAD00070757420636C6173735F696420256420D2
:10CAE000696E746F20636C617373696669636174E6
:10CAF000696F6E2071756575650A004164646564CF
:10CB000020636C6173735F696420256420746F20F7
:10CB1000636C617373696669636174696F6E2071B8
:10CB2000756575650A0053656E7420746F204A65DB
:10CB300074736F6E3A20257300434C4153533A256A
:10CB4000640D0A0046494C4C3A25640A00434443AC
:10CB50002041434D20646576696365206E6F7420C3
:10CB60007265616479004661696C656420746F2048
:10CB7000656E61626C65205553423A20256400570A
:10CB8000616974696E6720666F72204454522E2E5C
:10CB90002E00445452206465746563746564202DCE
:10CBA00020636F6E6E656374696F6E206573746168
:10CBB000626C6973686564004661696C65642074C1
:10CBC0006F20736574204443443A20256400466115
:10CBD000696C656420746F20736574204453523A05
:10CBE0002025640053657269616C20636F6D6D75FB
:10CBF0006E69636174696F6E20696E697469616CD6
:10CC0000697A6564207375636365737366756C6CAC
:10CC100079004E52465F52454144590D0A007561F4
:10CC200072745F636F6D6D00726563656976655FD1
:10CC3000706F736974696F6E5F74696400475049FF
:10CC40004F30206E6F742072656164790A007361E1
:10CC50006D706C655F66696C6C5F6C6576656C5F4A
:10CC60007469640028756E7369676E656429206352
:10CC7000686172202A207573656420666F722025B2
:10CC8000257020617267756D656E742E204974275A
:10CC900073207265636F6D6D656E64656420746F7B
:10CCA000206361737420697420746F20766F6964E7
:10CCB000202A2062656361757365206974206D6147
:10CCC00079206361757365206D697362656861764B
:10CCD000696F7220696E206365727461696E20638A
:10CCE0006F6E66696775726174696F6E732E20531B
:10CCF0007472696E673A2225732220617267756DBE
:10CD0000656E743A25640063627072696E74665F62
:10CD10007061636B61676500286E696C29006C6FD8
:10CD20006767696E67006C6F67006C6F675F6D6740
:10CD30006D74004D65737361676520282225732229
:10CD4000292064726F707065642062656361757319
:10CD50006520697420657863656564732073697AFA
:10CD600065206C696D69746174696F6E2028257522
:10CD700029004D6573736167652064726F7070651B
:10CD800064206265636175736520697420657863EA
:10CD9000656564732073697A65206C696D69746177
:10CDA00074696F6E2028257529001B5B306D002586
:10CDB0007320005B2530386C755D20005B253032B8
:10CDC000753A253032753A253032752E2530337557
:10CDD0002C253033755D200025732F003C25733ED4
:10CDE000200025733A2000253032782000202020B2
:10CDF000007C00256300206D657373616765732097
:10CE000064726F70706564202D2D2D0D0A1B5B30D0
:10CE10006D001B5B313B33316D2D2D2D20001B5BD5
:10CE2000313B33316D001B5B313B33336D00657239
:10CE3000720077726E00696E6600646267006C6FE4
:10CE4000675F6261636B656E645F727474006C6FC0
:10CE5000675F6261636B656E645F75617274006CBD
:10CE60006F675F7561727400456E64706F696E7490
:10CE70002030782530327820697320696E76616CB5
:10CE80006964004661696C656420746F206469732D
:10CE900061626C6520656E64706F696E74203078B5
:10CEA00025303278004661696C656420746F2063B8
:10CEB0006F6E66696775726520656E64706F696E06
:10CEC0007420307825303278004661696C656420C2
:10CED000746F20656E61626C6520656E64706F6949
:10CEE0006E74203078253032780052657175657324
:10CEF000742062756666657220746F6F20736D6151
:10CF00006C6C004661696C656420746F20636F6EA1
:10CF1000666967757265205553422064657669635A
:10CF20006520737461636B004572726F6E656F7517
:10CF300073206465766963652064657363726970E4
:10CF4000746F72206F7220624D61785061636B65FF
:10CF50007453697A6530007573625F6465766963DE
:10CF60006500303132333435363738394142434445
:10CF70004546005468657265206973206E6F2075A0
:10CF800073625F6366675F6461746120666F7220BD
:10CF9000257000556E696E697469616C697A6564A3
:10CFA000207573625F6366675F6461746120706F90
:10CFB000696E7465722C20636F727275707465642B
:10CFC0002064657669636520646573637269707453
:10CFD0006F723F004661696C656420746F207661F2
:10CFE0006C696461746520656E64706F696E7473DA
:10CFF00000496E636F6D706C657465206465766959
:10D0000063652064657363726970746F7200466152
:10D01000696C656420746F2066697875702055535B
:10D02000422064657363726970746F720075736215
:10D030005F64657363726970746F72005472616EBD
:10D0400073666572206572726F722025642C20658C
:10D050007020307825303278005258206461746135
:10D06000206C6F73742C206E6F207472616E736607
:10D070006572004E6F207472616E73666572207304
:10D080006C6F7420617661696C61626C650041202F
:10D090007472616E7366657220697320616C72656B
:10D0A000616479206F6E676F696E672C20657020F0
:10D0B000307825303278007573625F7472616E73F8
:10D0C00066657200446576696365206461746120F9
:10D0D0006E6F7420666F756E6420666F7220636673
:10D0E000672025700052696E6720627566666572FA
:10D0F0002066756C6C2C20646973636172642064B3
:10D1000061746100446576696365206461746120BF
:10D110006E6F7420666F756E6420666F7220656E28
:10D1200064706F696E742025750044657669636567
:10D130002064617461206E6F7420666F756E642068
:10D14000666F7220696E746572666163652025750D
:10D150000052696E67206275666665722066756C3E
:10D160006C2C2064726F7020257A6420627974655B
:10D17000730044657669636520636F6E66696775E1
:10D180007265640044657669636520646973636FE2
:10D190006E6E6563746564004465766963652073CB
:10D1A000757370656E6465640044657669636520B7
:10D1B000726573756D65640066726F6D207375734B
:10D1C00070656E64005A657068797220555342200C
:10D1D0004344432D41434D007573625F6364635F55
:10D1E00061636D00757362776F726B710072302FBF
:10D1F00061313A2020307825303878202072312F64
:10D2000061323A2020307825303878202072322F51
:10D2100061333A20203078253038780072332F611E
:10D22000343A2020307825303878207231322F6916
:10D23000703A2020307825303878207231342F6CC5
:10D24000723A202030782530387800207870737258
:10D250003A2020307825303878004661756C746942
:10D260006E6720696E737472756374696F6E206186
:10D2700064647265737320287231352F7063293AA4
:10D280002030782530387800556E68616E646C65A2
:10D2900064204952516E3A202564002A2A2A2A2AFB
:10D2A00020425553204641554C54202A2A2A2A2AE6
:10D2B000002020537461636B696E67206572726F22
:10D2C00072002020556E737461636B696E67206510
:10D2D00072726F72002020507265636973652064FA
:10D2E00061746120627573206572726F7200202014
:10D2F0004246415220416464726573733A2030782B
:10D300002578002020496D7072656369736520641B
:10D3100061746120627573206572726F72002020E3
:10D32000496E737472756374696F6E2062757320D1
:10D330006572726F72002020466C6F6174696E674F
:10D340002D706F696E74206C617A792073746174CA
:10D350006520707265736572766174696F6E2065A1
:10D3600072726F72002A2A2A2A2A20555341474591
:10D37000204641554C54202A2A2A2A2A002020449B
:10D3800069766973696F6E206279207A65726F00C1
:10D390002020556E616C69676E6564206D656D6FE8
:10D3A0007279206163636573730020204E6F206380
:10D3B0006F70726F636573736F7220696E737472CE
:10D3C000756374696F6E73002020496C6C656761CA
:10D3D0006C206C6F6164206F66204558435F524536
:10D3E0005455524E20696E746F20504300202049DE
:10D3F0006C6C6567616C20757365206F662074685E
:10D40000652045505352002020417474656D70743E
:10D4100020746F206578656375746520756E64652A
:10D4200066696E656420696E737472756374696F82
:10D430006E002A2A2A2A2A204D5055204641554C52
:10D4400054202A2A2A2A2A002020537461636B69F7
:10D450006E67206572726F722028636F6E746578D4
:10D46000742061726561206D69676874206265204F
:10D470006E6F742076616C696429002020446174A9
:10D4800061204163636573732056696F6C617469D1
:10D490006F6E0020204D4D464152204164647265FC
:10D4A00073733A2030782578002020496E737472A7
:10D4B000756374696F6E2041636365737320566989
:10D4C0006F6C6174696F6E00526573657276656426
:10D4D00020457863657074696F6E202800537075FD
:10D4E00072696F757320696E7465727275707420DD
:10D4F000284952512000535053454C20696E2074E6
:10D500006872656164206D6F646520646F65732067
:10D510006E6F7420696E6469636174652050535046
:10D52000002A2A2A2A2A2048415244204641554CA2
:10D5300054202A2A2A2A2A00202042757320666154
:10D54000756C74206F6E20766563746F72207461E1
:10D55000626C6520726561640020204465627567B5
:10D56000206576656E740020204661756C742065B8
:10D570007363616C6174696F6E20287365652062E6
:10D58000656C6F772900415243485F4558434550C9
:10D5900054207769746820726561736F6E202578F6
:10D5A0000A002A2A2A2A2A204465627567206D6F9C
:10D5B0006E69746F7220657863657074696F6E2030
:10D5C0002A2A2A2A2A002A2A2A2A2A2025732025BA
:10D5D0006429202A2A2A2A2A006D7075004661696A
:10D5E0006C656420746F20616C6C6F63617465207E
:10D5F0006E6577204D505520726567696F6E2025E6
:10D60000750A00506172746974696F6E2025753AED
:10D610002073616E69747920636865636B2066614D
:10D62000696C65642E00464C4153485F300053528C
:10D63000414D5F300061626F727428290A006E6587
:10D64000745F627566006E65745F6275665F7369AC
:10D650006D706C6500000001000000736F630000D6
:10D66000FFFFFFFFFFFF00000000000000FFFFFFC3
:10D67000FFFFFF0000000000003031323334353648
:10D680003738396162636465660002FB349B5F80F2
:10D69000000080001000000000000062745F6275EE
:10D6A000660062745F646174610044617461206249
:10D6B0007566666572206F766572666C6F77202876
:10D6C0006C696E6B20747970652030782530327803
:10D6D0002900556E61626C6520746F206C6F6F6BF2
:10D6E00020757020636F6E6E2077697468206861A2
:10D6F0006E646C6520257500556E61626C652074E2
:10D700006F206C6F6F6B757020636F6E6E20666F2D
:10D71000722068616E646C652025750048617264D2
:10D7200077617265206572726F722C206861726415
:10D730007761726520636F64653A20256400436FEA
:10D74000756C64206E6F74207375626D69742072DD
:10D75000785F776F726B3A20256400556E61626C5A
:10D760006520746F20616C6C6F63617465206275F5
:10D770006666657200556E68616E646C65642065EE
:10D7800076656E7420307825303278206C656E2096
:10D7900025753A202573004E6F2070656E64696EA2
:10D7A00067207065726970686572616C20636F6E66
:10D7B0006E656374696F6E00556E6578706563742D
:10D7C0006564207374617475732030782530327805
:10D7D00020257300546F6F20736D616C6C202825B9
:10D7E0007520627974657329206576656E742030C2
:10D7F000782530327800496E76616C696420484340
:10D80000492041434C207061636B65742073697AD1
:10D810006520282575290041434C206461746120EE
:10D820006C656E677468206D69736D6174636820E0
:10D8300028257520213D2025752900556E61626CD3
:10D840006520746F2066696E6420636F6E6E20665B
:10D850006F722068616E646C6520257500496E7674
:10D86000616C696420484349206576656E74207355
:10D87000697A65202825752900574553545F544F10
:10D88000504449522F7A65706879722F73756273AC
:10D8900079732F626C7565746F6F74682F686F731E
:10D8A000742F6863695F636F72652E630062745FD3
:10D8B0006863695F6576745F6765745F666C6167EE
:10D8C00073286864722D3E657674292026202831DD
:10D8D000554C203C3C2028312929004153534552C6
:10D8E00054494F4E204641494C205B25735D2040F2
:10D8F0002025733A25640A00556E6B6E6F776E2093
:10D90000627566207479706520257500556E6861B2
:10D910006E646C65642076656E646F722D737065DD
:10D920006369666963206576656E7420307825309A
:10D930003278206C656E2025753A202573004E6F75
:10D9400020636F6D6D616E642073656E7420666F09
:10D950007220636D6420636F6D706C657465203038
:10D960007825303478004F70436F64652030782517
:10D9700030347820636F6D706C6574656420696EF7
:10D980007374656164206F66206578706563746583
:10D99000642030782530347800657674206E756D9B
:10D9A0005F68616E646C657320283D25752920745D
:10D9B0006F6F206C6172676520282575203E2025D9
:10D9C0007529004E6F20636F6E6E656374696F6EAC
:10D9D00020666F722068616E646C6520257500702A
:10D9E00061636B65747320636F756E74206D69730A
:10D9F0006D6174636800696E74657276616C206530
:10DA0000786365656473207468652076616C696409
:10DA10002072616E676520307825303478006C6143
:10DA200074656E63792065786365656473207468D6
:10DA3000652076616C69642072616E67652030785C
:10DA40002530347800737570765F74696D656F7515
:10DA500074206578636565647320746865207661F9
:10DA60006C69642072616E67652030782530347887
:10DA700000756E6B6E6F776E006576745F666C61B5
:10DA800067732026202831554C203C3C2028302923
:10DA90002900496E76616C6964206275662074792C
:10DAA0007065202575005B305D004964656E7469A2
:10DAB000747925733A202573004964656E7469741E
:10DAC000795B25645D3A202573004843493A207606
:10DAD000657273696F6E2025732028307825303287
:10DAE0007829207265766973696F6E2030782530E9
:10DAF00034782C206D616E75666163747572657221
:10DB000020307825303478004C4D503A20766572BC
:10DB100073696F6E2025732028307825303278297C
:10DB20002073756276657220307825303478005520
:10DB30006E61626C6520746F2073656E6420746F13
:10DB400020647269766572202865727220256429C6
:10DB500000556E636C65617265642070656E646902
:10DB60006E672073656E745F636D640073756363C5
:10DB70006573730009636F6D6D616E64206F706310
:10DB80006F6465203078253034782074696D656F56
:10DB900075740A00657272203D3D20300009436FA4
:10DBA0006E74726F6C6C657220756E726573706FD7
:10DBB0006E736976652C20636F6D6D616E64206F86
:10DBC00070636F6465203078253034782074696D17
:10DBD000656F75742077697468206572722025649A
:10DBE0000A006F70636F64652030782530347820C8
:10DBF0007374617475732030782530327820257302
:10DC0000004E6F6E2D4C452063617061626C652023
:10DC1000636F6E74726F6C6C65722064657465639B
:10DC2000746564210041434C2042522F45445220E8
:10DC300062756666657273206E6F7420696E6974B2
:10DC400069616C697A65640056656E646F7220481C
:10DC5000434920657874656E73696F6E73206E6FCB
:10DC60007420617661696C61626C65004857205070
:10DC70006C6174666F726D3A2025732028307825A8
:10DC8000303478290048572056617269616E743AC1
:10DC90002025732028307825303478290046697291
:10DCA0006D776172653A20257320283078253032EF
:10DCB00078292056657273696F6E2025752E25753B
:10DCC000204275696C64202575004661696C656445
:10DCD00020746F207265616420737570706F727448
:10DCE00065642076656E646F7220636F6D6D616E22
:10DCF0006473004661696C656420746F20726561AD
:10DD00006420737570706F727465642076656E64DC
:10DD10006F722066656174757265730048434920AF
:10DD2000647269766572206973206E6F7420726503
:10DD300061647900425420525820575100484349A9
:10DD400020647269766572206F70656E2066616905
:10DD50006C65642028256429004E6F2070656E6410
:10DD6000696E6720636F6E6E20666F7220706565E6
:10DD70007220257300556E65787065637465642044
:10DD8000484F53545F4E554D5F434F4D504C455493
:10DD900045445F5041434B4554532C207374617488
:10DDA00075732030782530327820257300312E307D
:10DDB0006200312E3100312E3200322E3000322EF0
:10DDC0003100332E3000342E3000342E3100342E0A
:10DDD0003200352E3000352E3100352E3200352EF2
:10DDE0003300352E3400362E30005374616E64617A
:10DDF000726420426C7565746F6F746820636F6E17
:10DE000074726F6C6C65720056656E646F7220730D
:10DE10007065636966696320636F6E74726F6C6CA2
:10DE20006572004669726D77617265206C6F61641E
:10DE300065720052657363756520696D6167650081
:10DE40007265736572766564006E5246353178008E
:10DE50006E5246353278006E5246353378006E5237
:10DE60004635344878006E524635344C7800496E59
:10DE700074656C20436F72706F726174696F6E00AD
:10DE80004E6F726469632053656D69636F6E64756C
:10DE900063746F72004E58502053656D69636F6EE6
:10DEA000647563746F72730062745F6863695F6343
:10DEB0006F726500574553545F544F504449522F79
:10DEC0007A65706879722F7375627379732F626CDB
:10DED0007565746F6F74682F686F73742F686369EA
:10DEE0005F636F6D6D6F6E2E6300636D6420646998
:10DEF00073616C6C6F776564004F6E6C7920726132
:10DF00006E646F6D20737461746963206964656EFB
:10DF100074697479206164647265737320737570B9
:10DF2000706F7274656400496E76616C6964206913
:10DF30006E70757420706172616D657465727300C6
:10DF40004661696C656420746F207265616420703D
:10DF500075626C69632061646472657373005265F5
:10DF600061642053746174696320416464726573F1
:10DF700073657320636F6D6D616E64206E6F7420C6
:10DF8000617661696C61626C65004661696C6564AB
:10DF900020746F20726561642073746174696320FA
:10DFA000616464726573736573004E6F207374618E
:10DFB000746963206164647265737365732073743C
:10DFC0006F72656420696E20636F6E74726F6C6C23
:10DFD00065720049676E6F72696E67206661696C71
:10DFE00075726520746F2073657420616464726556
:10DFF000737320666F722070617373697665207326
:10E0000063616E20282564290043616E27742073A4
:10E01000657420626F7468204944454E54495459D0
:10E020002026204E52504100556E61626C6520746E
:10E030006F20736574206964656E746974792061FA
:10E0400064647265737300556E61626C6520746FF1
:10E05000207365742072616E646F6D2061646472F8
:10E060006573730062745F696400546F6F20626946
:10E0700067206164766572746973696E6720646194
:10E080007461004661696C656420746F207374610B
:10E09000727420616476657274697365720046619A
:10E0A000696C656420746F2073746F70206164768E
:10E0B0006572746973696E673A20256400436F6EF8
:10E0C00074726F6C6C65722063616E6E6F74207217
:10E0D0006573756D6520636F6E6E65637461626CE8
:10E0E00065206164766572746973696E672028259E
:10E0F00064290062745F61647600556E65787065AE
:10E100006374656420656E64206F66206275666660
:10E11000657200030502000A62745F7363616E003A
:10E120004661696C656420726561642072656D6F1B
:10E13000746520666561747572657320282564298D
:10E14000004661696C6564204C452053657420501D
:10E150004859202825642900556E657870656374D8
:10E160006564206669727374204C324341502066A6
:10E1700072616D6500556E657870656374656420C5
:10E180004C3243415020636F6E74696E75617469DF
:10E190006F6E004E6F7420656E6F756768206275D4
:10E1A0006666657220737061636520666F72204CCD
:10E1B00032434150206461746100556E657870652A
:10E1C000637465642041434C20666C61677320284A
:10E1D000307825303278290041434C206C656E2020
:10E1E0006D69736D6174636820282575203E202554
:10E1F00075290028756E6B6E6F776E29006E6F2023
:10E200007472616E736974696F6E20257300496E54
:10E2100076616C69642028257529206F6C642073F1
:10E220007461746500636F6E6E202570206661698D
:10E230006C656420746F2065737461626C697368C7
:10E240002E205246206E6F6973653F006E6F2076F8
:10E25000616C6964202825752920737461746520B8
:10E260007761732073657400696E636F6D7061749C
:10E2700069626C652068616E646C65202575005468
:10E28000696D656F75742064697363617264656438
:10E290002E204E6F20626C6F636B696E6720696E13
:10E2A0002073797377712E00556E61626C652074EE
:10E2B0006F20616C6C6F6361746520627566666562
:10E2C000722077697468696E2074696D656F757402
:10E2D00000636F6E6E2025703A206E6F7420636F3E
:10E2E0006E6E656374656400466174616C2065726E
:10E2F000726F7220282564292E20446973636F6E23
:10E300006E656374696E6720257000466F756E6474
:10E310002076616C696420636F6E6E656374696FEB
:10E320006E202825702920776974682061646472E2
:10E3300065737320257320696E20257320737461C3
:10E340007465200053656E64204C452070617261D5
:10E350006D20757064617465206661696C65642008
:10E3600028657272202564290053656E64206175EA
:10E37000746F204C4520706172616D20757064610E
:10E380007465206661696C65642028657272202559
:10E39000642900646973636F6E6E6563742D636FC7
:10E3A0006D706C657465007363616E2D6265666F78
:10E3B00072652D696E6974696174696E6700696E52
:10E3C0006974696174696E672D66696C7465722D14
:10E3D0006C697374006164762D636F6E6E6563742F
:10E3E00061626C65006164762D6469722D636F6E85
:10E3F0006E65637461626C6500646973636F6E6EF1
:10E40000656374696E670062745F636F6E6E00555A
:10E410006E61626C6520746F20616C6C6F636174F7
:10E42000652062756666657220666F72206F702067
:10E43000307825303278004E6F20617661696C61EA
:10E44000626C65204C3243415020636F6E74657876
:10E450007420666F7220636F6E6E202570004578A1
:10E4600070656374696E672031207265662C206761
:10E470006F7420256400616C726561647920686145
:10E4800076652076696577206F6E202570004C32A6
:10E49000434150206C656E677468206D69736D61CF
:10E4A0007463682028257520213D202575290049A1
:10E4B0006E76616C6964206964656E742076616C47
:10E4C000756520696E204C32434150205044550000
:10E4D000546F6F20736D616C6C204C4520636F6EC0
:10E4E0006E20706172616D207273700052656A6592
:10E4F0006374696E6720756E6B6E6F776E204C3239
:10E500004341502050445520636F64652030782586
:10E5100030327800546F6F20736D616C6C204C3218
:10E52000434150207369676E616C696E6720504487
:10E530005500546F6F20736D616C6C204C324341F9
:10E5400050205044552072656365697665640049C2
:10E55000676E6F72696E67206461746120666F72A6
:10E5600020756E6B6E6F776E206368616E6E656C82
:10E570002049442030782530347800636F6E666916
:10E58000670062745F6C32636170004E6F20617669
:10E5900061696C61626C652041545420636F6E74D4
:10E5A00065787420666F7220636F6E6E2025700030
:10E5B0004E6F20617661696C61626C6520415454D4
:10E5C000206368616E6E656C20666F7220636F6E8B
:10E5D0006E20257000556E61626C6520746F20633B
:10E5E000726561746520555549443A2073697A65AE
:10E5F00020257500556E61626C6520746F20637212
:10E600006561746520555549443A2073697A6520DF
:10E61000256400415454204D545520657863656548
:10E620006465642C206D61782025752C2077616EDF
:10E6300074656420257A7500415454206368616EC6
:10E640006E656C206E6F7420636F6E6E65637465AB
:10E6500064004572726F72207369676E696E67201D
:10E66000646174610052616E206F7574206F662062
:10E6700054582062756666657273206F7220636FEE
:10E680006E74657874732E00476F74206572722003
:10E6900025642C206E6F742063616C6C696E67203A
:10E6A00041545420636200546F6F20736D616C6C31
:10E6B0002041545420504455207265636569766545
:10E6C0006400556E68616E646C656420415454202A
:10E6D000636F64652030782530327800496E76614A
:10E6E0006C6964206C656E20257520666F722063EE
:10E6F0006F646520307825303278004E6F74206367
:10E700006F6E6E656374656400556E61626C652042
:10E71000746F2066696E6420415454206368616E92
:10E720006E656C004E6F20415454206368616E6EBC
:10E73000656C20666F72204D545520257A75004E09
:10E740006F2070656E64696E672041545420726555
:10E75000717565737400446973636F6E6E6563747D
:10E76000696E67206661696C656420286572722035
:10E77000256429004154542054696D656F757420D7
:10E78000666F72206465766963652025732E204468
:10E790006973636F6E6E656374696E672E2E2E00EB
:10E7A00062745F61747400756E61626C6520746F71
:10E7B00020736176652053433A206E6F206366674D
:10E7C000206C6566740076616C75655F6C656E20A3
:10E7D0006F662025752070726F76696465642066A7
:10E7E0006F72204E554C4C2076616C7565004E6FF3
:10E7F00020737061636520746F2073746F7265207D
:10E80000434343206366670052656164206D65740D
:10E81000686F64206E6F7420736574004661696C64
:10E82000656420746F20726561642061747472691C
:10E8300062757465202570202865727220257A64BF
:10E840002900496E76616C69642072656164206C90
:10E85000656E6774683A20257A64004C696E6B2097
:10E860006973206E6F7420656E637279707465646D
:10E8700000446576696365206973206E6F74207348
:10E8800075627363726962656420746F2063686186
:10E890007261637465726973746963004E6F20629C
:10E8A000756666657220617661696C61626C65206F
:10E8B000746F2073656E6420696E64696361746946
:10E8C0006F6E00434343202570206E6F7420777273
:10E8D000697461626C6500534320726573746F7272
:10E8E0006520696E6469636174696F6E2066616931
:10E8F0006C6564004E6F2062756666657220617695
:10E9000061696C61626C6520746F2073656E642050
:10E910006E6F74696669636174696F6E0062742FEB
:10E920006363630062745F67617474004E6F20619B
:10E930007661696C61626C6520534D5020636F6E27
:10E940007465787420666F7220636F6E6E20257018
:10E950000062745F736D7000757362645F776F72CD
:10E960006B710055534244206576656E7420616C6E
:10E970006C6F636174696F6E206661696C65642198
:10E980000055534244206576656E74206D656D6F49
:10E99000727920636F7272757074656400556E6B66
:10E9A0006E6F776E2055534220706F7765722065C9
:10E9B00076656E74202564006E6F742061747461D6
:10E9C000636865642C2045502030782530327820EB
:10E9D0006576656E742064726F70706564006E5247
:10E9E000462055534244207472616E7366657220EE
:10E9F0006572726F7220284F5554293A203078255D
:10EA0000303278004661696C656420746F20616CF7
:10EA10006C6F6320657674005553424420657665BB
:10EA20006E742071756575652066756C6C21005576
:10EA30006E6B6E6F776E2055534244206576656E1F
:10EA4000743A2025686400556E6578706563746556
:10EA500064206576656E7420286E7266785F7573C3
:10EA60006264293A2025642C206570203078253096
:10EA70003278005F65705F7374617475735F67658A
:10EA800074206661696C65642120436F64653A2077
:10EA9000256400696E76616C696420656E64706FD0
:10EAA000696E7420636F6E66696775726174696FF1
:10EAB0006E00696E76616C696420656E64706F6962
:10EAC0006E7420696E6465782F6164647265737317
:10EAD000004550206D6178207061636B6574207310
:10EAE000697A65206D757374206265206120706F8E
:10EAF000776572206F662032005354414C4C20756C
:10EB00006E737570706F72746564206F6E204953F8
:10EB10004F20656E64706F696E7400456E64706F2F
:10EB2000696E7420307825303278206973206E6FDA
:10EB30007420656E61626C6564006E5246205553A8
:10EB40004244207772697465206572726F723A2050
:10EB5000256400010002037573625F6E72667800BF
:10EB60000001010101016E72665F757362645F638B
:10EB70006F6D6D6F6E00636C6F636B40343030305F
:10EB800030303030006866636C6B006C66636C6BB1
:10EB900000636C6F636B5F636F6E74726F6C007297
:10EBA000616E646F6D4034303030643030300065F9
:10EBB0006E74726F70795F62745F6863690067700A
:10EBC000696F403530303030333030006770696FF6
:10EBD0004035303030303030300025733A206E6FA1
:10EBE000204C45447320666F756E64202844542081
:10EBF0006368696C64206E6F646573206D697373FC
:10EC0000696E67290043616E6E6F7420636F6E6674
:10EC10006967757265204750494F202865727220D8
:10EC20002564290025733A204750494F20646576B2
:10EC3000696365206E6F74207265616479006C652C
:10EC4000645F6770696F0025733A2070776D206488
:10EC50006576696365206E6F742072656164790002
:10EC600070776D6C656473006C65645F70776D00C0
:10EC700000010203040506074661696C656420749F
:10EC80006F20696E697469616C697A652064657664
:10EC90006963653A20257300496E76616C6964206A
:10ECA0006368616E6E656C3A2025752E00496E634F
:10ECB0006F6D70617469626C6520706572696F64F4
:10ECC0002E005072657363616C657220666F7220EE
:10ECD000706572696F645F6379636C657320257515
:10ECE000206E6F7420666F756E642E0070776D40B5
:10ECF00034303031633030300070776D5F6E726663
:10ED000078004661696C656420746F20616C6C6F7B
:10ED10006361746520505049204368616E6E656C74
:10ED200000756172744034303030323030300075EC
:10ED30006172745F6E7266785F75617274650000EF
:10ED40000000000001010000000000002030303011
:10ED500030303030303030303030300001000001A1
:10ED60000000005465726D696E616C000000000067
:10ED70000000545452205245474745530048616CA7
:10ED800074696E672073797374656D00556E6B6E70
:10ED90006F776E206572726F72003E3E3E205A455C
:10EDA0005048595220464154414C204552524F52EE
:10EDB0002025643A202573206F6E2043505520256E
:10EDC00064004661756C7420647572696E672069B1
:10EDD0006E746572727570742068616E646C696EB1
:10EDE000670A0043757272656E742074687265619B
:10EDF000643A20257020282573290043505520654A
:10EE00007863657074696F6E00556E68616E646CCE
:10EE1000656420696E7465727275707400537461F4
:10EE2000636B206F766572666C6F77004B65726EF0
:10EE3000656C206F6F7073004B65726E656C20702F
:10EE4000616E6963006D61696E006F730073797341
:10EE5000776F726B71002A2A2A20426F6F74696E75
:10EE600067205A6570687972204F53206275696C0B
:10EE7000642076342E312E302D7263322D39382DA8
:10EE800067616632663439376164306538202A2A12
:04EE90002A0A00004A
:10EE9C000000000000000000000000000000000066
:10EEAC000000000000000000000000000000000056
:10EEBC000000000000000000000000000000000046
:10EECC000000000000000000000000000000000036
:10EEDC000000000000000000000000000000000026
:10EEEC000000000000000000000000000000000016
:10EEFC000000000000000000000000000000000006
:10EF0C0000000000000000000000000000000000F5
:10EF1C00000000000000000000000000BC0D0020FC
:10EF2C009C0D002000C20100000008000000000041
:10EF3C0000000000000000000000000000000000C5
:10EF4C0000000000000000000000000000000000B5
:10EF5C0000000000000000000000000000000000A5
:10EF6C000000000000000000000000000000000095
:10EF7C000000000000000000000000000000000085
:10EF8C000000000000000000000000000000000075
:10EF9C000000000000000000000000000000000065
:10EFAC000000000000000000000000000000000055
:10EFBC000000000000000000000000000000000045
:10EFCC000000000000000000000000000000000035
:10EFDC000000000000000000000000000000000025
:10EFEC000000000000000000000000000000000015
:10EFFC000000000000000000000000000000000005
:10F00C00000000000000000011A300000000000040
:10F01C0000000000000000000000000000000000E4
:10F02C0000000000000000000000000000000000D4
:10F03C0000000000000000000000000000000000C4
:10F04C0000000000000000000000000000000000B4
:10F05C0000000000000000000000000000000000A4
:10F06C000000000000000000000000000000000094
:10F07C000000000000000000000000000000000084
:10F08C000000000000000000000000000000000074
:10F09C000000000000000000000000000000000064
:10F0AC00000000000000000000000000B4A50200F9
:10F0BC001F00000000000000FFFFFFFFFF1F00000B
:10F0CC000000000000000000F0060020F006002008
:10F0DC00F8060020F806002000070020000700209A
:10F0EC000807002008070020100700201007002048
:10F0FC0018070020180700202007002020070020F8
:10F10C0028070020280700203007002030070020A7
:10F11C003807002038070020400700204007002057
:10F12C004807002048070020500700205007002007
:10F13C0058070020580700206007002060070020B7
:10F14C006807002068070020700700207007002067
:10F15C007807002078070020800700208007002017
:10F16C0088070020880700209007002090070020C7
:10F17C009807002098070020A0070020A007002077
:10F18C00A8070020A8070020B0070020B007002027
:10F19C00B8070020B8070020C0070020C0070020D7
:10F1AC00C8070020C8070020D0070020D007002087
:10F1BC00D8070020D8070020E0070020E007002037
:10F1CC00E8070020E8070020F0070020F0070020E7
:10F1DC00F8070020F8070020000800200008002095
:10F1EC000808002008080020100800201008002043
:10F1FC0018080020180800202008002020080020F3
:10F20C0028080020280800203008002030080020A2
:10F21C003808002038080020400800204008002052
:10F22C004808002048080020500800205008002002
:10F23C0058080020580800206008002060080020B2
:10F24C006808002068080020700800207008002062
:10F25C007808002078080020800800208008002012
:10F26C0088080020880800209008002090080020C2
:10F27C009808002098080020A0080020A008002072
:10F28C00A8080020A8080020B0080020B008002022
:10F29C00B8080020B8080020C0080020C0080020D2
:10F2AC00C8080020C8080020D0080020D008002082
:10F2BC00D8080020D8080020E0080020E008002032
:10F2CC00E8080020E8080020F0080020F0080020E2
:10F2DC00F8080020F8080020000900200009002090
:10F2EC00080900200809002010090020100900203E
:10F2FC0018090020180900202009002020090020EE
:10F30C00280900202809002030090020300900209D
:10F31C00380900203809002040090020400900204D
:10F32C0048090020480900205009002050090020FD
:10F33C0058090020580900206009002060090020AD
:10F34C00680900206809002070090020700900205D
:10F35C00780900207809002080090020800900200D
:10F36C0088090020880900209009002090090020BD
:10F37C009809002098090020A0090020A00900206D
:10F38C00A8090020A8090020B0090020B00900201D
:10F39C00B8090020B8090020C0090020C0090020CD
:10F3AC00C8090020C8090020D0090020D00900207D
:10F3BC00D8090020D8090020E0090020E00900202D
:10F3CC00E8090020E8090020F0090020F0090020DD
:10F3DC00F8090020F8090020000A0020000A00208B
:10F3EC00080A0020080A0020100A0020100A002039
:10F3FC00180A0020180A0020200A0020200A0020E9
:10F40C00280A0020280A0020300A0020300A002098
:10F41C00380A0020380A0020400A0020400A002048
:10F42C00480A0020480A0020500A0020500A0020F8
:10F43C00580A0020580A0020600A0020600A0020A8
:10F44C00680A0020680A0020700A0020700A002058
:10F45C00780A0020780A0020800A0020800A002008
:10F46C00880A0020880A0020900A0020900A0020B8
:10F47C00980A0020980A0020A00A0020A00A002068
:10F48C00A80A0020A80A0020B00A0020B00A002018
:10F49C00B80A0020B80A0020C00A0020C00A0020C8
:10F4AC00C80A0020C80A0020D00A0020D00A002078
:10F4BC00D80A0020D80A0020E00A0020E00A002028
:10F4CC00E80A0020E80A002000000000500C002090
:10F4DC00B80C0020200D00200000000000000000EF
:10F4EC000000000000000000000000000000000010
:10F4FC000000000000000000000000000000000000
:10F50C0000000000000000000000000000000000EF
:10F51C0000000000000000000000000000000000DF
:10F52C0000000000000000000000000000000000CF
:10F53C0000000000000000000000000000000000BF
:10F54C0000000000000000000000000000000000AF
:10F55C00000000000000000000000000000000009F
:10F56C00000000000000000000000000000000008F
:10F57C0001000000000000000E33CDAB34126DE62C
:10F58C00ECDE05000B000000000000000000000095
:10F59C00000000000000000000000000000000005F
:10F5AC00000000000000000000000000000000004F
:10F5BC00000000000000000000000000000000003F
:10F5CC00000000000000000000000000000000002F
:10F5DC00000000000000000000000000000000001F
:10F5EC00000000000000000000000000000000000F
:10F5FC0000000000000000000000000000000000FF
:10F60C0000000000000000000000000000000000EE
:10F61C0000000000000000000000000000000000DE
:10F62C0000000000000000000000000000000000CE
:10F63C0000000000000000000000000000000000BE
:10F64C0000000000000000000000000000000000AE
:10F65C00000000000000000000000000000000009E
:10F66C00000000000000000000000000000000008E
:10F67C00000000000000000000000000000000007E
:10F68C00000000000000000000000000000000006E
:10F69C00000000000000000000000000000000005E
:10F6AC00000000000000000000000000000000004E
:10F6BC00000000000000000000000000000000003E
:10F6CC00000000000000000000000000000000002E
:10F6DC00000000000000000000000000000000001E
:10F6EC00000000000000000000000000000000000E
:10F6FC0000000000000000000000000000000000FE
:10F70C0000000000000000000000000000000000ED
:10F71C0000000000000000000000000000000000DD
:10F72C0000000000000000000000000000000000CD
:10F73C0000000000000000000000000000000000BD
:10F74C0000000000000000000000000000000000AD
:10F75C00000000000000000050A50200976A0200A3
:10F76C003F740200C0AC02000000000098A500200D
:10F77C00000000000000000000000000000000007D
:10F78C0000000000000000000004000098A9002008
:10F79C00000000000000000000000000000000005D
:10F7AC00000000000000000000040000357E000096
:10F7BC00800000002D790000000000002D79000071
:10F7CC00800000005B7A02005F7A020000000000FB
:10F7DC009F7F0200000000000000000000000000FD
:10F7EC00B5920000000000000000000000000000C6
:10F7FC0089BF0000000000000000000000000000B5
:10F80C00ADB8000000000000000000003C0E00201D
:10F81C003C0E0020000000000000000011CB000096
:10F82C00BDDA000000000000000000000000000035
:10F83C0041D20000298C0200558B020005CB000040
:10F84C00000000005CC70200000020000000000067
:10F85C00000000000000000000000000178F0200F4
:10F86C000000000070C70200000002007CC702000C
:10F87C000000020088C70200000002000000000027
:10F88C00502D0020000000000515010000000000B4
:10F89C00582D002000000000B10501000000000000
:10F8AC00602D0020000000008D9101000000000080
:10F8BC00682D002000000000ED0101000000000098
:10F8CC005036002000000000D19D01000000000017
:10F8DC0068360020000000008D910100000000003F
:10F8EC007036002000000000512E010000000000C6
:10F8FC00F03600200000000099A601000000000076
:10F90C001437002000000000D53901000000000071
:10F91C001C370020000000008D9101000000000049
:10F92C0024370020000000006D3B010000000000A7
:10F93C002C37002000000000914501000000000061
:10F94C005038002000000000A0380020000000000B
:10F95C00803A002000000000303B00200000000036
:10F96C000DB0010000000000503B00200000000022
:10F97C008D8E0100000000007C3B00200000000088
:10F98C008D91010000000000503C002000000000A0
:10F99C008D910100000000009C3F00200000000041
:10F9AC00F5F2000000000000943F00200000000071
:10F9BC00F5F20000000000008C3F00200000000069
:10F9CC006DEF000000000000843F002000000000EC
:10F9DC00F5F20000000000007C3F00200000000059
:10F9EC006DEF000000000000743F002000000000DC
:10F9FC00F5F20000341000200000000000000000B0
:10FA0C000000000000000000000000005251002027
:10FA1C0020000000000000000000000000000000BA
:10FA2C0000000000000000000000000000000000CA
:10FA3C0000000000000000000000000000000000BA
:10FA4C0000000000000000000000000000000000AA
:10FA5C00000000000000000000000000000000009A
:10FA6C00000000000000000000000000000000008A
:10FA7C00000000000000000000000000000000007A
:10FA8C00000000000000000008000000FF00000063
:10FA9C000000000003000000000000003FC00F0049
:10FAAC00D0100020D0100020FFFFFFFF000002004C
:10FABC00F80A0020430000000000000000000000D5
:10FACC00000000000000000000000000000000002A
:10FADC0000000000430000000000000000000000D7
:10FAEC00000000000000000000000000000000000A
:10FAFC0000000000430000000000000000000000B7
:10FB0C0000000000000000000000000000000000E9
:10FB1C000000000043000000000000000000000096
:10FB2C0000000000000000000000000000000000C9
:10FB3C000000000043000000000000000000000076
:10FB4C0000000000000000000000000000000000A9
:10FB5C000000000043000000000000000000000056
:10FB6C000000000000000000000000000000000089
:10FB7C000000000043000000000000000000000036
:10FB8C000000000000000000000000000000000069
:10FB9C0000000000095D0200814B02000000000023
:10FBAC00A0C4020030C7020098B0020098B0020056
:10FBBC0098B0020098B0020098B0020098B0020011
:10FBCC0098B0020098B0020098B00200FFFFFFFF4F
:10FBDC00FFFFFFFFFFFFFFFFFFFF0000010041538E
:10FBEC004349490000000000000000000000000034
:10FBFC000000000000000000000000000000415365
:10FC0C004349490000000000000000000000000013
:10FC1C0000000000000000000000000000000000D8
:10FC2C0000000000000000000000000000000000C8
:06FC3C00000000000000C2
:10FC440000000000000000000000000000000000B0
:10FC540000000000000000000000000000000000A0
:10FC64000000000000000000000000000000000090
:10FC74000000000000000000000000000000000080
:04FC8400000000007C
:10FC8800AC120020AC120020BCA200200000000032
:10FC9800010000002C00000000000000C812002035
:10FCA800C812002000980020000000000100000099
:10FCB800B000000000000000E4120020E412002060
:10FCC80018A300200000000020000000140000001D
:10FCD800000000000013002000130020E8A200200C
:10FCE80000000000030000001000000000000000F9
:10FCF8001C1300201C13002000000000000000005E
:10FD08000E00000030130020301300200000000017
:10FD1800000000000E0000004413002044130020DF
:0CFD280000000000000000000E000000C1
:10FD34005813002058130020040000000A0000009B
:10FD4400F098002018990020F0980020F0980020E6
:10FD5400000000007C1300207C1300200000000041
:10FD64008813002088130020040000000A0000000B
:10FD74001899002040990020189900201899002013
:10FD840000000000AC130020AC13002000000000B1
:10FD9400B8130020B813002008000000050000007C
:10FDA400B0980020D8980020B0980020B098002087
:10FDB40000000000DC130020DC1300200000000021
:10FDC400E8130020E8130020010000000A000000EE
:10FDD400D8980020E2980020D8980020D8980020D5
:10FDE400000000000C1400200C140020000000008F
:10FDF4001814002018140020010000000A0000005C
:10FE0400E4980020EE980020E4980020E498002074
:10FE1400000000003C1400203C14002000000000FE
:10FE240048140020481400200100000001000000D4
:10FE3400581400205814002060140020601400207E
:10FE44000000000001000000701400207014002065
:10FE5400781400207814002000000000FFFFFFFF4A
:10FE6400881400208814002090140020901400208E
:10FE74000000000001000000A0140020A0140020D5
:10FE84000000000000000000B0140020B0140020A6
:10FE9400B8140020B8140020000000000000000086
:10FEA400C8140020C8140020D0140020D01400204E
:10FEB4000000000000000000E0140020E014002016
:10FEC400E8140020E81400200300030010000000E0
:10FED4000000000058AE020064A1002000000000F1
:10FEE400000000000C1500200C1500201415002043
:10FEF40014150020030003001000000031D100009D
:10FF040000AF020044A20020000000000000000036
:10FF14003815002038150020401500204015002019
:10FF24000300030001000000000000003CAD0200DB
:10FF3400A09E0020000000000000000064150020C6
:10FF4400641500206C1500206C15002001000100D0
:10FF54001000000029B8000048AE0200DCA0002018
:10FF64000000000000000000901500209015002003
:10FF740098150020981500200200020001000000DE
:10FF84000000000014AE0200A4A000200000000045
:10FF940000000000BC150020BC150020C415002082
:10FFA400C41500200C000C00060000004D8F00005A
:10FFB4002CAD0200949C0020000000000000000012
:10FFC400E8150020E8150020F0150020F0150020A9
:10FFD4000100010001000000000000004CAD02001F
:04FFE400F89F002062
:10FFE80012010002EF020140E32F010001040102A7
:08FFF8000301090200000001F1
:020000023000CC
:1000000000E032080B0002020200000904000001B7
:10001000020200000524001001052401020104244D
:10002000020205240600010705800310000A0904E6
:100030000100020A000000070580024000000705D9
:100040000002400000040309040E035A45504859B9
:10005000520000000000002C035A6570687972207D
:100060004344432041434D2073616D706C65000033
:100070000000000000000000000000000000000080
:1000800000000022033031323334353637383941FD
:10009000424344454600000000000000000000000C
:0700A0000000000000000059
:1000A800000000002F160020D77702005D7F0000B7
:1000B800597E00000000000000000000030000005E
:0400C800DC0D00202B
:0400CC0015E015E046
:04000003000085C9AB
:00000001FF
